plan_name,window_hours,timing,chain,pre_shock_mean_R,collapsed,recovery_days,final_R,path
phi=1.00,71,profile,0,23.65,False,5,27.0,"[0.7, 7.0, 31.0, 15.0, 39.0, 29.0, 44.0, 28.0, 16.0, 6.0, 35.0, 18.0, 14.0, 21.0, 26.0, 26.0, 27.0, 56.0, 43.0, 23.0, 17.0, 21.0, 29.0, 18.0, 20.0, 9.0, 5.0, 16.0, 29.0, 20.0, 15.0, 255.0, 218.0, 176.0, 133.0, 78.0, 35.0, 25.0, 17.0, 17.0, 34.0, 31.0, 24.0, 38.0, 31.0, 37.0, 44.0, 33.0, 12.0, 16.0, 19.0, 34.0, 31.0, 23.0, 7.0, 9.0, 18.0, 14.0, 28.0, 28.0, 40.0, 10.0, 14.0, 19.0, 29.0, 45.0, 31.0, 24.0, 23.0, 21.0, 43.0, 24.0, 30.0, 38.0, 20.0, 13.0, 14.0, 18.0, 41.0, 33.0, 24.0, 16.0, 6.0, 6.0, 18.0, 16.0, 8.0, 48.0, 28.0, 10.0, 27.0]"
phi=1.00,71,profile,1,18.85,False,8,20.0,"[0.7, 6.0, 4.0, 19.0, 14.0, 41.0, 32.0, 26.0, 32.0, 17.0, 23.0, 6.0, 22.0, 34.0, 30.0, 16.0, 10.0, 41.0, 19.0, 25.0, 15.0, 27.0, 4.0, 13.0, 25.0, 17.0, 13.0, 9.0, 7.0, 21.0, 38.0, 278.0, 216.0, 211.0, 157.0, 108.0, 94.0, 87.0, 69.0, 41.0, 47.0, 22.0, 44.0, 21.0, 36.0, 43.0, 24.0, 31.0, 8.0, 23.0, 32.0, 33.0, 25.0, 11.0, 4.0, 21.0, 16.0, 15.0, 16.0, 28.0, 19.0, 26.0, 38.0, 23.0, 14.0, 17.0, 34.0, 21.0, 26.0, 13.0, 14.0, 14.0, 17.0, 50.0, 41.0, 29.0, 13.0, 30.0, 19.0, 6.0, 15.0, 15.0, 10.0, 11.0, 15.0, 52.0, 27.0, 26.0, 35.0, 44.0, 20.0]"
phi=1.00,71,profile,2,18.55,False,5,22.0,"[0.7, 11.0, 17.0, 18.0, 17.0, 24.0, 18.0, 11.0, 20.0, 24.0, 10.0, 18.0, 23.0, 15.0, 16.0, 13.0, 27.0, 18.0, 36.0, 12.0, 14.0, 17.0, 10.0, 22.0, 24.0, 29.0, 10.0, 24.0, 10.0, 23.0, 21.0, 261.0, 227.0, 171.0, 125.0, 56.0, 40.0, 11.0, 42.0, 24.0, 15.0, 8.0, 8.0, 3.0, 14.0, 12.0, 19.0, 21.0, 26.0, 43.0, 22.0, 35.0, 25.0, 37.0, 55.0, 56.0, 62.0, 38.0, 47.0, 21.0, 41.0, 21.0, 28.0, 17.0, 26.0, 4.0, 4.0, 5.0, 32.0, 16.0, 18.0, 8.0, 30.0, 51.0, 43.0, 47.0, 44.0, 19.0, 16.0, 31.0, 32.0, 28.0, 26.0, 18.0, 33.0, 32.0, 24.0, 48.0, 20.0, 35.0, 22.0]"
phi=1.00,71,profile,3,25.7,False,3,25.0,"[0.7, 11.0, 22.0, 10.0, 6.0, 22.0, 33.0, 37.0, 39.0, 28.0, 34.0, 16.0, 23.0, 38.0, 39.0, 41.0, 12.0, 12.0, 16.0, 24.0, 53.0, 28.0, 32.0, 38.0, 16.0, 14.0, 28.0, 18.0, 16.0, 16.0, 28.0, 268.0, 167.0, 73.0, 61.0, 34.0, 28.0, 17.0, 18.0, 31.0, 19.0, 23.0, 17.0, 12.0, 18.0, 45.0, 37.0, 42.0, 40.0, 27.0, 16.0, 19.0, 11.0, 28.0, 41.0, 31.0, 20.0, 27.0, 9.0, 16.0, 23.0, 33.0, 28.0, 27.0, 31.0, 13.0, 6.0, 27.0, 26.0, 17.0, 13.0, 10.0, 31.0, 15.0, 19.0, 43.0, 43.0, 28.0, 18.0, 37.0, 30.0, 11.0, 30.0, 34.0, 20.0, 21.0, 37.0, 42.0, 35.0, 17.0, 25.0]"
phi=1.00,71,profile,4,16.3,False,4,9.0,"[0.7, 7.0, 30.0, 21.0, 5.0, 12.0, 18.0, 28.0, 3.0, 11.0, 18.0, 13.0, 25.0, 8.0, 16.0, 22.0, 8.0, 23.0, 16.0, 14.0, 17.0, 24.0, 38.0, 24.0, 25.0, 9.0, 11.0, 10.0, 0.0, 5.0, 9.0, 249.0, 215.0, 113.0, 54.0, 54.0, 22.0, 4.0, 24.0, 13.0, 34.0, 15.0, 33.0, 19.0, 29.0, 28.0, 31.0, 29.0, 6.0, 21.0, 9.0, 22.0, 15.0, 17.0, 26.0, 16.0, 17.0, 35.0, 26.0, 15.0, 15.0, 4.0, 9.0, 14.0, 14.0, 26.0, 23.0, 24.0, 18.0, 31.0, 12.0, 20.0, 26.0, 47.0, 23.0, 15.0, 19.0, 20.0, 9.0, 15.0, 12.0, 10.0, 11.0, 21.0, 17.0, 21.0, 30.0, 13.0, 15.0, 15.0, 9.0]"
phi=1.00,71,profile,5,25.1,False,4,40.0,"[0.7, 2.0, 15.0, 12.0, 14.0, 28.0, 5.0, 2.0, 17.0, 13.0, 7.0, 26.0, 19.0, 23.0, 37.0, 19.0, 12.0, 28.0, 20.0, 31.0, 35.0, 13.0, 16.0, 28.0, 20.0, 22.0, 27.0, 27.0, 42.0, 50.0, 54.0, 294.0, 264.0, 127.0, 72.0, 37.0, 51.0, 25.0, 45.0, 54.0, 36.0, 46.0, 47.0, 58.0, 29.0, 10.0, 32.0, 10.0, 37.0, 17.0, 19.0, 21.0, 16.0, 31.0, 20.0, 41.0, 16.0, 15.0, 25.0, 12.0, 7.0, 41.0, 39.0, 19.0, 22.0, 12.0, 5.0, 26.0, 16.0, 36.0, 29.0, 25.0, 21.0, 13.0, 11.0, 16.0, 17.0, 24.0, 21.0, 42.0, 32.0, 26.0, 23.0, 55.0, 53.0, 41.0, 52.0, 74.0, 37.0, 59.0, 40.0]"
phi=1.00,71,profile,6,19.0,False,4,20.0,"[0.7, 23.0, 24.0, 28.0, 18.0, 40.0, 15.0, 14.0, 21.0, 18.0, 15.0, 16.0, 14.0, 25.0, 15.0, 16.0, 12.0, 13.0, 61.0, 42.0, 27.0, 20.0, 12.0, 21.0, 24.0, 18.0, 7.0, 4.0, 14.0, 4.0, 16.0, 256.0, 184.0, 103.0, 76.0, 46.0, 33.0, 30.0, 24.0, 23.0, 9.0, 18.0, 19.0, 15.0, 11.0, 32.0, 22.0, 20.0, 33.0, 26.0, 23.0, 24.0, 18.0, 20.0, 23.0, 26.0, 20.0, 39.0, 38.0, 30.0, 18.0, 20.0, 14.0, 31.0, 23.0, 35.0, 33.0, 15.0, 11.0, 9.0, 31.0, 16.0, 15.0, 15.0, 23.0, 20.0, 4.0, 7.0, 15.0, 13.0, 18.0, 14.0, 18.0, 29.0, 13.0, 16.0, 13.0, 13.0, 21.0, 26.0, 20.0]"
phi=1.00,71,profile,7,32.45,False,5,19.0,"[0.7, 11.0, 36.0, 16.0, 6.0, 14.0, 12.0, 9.0, 16.0, 16.0, 9.0, 31.0, 35.0, 62.0, 61.0, 43.0, 56.0, 39.0, 45.0, 46.0, 33.0, 31.0, 19.0, 13.0, 18.0, 9.0, 28.0, 28.0, 12.0, 31.0, 22.0, 262.0, 219.0, 173.0, 128.0, 96.0, 76.0, 44.0, 41.0, 35.0, 17.0, 15.0, 8.0, 15.0, 28.0, 60.0, 83.0, 52.0, 24.0, 47.0, 47.0, 33.0, 23.0, 23.0, 12.0, 10.0, 13.0, 19.0, 16.0, 10.0, 7.0, 5.0, 18.0, 20.0, 15.0, 16.0, 16.0, 41.0, 22.0, 16.0, 39.0, 40.0, 34.0, 18.0, 19.0, 31.0, 28.0, 13.0, 28.0, 44.0, 24.0, 28.0, 16.0, 7.0, 13.0, 8.0, 17.0, 14.0, 9.0, 14.0, 19.0]"
phi=1.00,71,profile,8,25.45,False,5,24.0,"[0.7, 7.0, 6.0, 18.0, 43.0, 26.0, 10.0, 17.0, 10.0, 19.0, 5.0, 5.0, 10.0, 27.0, 11.0, 14.0, 29.0, 38.0, 44.0, 27.0, 37.0, 28.0, 17.0, 33.0, 39.0, 34.0, 28.0, 27.0, 14.0, 42.0, 26.0, 266.0, 193.0, 159.0, 121.0, 97.0, 52.0, 37.0, 17.0, 12.0, 34.0, 22.0, 27.0, 12.0, 34.0, 54.0, 13.0, 15.0, 26.0, 20.0, 11.0, 15.0, 6.0, 26.0, 34.0, 13.0, 6.0, 14.0, 21.0, 9.0, 30.0, 18.0, 25.0, 15.0, 27.0, 16.0, 10.0, 20.0, 28.0, 20.0, 19.0, 22.0, 10.0, 27.0, 28.0, 22.0, 26.0, 33.0, 20.0, 7.0, 29.0, 41.0, 36.0, 27.0, 29.0, 19.0, 12.0, 34.0, 26.0, 26.0, 24.0]"
phi=1.00,71,profile,9,23.9,False,6,20.0,"[0.7, 2.0, 20.0, 24.0, 18.0, 5.0, 18.0, 18.0, 19.0, 25.0, 29.0, 25.0, 15.0, 14.0, 31.0, 25.0, 15.0, 29.0, 7.0, 16.0, 21.0, 33.0, 33.0, 32.0, 27.0, 35.0, 24.0, 22.0, 23.0, 22.0, 26.0, 266.0, 233.0, 197.0, 154.0, 87.0, 55.0, 84.0, 45.0, 34.0, 31.0, 38.0, 43.0, 41.0, 30.0, 29.0, 12.0, 21.0, 38.0, 22.0, 22.0, 13.0, 13.0, 19.0, 20.0, 21.0, 17.0, 4.0, 14.0, 13.0, 42.0, 21.0, 34.0, 31.0, 33.0, 20.0, 3.0, 10.0, 7.0, 14.0, 19.0, 18.0, 8.0, 30.0, 14.0, 7.0, 10.0, 17.0, 16.0, 18.0, 31.0, 8.0, 18.0, 32.0, 18.0, 6.0, 8.0, 10.0, 21.0, 33.0, 20.0]"
phi=1.00,71,profile,10,32.15,False,5,49.0,"[0.7, 23.0, 20.0, 7.0, 4.0, 9.0, 33.0, 33.0, 49.0, 41.0, 27.0, 55.0, 66.0, 60.0, 35.0, 23.0, 32.0, 47.0, 29.0, 28.0, 33.0, 26.0, 33.0, 23.0, 30.0, 19.0, 25.0, 18.0, 22.0, 12.0, 15.0, 255.0, 203.0, 143.0, 124.0, 76.0, 66.0, 41.0, 29.0, 29.0, 34.0, 19.0, 15.0, 18.0, 15.0, 6.0, 10.0, 33.0, 20.0, 12.0, 16.0, 8.0, 16.0, 17.0, 11.0, 23.0, 26.0, 24.0, 39.0, 52.0, 45.0, 59.0, 28.0, 14.0, 38.0, 22.0, 27.0, 37.0, 47.0, 27.0, 18.0, 12.0, 25.0, 22.0, 17.0, 10.0, 16.0, 11.0, 12.0, 16.0, 13.0, 15.0, 15.0, 13.0, 16.0, 21.0, 15.0, 16.0, 26.0, 13.0, 49.0]"
phi=1.00,71,profile,11,18.5,False,5,15.0,"[0.7, 10.0, 14.0, 22.0, 20.0, 14.0, 27.0, 28.0, 26.0, 35.0, 14.0, 19.0, 15.0, 8.0, 18.0, 21.0, 27.0, 9.0, 6.0, 26.0, 19.0, 26.0, 17.0, 13.0, 28.0, 29.0, 9.0, 23.0, 28.0, 15.0, 2.0, 242.0, 193.0, 143.0, 91.0, 66.0, 66.0, 41.0, 27.0, 28.0, 19.0, 7.0, 20.0, 13.0, 14.0, 42.0, 28.0, 11.0, 11.0, 40.0, 37.0, 39.0, 25.0, 16.0, 21.0, 48.0, 24.0, 17.0, 63.0, 27.0, 46.0, 42.0, 26.0, 24.0, 30.0, 7.0, 9.0, 14.0, 14.0, 18.0, 21.0, 26.0, 46.0, 40.0, 21.0, 32.0, 28.0, 28.0, 29.0, 15.0, 22.0, 20.0, 38.0, 13.0, 11.0, 28.0, 14.0, 31.0, 36.0, 25.0, 15.0]"
phi=1.00,71,profile,12,15.6,False,4,14.0,"[0.7, 6.0, 15.0, 14.0, 17.0, 26.0, 21.0, 24.0, 34.0, 22.0, 7.0, 11.0, 12.0, 23.0, 7.0, 2.0, 9.0, 9.0, 12.0, 23.0, 13.0, 6.0, 15.0, 24.0, 15.0, 23.0, 15.0, 18.0, 30.0, 38.0, 16.0, 256.0, 161.0, 117.0, 88.0, 41.0, 24.0, 15.0, 15.0, 8.0, 28.0, 33.0, 44.0, 40.0, 61.0, 55.0, 35.0, 20.0, 17.0, 7.0, 14.0, 13.0, 30.0, 25.0, 16.0, 11.0, 7.0, 16.0, 25.0, 23.0, 18.0, 10.0, 23.0, 8.0, 23.0, 15.0, 42.0, 28.0, 19.0, 23.0, 21.0, 7.0, 12.0, 11.0, 22.0, 27.0, 7.0, 14.0, 32.0, 16.0, 27.0, 25.0, 26.0, 29.0, 23.0, 29.0, 11.0, 20.0, 16.0, 15.0, 14.0]"
phi=1.00,71,profile,13,23.0,False,6,13.0,"[0.7, 14.0, 11.0, 7.0, 17.0, 11.0, 22.0, 22.0, 19.0, 17.0, 32.0, 48.0, 20.0, 12.0, 17.0, 41.0, 17.0, 24.0, 22.0, 18.0, 11.0, 18.0, 21.0, 30.0, 26.0, 21.0, 26.0, 32.0, 13.0, 11.0, 24.0, 264.0, 226.0, 225.0, 179.0, 136.0, 59.0, 82.0, 26.0, 15.0, 19.0, 44.0, 33.0, 48.0, 16.0, 28.0, 22.0, 30.0, 30.0, 20.0, 12.0, 26.0, 23.0, 20.0, 27.0, 36.0, 31.0, 41.0, 16.0, 32.0, 23.0, 38.0, 31.0, 32.0, 29.0, 27.0, 41.0, 40.0, 29.0, 21.0, 39.0, 49.0, 29.0, 6.0, 34.0, 41.0, 79.0, 48.0, 29.0, 66.0, 29.0, 6.0, 17.0, 15.0, 13.0, 15.0, 1.0, 9.0, 14.0, 22.0, 13.0]"
phi=1.00,71,profile,14,18.0,False,4,5.0,"[0.7, 12.0, 25.0, 12.0, 22.0, 25.0, 25.0, 27.0, 11.0, 18.0, 16.0, 11.0, 16.0, 12.0, 16.0, 23.0, 21.0, 18.0, 9.0, 21.0, 14.0, 24.0, 18.0, 23.0, 22.0, 22.0, 16.0, 25.0, 8.0, 25.0, 15.0, 255.0, 162.0, 145.0, 101.0, 50.0, 22.0, 11.0, 7.0, 7.0, 24.0, 36.0, 26.0, 9.0, 31.0, 14.0, 30.0, 25.0, 40.0, 33.0, 55.0, 29.0, 24.0, 25.0, 14.0, 9.0, 16.0, 21.0, 23.0, 22.0, 9.0, 45.0, 36.0, 18.0, 21.0, 27.0, 28.0, 29.0, 18.0, 16.0, 4.0, 16.0, 17.0, 28.0, 11.0, 12.0, 18.0, 8.0, 16.0, 30.0, 24.0, 8.0, 15.0, 34.0, 24.0, 16.0, 10.0, 32.0, 24.0, 10.0, 5.0]"
phi=1.00,71,profile,15,20.8,False,7,33.0,"[0.7, 7.0, 8.0, 19.0, 14.0, 28.0, 17.0, 6.0, 13.0, 16.0, 14.0, 5.0, 11.0, 37.0, 34.0, 19.0, 21.0, 15.0, 11.0, 6.0, 12.0, 36.0, 29.0, 17.0, 27.0, 24.0, 26.0, 26.0, 37.0, 9.0, 7.0, 247.0, 183.0, 216.0, 161.0, 127.0, 110.0, 63.0, 33.0, 37.0, 33.0, 21.0, 37.0, 29.0, 8.0, 21.0, 26.0, 21.0, 26.0, 21.0, 14.0, 10.0, 23.0, 24.0, 42.0, 51.0, 24.0, 25.0, 24.0, 14.0, 35.0, 25.0, 22.0, 45.0, 50.0, 45.0, 45.0, 23.0, 24.0, 10.0, 16.0, 19.0, 20.0, 18.0, 25.0, 41.0, 18.0, 12.0, 24.0, 27.0, 17.0, 13.0, 10.0, 28.0, 33.0, 40.0, 22.0, 31.0, 35.0, 28.0, 33.0]"
phi=1.00,71,profile,16,15.1,False,6,16.0,"[0.7, 3.0, 21.0, 30.0, 23.0, 25.0, 6.0, 15.0, 25.0, 21.0, 15.0, 33.0, 24.0, 11.0, 17.0, 20.0, 3.0, 0.0, 11.0, 11.0, 25.0, 16.0, 14.0, 17.0, 12.0, 17.0, 10.0, 12.0, 14.0, 20.0, 7.0, 247.0, 180.0, 142.0, 88.0, 84.0, 68.0, 46.0, 30.0, 12.0, 21.0, 34.0, 46.0, 37.0, 46.0, 35.0, 25.0, 24.0, 23.0, 20.0, 17.0, 14.0, 10.0, 17.0, 22.0, 43.0, 30.0, 20.0, 9.0, 13.0, 24.0, 13.0, 2.0, 13.0, 24.0, 17.0, 12.0, 13.0, 32.0, 19.0, 24.0, 41.0, 28.0, 23.0, 19.0, 16.0, 35.0, 28.0, 23.0, 17.0, 16.0, 13.0, 26.0, 55.0, 16.0, 16.0, 13.0, 41.0, 27.0, 11.0, 16.0]"
phi=1.00,71,profile,17,27.45,False,4,10.0,"[0.7, 16.0, 29.0, 33.0, 35.0, 53.0, 47.0, 17.0, 43.0, 35.0, 23.0, 24.0, 16.0, 34.0, 29.0, 24.0, 39.0, 48.0, 43.0, 11.0, 37.0, 36.0, 16.0, 27.0, 24.0, 18.0, 23.0, 32.0, 27.0, 18.0, 14.0, 254.0, 245.0, 219.0, 99.0, 42.0, 41.0, 38.0, 34.0, 17.0, 20.0, 22.0, 26.0, 28.0, 21.0, 8.0, 11.0, 14.0, 20.0, 22.0, 13.0, 11.0, 10.0, 15.0, 8.0, 4.0, 11.0, 12.0, 14.0, 24.0, 40.0, 33.0, 29.0, 35.0, 37.0, 18.0, 12.0, 3.0, 15.0, 23.0, 26.0, 29.0, 25.0, 37.0, 29.0, 29.0, 12.0, 8.0, 26.0, 20.0, 19.0, 41.0, 14.0, 29.0, 15.0, 18.0, 13.0, 40.0, 32.0, 26.0, 10.0]"
phi=1.00,71,profile,18,20.55,False,6,6.0,"[0.7, 21.0, 16.0, 15.0, 24.0, 14.0, 26.0, 8.0, 13.0, 17.0, 16.0, 25.0, 18.0, 24.0, 6.0, 17.0, 17.0, 29.0, 38.0, 27.0, 38.0, 24.0, 6.0, 22.0, 20.0, 21.0, 12.0, 17.0, 19.0, 15.0, 26.0, 266.0, 236.0, 180.0, 144.0, 121.0, 102.0, 58.0, 39.0, 15.0, 22.0, 28.0, 13.0, 10.0, 17.0, 44.0, 22.0, 17.0, 32.0, 34.0, 25.0, 26.0, 9.0, 12.0, 19.0, 39.0, 30.0, 34.0, 24.0, 35.0, 32.0, 9.0, 8.0, 20.0, 30.0, 34.0, 8.0, 15.0, 17.0, 25.0, 17.0, 16.0, 22.0, 20.0, 44.0, 24.0, 20.0, 21.0, 29.0, 21.0, 10.0, 24.0, 22.0, 28.0, 35.0, 33.0, 25.0, 7.0, 10.0, 20.0, 6.0]"
phi=1.00,71,profile,19,18.6,False,4,10.0,"[0.7, 10.0, 10.0, 21.0, 18.0, 17.0, 29.0, 39.0, 50.0, 33.0, 29.0, 36.0, 20.0, 6.0, 18.0, 20.0, 26.0, 29.0, 25.0, 18.0, 7.0, 10.0, 19.0, 11.0, 15.0, 17.0, 23.0, 20.0, 11.0, 12.0, 12.0, 252.0, 227.0, 164.0, 117.0, 61.0, 24.0, 27.0, 11.0, 15.0, 18.0, 12.0, 27.0, 47.0, 24.0, 26.0, 28.0, 33.0, 30.0, 27.0, 11.0, 25.0, 17.0, 14.0, 6.0, 43.0, 20.0, 18.0, 16.0, 7.0, 24.0, 20.0, 16.0, 11.0, 21.0, 33.0, 16.0, 9.0, 42.0, 34.0, 33.0, 20.0, 31.0, 18.0, 21.0, 45.0, 27.0, 13.0, 3.0, 12.0, 12.0, 15.0, 23.0, 26.0, 18.0, 22.0, 13.0, 28.0, 10.0, 7.0, 10.0]"
phi=1.00,71,opening,0,79.95,False,50,79.0,"[0.9, 7.0, 31.0, 22.0, 42.0, 36.0, 61.0, 65.0, 63.0, 33.0, 38.0, 42.0, 42.0, 36.0, 39.0, 48.0, 55.0, 86.0, 107.0, 90.0, 97.0, 118.0, 130.0, 95.0, 107.0, 95.0, 88.0, 97.0, 98.0, 91.0, 75.0, 315.0, 319.0, 313.0, 307.0, 282.0, 242.0, 229.0, 242.0, 234.0, 238.0, 226.0, 190.0, 193.0, 186.0, 182.0, 182.0, 174.0, 158.0, 161.0, 152.0, 184.0, 198.0, 174.0, 156.0, 132.0, 127.0, 119.0, 139.0, 151.0, 172.0, 154.0, 135.0, 166.0, 194.0, 224.0, 228.0, 206.0, 214.0, 202.0, 212.0, 191.0, 199.0, 178.0, 162.0, 162.0, 159.0, 160.0, 157.0, 159.0, 148.0, 134.0, 93.0, 78.0, 83.0, 79.0, 62.0, 91.0, 96.0, 71.0, 79.0]"
phi=1.00,71,opening,1,48.4,False,52,39.0,"[0.9, 8.0, 5.0, 19.0, 26.0, 39.0, 29.0, 32.0, 41.0, 44.0, 40.0, 29.0, 37.0, 41.0, 47.0, 42.0, 30.0, 56.0, 58.0, 66.0, 62.0, 62.0, 43.0, 53.0, 63.0, 49.0, 62.0, 57.0, 38.0, 33.0, 50.0, 290.0, 295.0, 316.0, 292.0, 263.0, 259.0, 283.0, 295.0, 300.0, 290.0, 306.0, 324.0, 315.0, 328.0, 339.0, 312.0, 308.0, 281.0, 275.0, 283.0, 267.0, 290.0, 288.0, 247.0, 259.0, 247.0, 282.0, 258.0, 261.0, 238.0, 258.0, 282.0, 267.0, 255.0, 253.0, 249.0, 224.0, 230.0, 229.0, 208.0, 216.0, 190.0, 181.0, 189.0, 203.0, 168.0, 159.0, 145.0, 117.0, 117.0, 98.0, 75.0, 71.0, 70.0, 69.0, 60.0, 65.0, 52.0, 63.0, 39.0]"
phi=1.00,71,opening,2,49.85,False,36,160.0,"[0.9, 13.0, 17.0, 19.0, 18.0, 19.0, 22.0, 13.0, 29.0, 42.0, 27.0, 30.0, 36.0, 29.0, 35.0, 20.0, 37.0, 32.0, 58.0, 49.0, 63.0, 53.0, 58.0, 66.0, 66.0, 74.0, 74.0, 70.0, 49.0, 71.0, 61.0, 301.0, 300.0, 303.0, 304.0, 262.0, 234.0, 219.0, 227.0, 238.0, 198.0, 198.0, 201.0, 153.0, 166.0, 125.0, 136.0, 156.0, 175.0, 176.0, 150.0, 152.0, 128.0, 98.0, 120.0, 134.0, 142.0, 117.0, 122.0, 96.0, 110.0, 103.0, 121.0, 111.0, 118.0, 97.0, 79.0, 64.0, 79.0, 76.0, 72.0, 53.0, 73.0, 101.0, 130.0, 135.0, 137.0, 124.0, 110.0, 94.0, 106.0, 112.0, 122.0, 111.0, 124.0, 126.0, 109.0, 134.0, 126.0, 135.0, 160.0]"
phi=1.00,71,opening,3,89.85,False,30,154.0,"[0.9, 10.0, 18.0, 13.0, 10.0, 24.0, 37.0, 61.0, 63.0, 44.0, 64.0, 49.0, 71.0, 75.0, 73.0, 83.0, 75.0, 94.0, 95.0, 104.0, 118.0, 118.0, 124.0, 138.0, 97.0, 75.0, 89.0, 90.0, 83.0, 82.0, 73.0, 313.0, 245.0, 215.0, 252.0, 250.0, 240.0, 225.0, 227.0, 255.0, 228.0, 221.0, 214.0, 173.0, 176.0, 203.0, 198.0, 186.0, 208.0, 183.0, 141.0, 124.0, 106.0, 131.0, 169.0, 172.0, 172.0, 168.0, 115.0, 115.0, 129.0, 132.0, 115.0, 113.0, 111.0, 83.0, 69.0, 68.0, 80.0, 95.0, 77.0, 85.0, 106.0, 84.0, 83.0, 108.0, 124.0, 131.0, 138.0, 133.0, 142.0, 123.0, 138.0, 149.0, 132.0, 116.0, 128.0, 139.0, 170.0, 133.0, 154.0]"
phi=1.00,71,opening,4,43.15,False,45,58.0,"[0.9, 9.0, 40.0, 39.0, 34.0, 32.0, 43.0, 47.0, 43.0, 53.0, 62.0, 38.0, 34.0, 26.0, 31.0, 40.0, 36.0, 38.0, 23.0, 28.0, 26.0, 53.0, 65.0, 57.0, 64.0, 58.0, 58.0, 51.0, 38.0, 37.0, 40.0, 280.0, 314.0, 285.0, 227.0, 218.0, 201.0, 189.0, 196.0, 177.0, 183.0, 180.0, 197.0, 170.0, 173.0, 189.0, 204.0, 200.0, 182.0, 176.0, 149.0, 153.0, 140.0, 137.0, 126.0, 119.0, 116.0, 138.0, 120.0, 101.0, 104.0, 87.0, 67.0, 78.0, 60.0, 67.0, 62.0, 61.0, 76.0, 68.0, 78.0, 85.0, 62.0, 78.0, 79.0, 67.0, 83.0, 95.0, 66.0, 49.0, 55.0, 48.0, 51.0, 67.0, 81.0, 90.0, 90.0, 68.0, 59.0, 53.0, 58.0]"
phi=1.00,71,opening,5,37.3,False,,257.0,"[0.9, 2.0, 13.0, 9.0, 10.0, 24.0, 10.0, 6.0, 17.0, 23.0, 18.0, 32.0, 34.0, 46.0, 63.0, 45.0, 50.0, 50.0, 39.0, 52.0, 56.0, 49.0, 43.0, 26.0, 17.0, 15.0, 18.0, 19.0, 30.0, 44.0, 57.0, 297.0, 294.0, 245.0, 242.0, 253.0, 267.0, 265.0, 253.0, 256.0, 255.0, 274.0, 255.0, 271.0, 259.0, 228.0, 236.0, 220.0, 220.0, 220.0, 218.0, 227.0, 186.0, 190.0, 197.0, 196.0, 180.0, 180.0, 196.0, 199.0, 182.0, 197.0, 216.0, 194.0, 194.0, 155.0, 131.0, 128.0, 114.0, 131.0, 118.0, 109.0, 93.0, 71.0, 58.0, 51.0, 88.0, 85.0, 100.0, 122.0, 99.0, 100.0, 100.0, 135.0, 161.0, 164.0, 187.0, 249.0, 246.0, 256.0, 257.0]"
phi=1.00,71,opening,6,65.45,False,42,60.0,"[0.9, 23.0, 35.0, 42.0, 40.0, 75.0, 78.0, 58.0, 68.0, 67.0, 56.0, 54.0, 57.0, 60.0, 48.0, 49.0, 56.0, 51.0, 71.0, 81.0, 97.0, 117.0, 108.0, 87.0, 80.0, 78.0, 56.0, 36.0, 36.0, 31.0, 33.0, 273.0, 246.0, 246.0, 212.0, 217.0, 226.0, 246.0, 215.0, 219.0, 192.0, 178.0, 192.0, 191.0, 185.0, 194.0, 202.0, 199.0, 204.0, 215.0, 194.0, 196.0, 199.0, 179.0, 187.0, 210.0, 199.0, 198.0, 194.0, 194.0, 182.0, 188.0, 168.0, 190.0, 190.0, 216.0, 191.0, 169.0, 141.0, 119.0, 107.0, 113.0, 102.0, 88.0, 102.0, 107.0, 81.0, 54.0, 63.0, 42.0, 42.0, 36.0, 36.0, 32.0, 35.0, 34.0, 54.0, 40.0, 44.0, 63.0, 60.0]"
phi=1.00,71,opening,7,49.15,False,,109.0,"[0.9, 13.0, 40.0, 32.0, 16.0, 21.0, 22.0, 15.0, 15.0, 16.0, 11.0, 26.0, 30.0, 38.0, 45.0, 46.0, 52.0, 41.0, 63.0, 87.0, 77.0, 64.0, 53.0, 50.0, 53.0, 48.0, 44.0, 44.0, 51.0, 60.0, 50.0, 290.0, 275.0, 263.0, 264.0, 258.0, 245.0, 256.0, 234.0, 217.0, 226.0, 230.0, 194.0, 197.0, 205.0, 234.0, 269.0, 264.0, 284.0, 323.0, 273.0, 288.0, 300.0, 269.0, 232.0, 214.0, 226.0, 245.0, 232.0, 207.0, 186.0, 216.0, 215.0, 231.0, 233.0, 215.0, 187.0, 209.0, 193.0, 198.0, 204.0, 193.0, 199.0, 183.0, 195.0, 177.0, 173.0, 159.0, 170.0, 184.0, 164.0, 195.0, 199.0, 176.0, 173.0, 144.0, 148.0, 138.0, 116.0, 107.0, 109.0]"
phi=1.00,71,opening,8,76.55,False,34,102.0,"[0.9, 10.0, 8.0, 19.0, 38.0, 40.0, 36.0, 38.0, 31.0, 31.0, 24.0, 14.0, 12.0, 30.0, 29.0, 22.0, 40.0, 61.0, 98.0, 92.0, 103.0, 89.0, 82.0, 103.0, 120.0, 118.0, 118.0, 127.0, 115.0, 134.0, 158.0, 398.0, 397.0, 389.0, 400.0, 382.0, 362.0, 353.0, 330.0, 317.0, 311.0, 281.0, 268.0, 240.0, 230.0, 236.0, 208.0, 183.0, 210.0, 204.0, 185.0, 165.0, 127.0, 158.0, 178.0, 146.0, 143.0, 144.0, 168.0, 156.0, 186.0, 163.0, 128.0, 109.0, 123.0, 103.0, 101.0, 111.0, 95.0, 76.0, 84.0, 70.0, 61.0, 68.0, 81.0, 87.0, 86.0, 119.0, 125.0, 110.0, 129.0, 148.0, 127.0, 123.0, 111.0, 101.0, 89.0, 108.0, 92.0, 104.0, 102.0]"
phi=1.00,71,opening,9,62.25,False,,118.0,"[0.9, 3.0, 21.0, 21.0, 12.0, 14.0, 27.0, 25.0, 22.0, 22.0, 38.0, 55.0, 61.0, 55.0, 63.0, 62.0, 68.0, 76.0, 60.0, 60.0, 56.0, 55.0, 66.0, 59.0, 47.0, 66.0, 68.0, 57.0, 87.0, 86.0, 79.0, 319.0, 338.0, 345.0, 313.0, 319.0, 307.0, 302.0, 283.0, 273.0, 292.0, 298.0, 297.0, 304.0, 290.0, 275.0, 257.0, 265.0, 279.0, 279.0, 291.0, 282.0, 306.0, 304.0, 336.0, 356.0, 319.0, 294.0, 310.0, 292.0, 303.0, 312.0, 321.0, 332.0, 345.0, 318.0, 268.0, 270.0, 264.0, 235.0, 233.0, 246.0, 231.0, 203.0, 184.0, 168.0, 145.0, 146.0, 150.0, 165.0, 170.0, 143.0, 135.0, 144.0, 153.0, 143.0, 140.0, 143.0, 145.0, 152.0, 118.0]"
phi=1.00,71,opening,10,138.65,False,25,208.0,"[0.9, 24.0, 25.0, 22.0, 25.0, 15.0, 48.0, 57.0, 62.0, 86.0, 63.0, 87.0, 121.0, 132.0, 125.0, 140.0, 139.0, 157.0, 150.0, 152.0, 164.0, 155.0, 142.0, 158.0, 154.0, 164.0, 149.0, 138.0, 155.0, 128.0, 121.0, 361.0, 366.0, 375.0, 379.0, 358.0, 398.0, 399.0, 402.0, 443.0, 492.0, 446.0, 401.0, 376.0, 359.0, 322.0, 310.0, 323.0, 310.0, 287.0, 264.0, 242.0, 249.0, 240.0, 221.0, 188.0, 149.0, 148.0, 168.0, 182.0, 143.0, 154.0, 144.0, 131.0, 157.0, 146.0, 147.0, 145.0, 161.0, 177.0, 186.0, 176.0, 158.0, 157.0, 144.0, 140.0, 147.0, 155.0, 149.0, 178.0, 180.0, 180.0, 159.0, 133.0, 128.0, 151.0, 186.0, 193.0, 195.0, 180.0, 208.0]"
phi=1.00,71,opening,11,57.95,False,36,25.0,"[0.9, 10.0, 24.0, 39.0, 35.0, 30.0, 58.0, 61.0, 68.0, 85.0, 68.0, 65.0, 65.0, 39.0, 50.0, 52.0, 50.0, 42.0, 23.0, 62.0, 52.0, 57.0, 51.0, 63.0, 51.0, 68.0, 64.0, 78.0, 84.0, 75.0, 58.0, 298.0, 333.0, 314.0, 273.0, 267.0, 277.0, 301.0, 263.0, 309.0, 263.0, 240.0, 230.0, 216.0, 251.0, 288.0, 247.0, 209.0, 200.0, 209.0, 197.0, 200.0, 180.0, 142.0, 153.0, 176.0, 163.0, 152.0, 162.0, 142.0, 151.0, 139.0, 125.0, 132.0, 138.0, 152.0, 91.0, 94.0, 80.0, 80.0, 67.0, 49.0, 60.0, 72.0, 63.0, 68.0, 89.0, 73.0, 88.0, 69.0, 72.0, 50.0, 70.0, 43.0, 33.0, 38.0, 29.0, 39.0, 46.0, 41.0, 25.0]"
phi=1.00,71,opening,12,47.0,False,,93.0,"[0.9, 7.0, 17.0, 19.0, 22.0, 28.0, 28.0, 46.0, 49.0, 49.0, 40.0, 31.0, 35.0, 42.0, 37.0, 31.0, 47.0, 26.0, 32.0, 52.0, 42.0, 31.0, 36.0, 54.0, 45.0, 57.0, 61.0, 71.0, 87.0, 83.0, 58.0, 298.0, 268.0, 238.0, 248.0, 242.0, 238.0, 239.0, 243.0, 217.0, 271.0, 284.0, 292.0, 279.0, 316.0, 302.0, 289.0, 280.0, 269.0, 219.0, 207.0, 230.0, 206.0, 193.0, 181.0, 159.0, 138.0, 129.0, 145.0, 132.0, 137.0, 117.0, 120.0, 96.0, 107.0, 82.0, 94.0, 92.0, 106.0, 103.0, 108.0, 71.0, 85.0, 94.0, 126.0, 114.0, 111.0, 100.0, 125.0, 115.0, 100.0, 98.0, 91.0, 129.0, 125.0, 121.0, 113.0, 117.0, 120.0, 105.0, 93.0]"
phi=1.00,71,opening,13,64.55,False,,159.0,"[0.9, 14.0, 18.0, 12.0, 17.0, 13.0, 25.0, 30.0, 29.0, 37.0, 42.0, 70.0, 71.0, 64.0, 68.0, 84.0, 62.0, 63.0, 44.0, 53.0, 38.0, 41.0, 39.0, 54.0, 59.0, 60.0, 78.0, 88.0, 101.0, 112.0, 132.0, 372.0, 369.0, 383.0, 377.0, 339.0, 310.0, 362.0, 325.0, 317.0, 282.0, 306.0, 325.0, 349.0, 325.0, 322.0, 290.0, 278.0, 275.0, 248.0, 261.0, 299.0, 277.0, 247.0, 251.0, 246.0, 221.0, 213.0, 175.0, 192.0, 203.0, 254.0, 269.0, 272.0, 266.0, 267.0, 309.0, 304.0, 283.0, 275.0, 263.0, 281.0, 282.0, 263.0, 288.0, 277.0, 279.0, 300.0, 237.0, 261.0, 246.0, 259.0, 238.0, 196.0, 209.0, 201.0, 172.0, 156.0, 174.0, 164.0, 159.0]"
phi=1.00,71,opening,14,33.6,False,37,5.0,"[0.9, 11.0, 27.0, 25.0, 36.0, 51.0, 61.0, 66.0, 41.0, 48.0, 43.0, 25.0, 23.0, 16.0, 27.0, 35.0, 32.0, 28.0, 13.0, 26.0, 30.0, 35.0, 45.0, 41.0, 48.0, 44.0, 51.0, 53.0, 26.0, 31.0, 26.0, 266.0, 257.0, 266.0, 252.0, 205.0, 174.0, 183.0, 149.0, 135.0, 136.0, 145.0, 134.0, 126.0, 137.0, 132.0, 169.0, 147.0, 139.0, 154.0, 162.0, 150.0, 143.0, 134.0, 123.0, 96.0, 95.0, 74.0, 88.0, 96.0, 84.0, 102.0, 102.0, 92.0, 86.0, 94.0, 86.0, 74.0, 49.0, 61.0, 37.0, 53.0, 50.0, 79.0, 76.0, 71.0, 88.0, 73.0, 79.0, 79.0, 86.0, 63.0, 54.0, 65.0, 72.0, 73.0, 58.0, 68.0, 54.0, 33.0, 5.0]"
phi=1.00,71,opening,15,31.85,False,,189.0,"[0.9, 8.0, 13.0, 20.0, 20.0, 29.0, 29.0, 19.0, 28.0, 29.0, 31.0, 10.0, 22.0, 27.0, 25.0, 14.0, 13.0, 20.0, 17.0, 8.0, 13.0, 38.0, 49.0, 38.0, 33.0, 36.0, 58.0, 61.0, 73.0, 51.0, 50.0, 290.0, 262.0, 287.0, 275.0, 291.0, 299.0, 246.0, 230.0, 250.0, 269.0, 275.0, 302.0, 318.0, 302.0, 299.0, 305.0, 301.0, 301.0, 302.0, 282.0, 242.0, 276.0, 273.0, 297.0, 277.0, 279.0, 276.0, 269.0, 249.0, 230.0, 250.0, 225.0, 244.0, 283.0, 309.0, 316.0, 323.0, 318.0, 286.0, 278.0, 274.0, 248.0, 251.0, 244.0, 276.0, 270.0, 269.0, 245.0, 213.0, 210.0, 192.0, 169.0, 193.0, 191.0, 185.0, 197.0, 207.0, 218.0, 185.0, 189.0]"
phi=1.00,71,opening,16,45.8,False,,101.0,"[0.9, 5.0, 16.0, 39.0, 43.0, 54.0, 43.0, 48.0, 59.0, 68.0, 70.0, 77.0, 80.0, 74.0, 60.0, 71.0, 50.0, 34.0, 33.0, 29.0, 48.0, 47.0, 36.0, 55.0, 33.0, 23.0, 14.0, 22.0, 25.0, 35.0, 36.0, 276.0, 266.0, 253.0, 240.0, 293.0, 297.0, 272.0, 267.0, 241.0, 241.0, 225.0, 262.0, 220.0, 213.0, 219.0, 240.0, 242.0, 268.0, 275.0, 255.0, 266.0, 250.0, 261.0, 243.0, 242.0, 218.0, 192.0, 172.0, 157.0, 159.0, 120.0, 91.0, 96.0, 109.0, 72.0, 68.0, 65.0, 76.0, 74.0, 84.0, 97.0, 97.0, 85.0, 88.0, 98.0, 108.0, 103.0, 107.0, 113.0, 101.0, 84.0, 90.0, 127.0, 99.0, 102.0, 88.0, 96.0, 102.0, 85.0, 101.0]"
phi=1.00,71,opening,17,62.45,False,,213.0,"[0.9, 16.0, 28.0, 20.0, 24.0, 54.0, 60.0, 46.0, 79.0, 75.0, 64.0, 32.0, 23.0, 29.0, 28.0, 30.0, 54.0, 67.0, 84.0, 50.0, 81.0, 91.0, 72.0, 95.0, 78.0, 70.0, 73.0, 61.0, 86.0, 81.0, 77.0, 317.0, 324.0, 324.0, 264.0, 219.0, 255.0, 264.0, 250.0, 247.0, 282.0, 273.0, 245.0, 258.0, 262.0, 259.0, 232.0, 225.0, 210.0, 200.0, 202.0, 192.0, 154.0, 152.0, 143.0, 132.0, 139.0, 133.0, 108.0, 104.0, 128.0, 145.0, 131.0, 147.0, 120.0, 121.0, 114.0, 91.0, 93.0, 121.0, 122.0, 120.0, 137.0, 144.0, 150.0, 167.0, 162.0, 188.0, 179.0, 164.0, 177.0, 182.0, 151.0, 158.0, 179.0, 194.0, 190.0, 184.0, 205.0, 231.0, 213.0]"
phi=1.00,71,opening,18,53.45,False,46,28.0,"[0.9, 23.0, 19.0, 17.0, 22.0, 18.0, 28.0, 15.0, 20.0, 36.0, 57.0, 49.0, 45.0, 40.0, 23.0, 34.0, 20.0, 27.0, 41.0, 37.0, 51.0, 60.0, 40.0, 65.0, 68.0, 98.0, 87.0, 70.0, 79.0, 78.0, 73.0, 313.0, 337.0, 296.0, 307.0, 287.0, 282.0, 255.0, 242.0, 230.0, 228.0, 233.0, 234.0, 233.0, 198.0, 208.0, 192.0, 184.0, 196.0, 191.0, 191.0, 191.0, 177.0, 171.0, 146.0, 140.0, 120.0, 127.0, 129.0, 129.0, 116.0, 107.0, 98.0, 114.0, 116.0, 113.0, 109.0, 135.0, 102.0, 106.0, 83.0, 77.0, 76.0, 79.0, 99.0, 106.0, 91.0, 70.0, 84.0, 81.0, 57.0, 63.0, 52.0, 51.0, 55.0, 49.0, 52.0, 28.0, 27.0, 30.0, 28.0]"
phi=1.00,71,opening,19,78.15,False,48,31.0,"[0.9, 11.0, 4.0, 18.0, 25.0, 30.0, 49.0, 57.0, 69.0, 72.0, 92.0, 108.0, 101.0, 87.0, 90.0, 86.0, 101.0, 105.0, 126.0, 125.0, 91.0, 78.0, 74.0, 59.0, 48.0, 34.0, 39.0, 40.0, 42.0, 37.0, 33.0, 273.0, 295.0, 282.0, 275.0, 247.0, 233.0, 217.0, 201.0, 206.0, 183.0, 167.0, 173.0, 187.0, 167.0, 190.0, 187.0, 196.0, 187.0, 180.0, 144.0, 137.0, 136.0, 135.0, 110.0, 138.0, 121.0, 128.0, 116.0, 131.0, 149.0, 127.0, 132.0, 134.0, 169.0, 188.0, 152.0, 107.0, 135.0, 149.0, 165.0, 141.0, 150.0, 126.0, 124.0, 142.0, 149.0, 138.0, 115.0, 109.0, 93.0, 78.0, 95.0, 116.0, 95.0, 100.0, 78.0, 86.0, 58.0, 52.0, 31.0]"
phi=0.95,69,profile,0,31.45,False,5,26.0,"[2.9, 6.0, 31.0, 18.0, 50.0, 39.0, 59.0, 50.0, 42.0, 14.0, 42.0, 22.0, 19.0, 25.0, 29.0, 33.0, 38.0, 60.0, 67.0, 39.0, 20.0, 28.0, 37.0, 28.0, 36.0, 19.0, 16.0, 15.0, 30.0, 26.0, 21.0, 261.0, 232.0, 216.0, 158.0, 120.0, 50.0, 29.0, 22.0, 22.0, 46.0, 44.0, 35.0, 48.0, 43.0, 48.0, 53.0, 41.0, 18.0, 20.0, 23.0, 43.0, 42.0, 34.0, 19.0, 12.0, 24.0, 23.0, 34.0, 40.0, 54.0, 18.0, 24.0, 43.0, 39.0, 57.0, 37.0, 32.0, 35.0, 27.0, 57.0, 33.0, 37.0, 43.0, 26.0, 18.0, 22.0, 25.0, 56.0, 39.0, 30.0, 27.0, 8.0, 13.0, 23.0, 22.0, 14.0, 54.0, 36.0, 17.0, 26.0]"
phi=0.95,69,profile,1,23.85,False,13,32.0,"[2.9, 9.0, 4.0, 23.0, 19.0, 47.0, 43.0, 39.0, 46.0, 26.0, 31.0, 12.0, 29.0, 39.0, 34.0, 23.0, 12.0, 48.0, 22.0, 28.0, 17.0, 31.0, 13.0, 16.0, 36.0, 20.0, 9.0, 9.0, 13.0, 35.0, 56.0, 296.0, 239.0, 229.0, 181.0, 134.0, 95.0, 97.0, 82.0, 59.0, 69.0, 50.0, 76.0, 59.0, 59.0, 61.0, 34.0, 46.0, 18.0, 34.0, 50.0, 50.0, 42.0, 17.0, 6.0, 28.0, 21.0, 22.0, 21.0, 37.0, 32.0, 41.0, 49.0, 35.0, 20.0, 24.0, 38.0, 30.0, 35.0, 17.0, 18.0, 21.0, 31.0, 59.0, 52.0, 46.0, 21.0, 32.0, 23.0, 9.0, 23.0, 18.0, 11.0, 14.0, 22.0, 61.0, 36.0, 26.0, 42.0, 56.0, 32.0]"
phi=0.95,69,profile,2,24.95,False,5,32.0,"[2.9, 17.0, 19.0, 26.0, 21.0, 24.0, 21.0, 14.0, 28.0, 28.0, 15.0, 28.0, 37.0, 27.0, 22.0, 16.0, 32.0, 21.0, 45.0, 23.0, 18.0, 19.0, 18.0, 27.0, 25.0, 34.0, 23.0, 27.0, 14.0, 28.0, 26.0, 266.0, 235.0, 184.0, 146.0, 80.0, 49.0, 20.0, 49.0, 38.0, 31.0, 29.0, 31.0, 6.0, 16.0, 16.0, 24.0, 28.0, 31.0, 52.0, 26.0, 41.0, 31.0, 44.0, 61.0, 67.0, 76.0, 52.0, 64.0, 25.0, 52.0, 37.0, 39.0, 31.0, 27.0, 5.0, 6.0, 13.0, 40.0, 17.0, 17.0, 11.0, 32.0, 61.0, 52.0, 59.0, 54.0, 26.0, 27.0, 45.0, 51.0, 53.0, 47.0, 26.0, 43.0, 42.0, 32.0, 58.0, 30.0, 40.0, 32.0]"
phi=0.95,69,profile,3,35.85,False,3,30.0,"[2.9, 13.0, 25.0, 18.0, 18.0, 40.0, 45.0, 53.0, 52.0, 41.0, 49.0, 22.0, 22.0, 38.0, 44.0, 52.0, 19.0, 21.0, 18.0, 27.0, 76.0, 51.0, 64.0, 64.0, 27.0, 21.0, 28.0, 22.0, 24.0, 28.0, 43.0, 283.0, 175.0, 94.0, 87.0, 61.0, 51.0, 32.0, 29.0, 46.0, 40.0, 39.0, 35.0, 17.0, 18.0, 47.0, 41.0, 48.0, 51.0, 42.0, 29.0, 26.0, 22.0, 35.0, 58.0, 50.0, 32.0, 46.0, 21.0, 27.0, 31.0, 44.0, 41.0, 37.0, 45.0, 18.0, 12.0, 33.0, 37.0, 30.0, 16.0, 12.0, 39.0, 22.0, 25.0, 53.0, 64.0, 59.0, 40.0, 43.0, 44.0, 21.0, 37.0, 44.0, 32.0, 33.0, 52.0, 51.0, 38.0, 26.0, 30.0]"
phi=0.95,69,profile,4,24.65,False,4,19.0,"[2.9, 9.0, 42.0, 29.0, 17.0, 15.0, 21.0, 34.0, 8.0, 17.0, 28.0, 17.0, 22.0, 14.0, 31.0, 42.0, 16.0, 35.0, 24.0, 23.0, 31.0, 35.0, 45.0, 28.0, 33.0, 25.0, 17.0, 16.0, 4.0, 7.0, 15.0, 255.0, 227.0, 127.0, 75.0, 84.0, 32.0, 13.0, 35.0, 18.0, 39.0, 27.0, 39.0, 25.0, 39.0, 47.0, 48.0, 38.0, 11.0, 21.0, 14.0, 32.0, 34.0, 42.0, 37.0, 26.0, 21.0, 41.0, 33.0, 19.0, 23.0, 9.0, 12.0, 20.0, 24.0, 42.0, 30.0, 33.0, 35.0, 43.0, 31.0, 27.0, 37.0, 66.0, 36.0, 23.0, 35.0, 36.0, 22.0, 32.0, 33.0, 29.0, 27.0, 38.0, 28.0, 25.0, 43.0, 14.0, 19.0, 18.0, 19.0]"
phi=0.95,69,profile,5,30.85,False,10,64.0,"[2.9, 3.0, 17.0, 12.0, 15.0, 32.0, 9.0, 5.0, 18.0, 18.0, 6.0, 25.0, 23.0, 26.0, 38.0, 24.0, 18.0, 38.0, 31.0, 36.0, 46.0, 17.0, 24.0, 35.0, 27.0, 28.0, 33.0, 43.0, 41.0, 58.0, 60.0, 300.0, 283.0, 156.0, 118.0, 98.0, 119.0, 71.0, 75.0, 76.0, 59.0, 52.0, 55.0, 69.0, 52.0, 22.0, 41.0, 13.0, 52.0, 25.0, 26.0, 35.0, 20.0, 41.0, 35.0, 54.0, 27.0, 26.0, 36.0, 27.0, 17.0, 49.0, 56.0, 33.0, 38.0, 28.0, 15.0, 24.0, 19.0, 45.0, 38.0, 36.0, 34.0, 24.0, 14.0, 22.0, 27.0, 37.0, 35.0, 64.0, 49.0, 42.0, 37.0, 72.0, 76.0, 70.0, 93.0, 112.0, 62.0, 81.0, 64.0]"
phi=0.95,69,profile,6,22.65,False,5,24.0,"[2.9, 26.0, 32.0, 36.0, 24.0, 53.0, 29.0, 23.0, 36.0, 20.0, 16.0, 18.0, 17.0, 25.0, 17.0, 17.0, 14.0, 14.0, 69.0, 43.0, 35.0, 33.0, 24.0, 28.0, 28.0, 20.0, 7.0, 5.0, 18.0, 5.0, 19.0, 259.0, 192.0, 111.0, 91.0, 63.0, 51.0, 38.0, 42.0, 37.0, 18.0, 36.0, 28.0, 26.0, 20.0, 45.0, 32.0, 29.0, 40.0, 42.0, 31.0, 34.0, 24.0, 30.0, 36.0, 41.0, 32.0, 55.0, 66.0, 62.0, 46.0, 33.0, 22.0, 36.0, 36.0, 46.0, 47.0, 27.0, 23.0, 16.0, 36.0, 21.0, 18.0, 20.0, 30.0, 25.0, 11.0, 12.0, 19.0, 18.0, 23.0, 20.0, 23.0, 37.0, 23.0, 24.0, 19.0, 19.0, 32.0, 39.0, 24.0]"
phi=0.95,69,profile,7,42.25,False,6,25.0,"[2.9, 15.0, 44.0, 24.0, 15.0, 32.0, 25.0, 15.0, 23.0, 28.0, 20.0, 39.0, 38.0, 67.0, 74.0, 56.0, 69.0, 58.0, 54.0, 60.0, 59.0, 43.0, 26.0, 15.0, 19.0, 14.0, 38.0, 37.0, 20.0, 39.0, 27.0, 267.0, 231.0, 203.0, 151.0, 127.0, 105.0, 68.0, 65.0, 48.0, 30.0, 25.0, 13.0, 25.0, 35.0, 77.0, 107.0, 87.0, 61.0, 97.0, 74.0, 58.0, 43.0, 32.0, 19.0, 16.0, 18.0, 26.0, 18.0, 11.0, 11.0, 9.0, 24.0, 31.0, 21.0, 21.0, 21.0, 47.0, 29.0, 24.0, 46.0, 45.0, 44.0, 31.0, 37.0, 54.0, 49.0, 22.0, 23.0, 38.0, 29.0, 33.0, 34.0, 14.0, 12.0, 8.0, 21.0, 19.0, 11.0, 19.0, 25.0]"
phi=0.95,69,profile,8,39.5,False,6,39.0,"[2.9, 14.0, 11.0, 24.0, 54.0, 38.0, 15.0, 27.0, 18.0, 28.0, 9.0, 8.0, 12.0, 32.0, 18.0, 19.0, 38.0, 51.0, 67.0, 47.0, 68.0, 45.0, 32.0, 53.0, 55.0, 54.0, 52.0, 48.0, 29.0, 53.0, 47.0, 287.0, 223.0, 200.0, 174.0, 161.0, 105.0, 96.0, 62.0, 30.0, 44.0, 33.0, 30.0, 13.0, 37.0, 60.0, 26.0, 27.0, 28.0, 30.0, 18.0, 23.0, 10.0, 30.0, 41.0, 29.0, 16.0, 23.0, 27.0, 16.0, 33.0, 23.0, 27.0, 15.0, 32.0, 18.0, 17.0, 29.0, 39.0, 34.0, 36.0, 34.0, 18.0, 37.0, 37.0, 27.0, 37.0, 46.0, 35.0, 13.0, 37.0, 53.0, 47.0, 41.0, 34.0, 28.0, 16.0, 42.0, 41.0, 38.0, 39.0]"
phi=0.95,69,profile,9,32.95,False,9,39.0,"[2.9, 5.0, 24.0, 31.0, 26.0, 10.0, 20.0, 20.0, 23.0, 29.0, 40.0, 33.0, 27.0, 23.0, 40.0, 26.0, 21.0, 39.0, 20.0, 24.0, 26.0, 34.0, 38.0, 36.0, 32.0, 39.0, 31.0, 33.0, 52.0, 45.0, 42.0, 282.0, 256.0, 233.0, 194.0, 148.0, 99.0, 109.0, 79.0, 64.0, 57.0, 56.0, 59.0, 58.0, 41.0, 35.0, 18.0, 25.0, 48.0, 25.0, 29.0, 18.0, 20.0, 21.0, 23.0, 22.0, 21.0, 10.0, 17.0, 16.0, 48.0, 28.0, 46.0, 47.0, 43.0, 25.0, 3.0, 13.0, 12.0, 18.0, 23.0, 32.0, 23.0, 42.0, 24.0, 12.0, 15.0, 26.0, 17.0, 25.0, 42.0, 13.0, 30.0, 40.0, 25.0, 11.0, 15.0, 16.0, 38.0, 55.0, 39.0]"
phi=0.95,69,profile,10,42.65,False,5,62.0,"[2.9, 24.0, 25.0, 9.0, 6.0, 10.0, 42.0, 46.0, 66.0, 53.0, 40.0, 71.0, 90.0, 81.0, 46.0, 36.0, 38.0, 51.0, 35.0, 36.0, 37.0, 37.0, 40.0, 35.0, 43.0, 32.0, 33.0, 25.0, 28.0, 19.0, 22.0, 262.0, 222.0, 169.0, 160.0, 103.0, 103.0, 57.0, 52.0, 44.0, 51.0, 26.0, 24.0, 28.0, 24.0, 8.0, 14.0, 49.0, 31.0, 19.0, 26.0, 20.0, 30.0, 29.0, 21.0, 38.0, 39.0, 40.0, 59.0, 69.0, 53.0, 64.0, 38.0, 23.0, 56.0, 38.0, 46.0, 54.0, 70.0, 45.0, 28.0, 21.0, 32.0, 28.0, 23.0, 16.0, 28.0, 17.0, 18.0, 28.0, 26.0, 30.0, 16.0, 15.0, 22.0, 35.0, 38.0, 29.0, 32.0, 17.0, 62.0]"
phi=0.95,69,profile,11,25.6,False,6,22.0,"[2.9, 15.0, 21.0, 29.0, 30.0, 20.0, 33.0, 37.0, 31.0, 51.0, 29.0, 30.0, 18.0, 11.0, 23.0, 26.0, 35.0, 24.0, 11.0, 39.0, 21.0, 31.0, 29.0, 20.0, 34.0, 30.0, 15.0, 26.0, 34.0, 26.0, 5.0, 245.0, 209.0, 171.0, 115.0, 91.0, 100.0, 57.0, 41.0, 41.0, 25.0, 14.0, 22.0, 17.0, 24.0, 54.0, 33.0, 15.0, 20.0, 51.0, 42.0, 51.0, 35.0, 21.0, 23.0, 52.0, 38.0, 26.0, 82.0, 40.0, 67.0, 58.0, 41.0, 41.0, 56.0, 45.0, 7.0, 16.0, 19.0, 25.0, 23.0, 33.0, 58.0, 59.0, 32.0, 35.0, 40.0, 38.0, 42.0, 25.0, 28.0, 29.0, 50.0, 29.0, 29.0, 30.0, 14.0, 40.0, 57.0, 37.0, 22.0]"
phi=0.95,69,profile,12,21.25,False,13,17.0,"[2.9, 13.0, 22.0, 19.0, 20.0, 28.0, 25.0, 33.0, 41.0, 30.0, 15.0, 9.0, 15.0, 26.0, 9.0, 6.0, 11.0, 15.0, 19.0, 37.0, 19.0, 8.0, 19.0, 33.0, 28.0, 33.0, 19.0, 25.0, 34.0, 45.0, 24.0, 264.0, 183.0, 138.0, 117.0, 87.0, 71.0, 56.0, 63.0, 35.0, 38.0, 49.0, 52.0, 48.0, 67.0, 64.0, 47.0, 27.0, 23.0, 14.0, 22.0, 23.0, 36.0, 34.0, 26.0, 21.0, 15.0, 23.0, 34.0, 26.0, 26.0, 15.0, 30.0, 15.0, 30.0, 21.0, 46.0, 37.0, 30.0, 26.0, 26.0, 10.0, 22.0, 17.0, 39.0, 32.0, 14.0, 21.0, 36.0, 26.0, 33.0, 30.0, 31.0, 40.0, 37.0, 41.0, 13.0, 24.0, 26.0, 21.0, 17.0]"
phi=0.95,69,profile,13,30.55,False,8,26.0,"[2.9, 18.0, 15.0, 14.0, 24.0, 16.0, 28.0, 25.0, 25.0, 28.0, 39.0, 60.0, 29.0, 19.0, 26.0, 53.0, 27.0, 33.0, 35.0, 28.0, 16.0, 28.0, 29.0, 33.0, 30.0, 28.0, 38.0, 33.0, 15.0, 12.0, 26.0, 266.0, 223.0, 225.0, 179.0, 146.0, 95.0, 132.0, 61.0, 50.0, 26.0, 51.0, 42.0, 57.0, 26.0, 35.0, 25.0, 33.0, 38.0, 38.0, 35.0, 54.0, 28.0, 20.0, 31.0, 49.0, 47.0, 65.0, 23.0, 29.0, 32.0, 54.0, 47.0, 48.0, 40.0, 46.0, 66.0, 57.0, 30.0, 29.0, 52.0, 77.0, 45.0, 13.0, 46.0, 56.0, 95.0, 63.0, 29.0, 74.0, 42.0, 17.0, 34.0, 29.0, 24.0, 25.0, 3.0, 13.0, 21.0, 32.0, 26.0]"
phi=0.95,69,profile,14,25.0,False,5,5.0,"[2.9, 14.0, 35.0, 23.0, 28.0, 37.0, 43.0, 52.0, 24.0, 28.0, 27.0, 14.0, 21.0, 18.0, 26.0, 31.0, 30.0, 26.0, 17.0, 28.0, 18.0, 30.0, 26.0, 35.0, 33.0, 29.0, 24.0, 29.0, 12.0, 26.0, 21.0, 261.0, 188.0, 189.0, 159.0, 79.0, 36.0, 23.0, 9.0, 18.0, 30.0, 43.0, 35.0, 18.0, 37.0, 21.0, 42.0, 30.0, 51.0, 31.0, 64.0, 53.0, 44.0, 44.0, 27.0, 14.0, 26.0, 32.0, 33.0, 33.0, 22.0, 55.0, 48.0, 31.0, 30.0, 33.0, 31.0, 36.0, 23.0, 19.0, 7.0, 24.0, 23.0, 35.0, 20.0, 19.0, 23.0, 19.0, 25.0, 51.0, 50.0, 16.0, 22.0, 41.0, 33.0, 25.0, 16.0, 33.0, 28.0, 14.0, 5.0]"
phi=0.95,69,profile,15,31.1,False,7,48.0,"[2.9, 9.0, 12.0, 28.0, 23.0, 31.0, 26.0, 11.0, 18.0, 19.0, 21.0, 10.0, 18.0, 53.0, 39.0, 31.0, 30.0, 24.0, 12.0, 11.0, 16.0, 40.0, 36.0, 22.0, 37.0, 33.0, 48.0, 58.0, 59.0, 24.0, 11.0, 251.0, 181.0, 221.0, 179.0, 149.0, 144.0, 75.0, 51.0, 60.0, 42.0, 27.0, 45.0, 35.0, 14.0, 22.0, 27.0, 25.0, 29.0, 25.0, 19.0, 16.0, 30.0, 34.0, 49.0, 53.0, 32.0, 30.0, 33.0, 21.0, 48.0, 38.0, 39.0, 55.0, 58.0, 64.0, 69.0, 49.0, 39.0, 14.0, 23.0, 28.0, 33.0, 31.0, 44.0, 59.0, 33.0, 23.0, 34.0, 28.0, 20.0, 16.0, 13.0, 31.0, 40.0, 60.0, 43.0, 51.0, 46.0, 34.0, 48.0]"
phi=0.95,69,profile,16,21.05,False,13,22.0,"[2.9, 7.0, 24.0, 48.0, 33.0, 36.0, 9.0, 23.0, 31.0, 31.0, 33.0, 35.0, 28.0, 15.0, 17.0, 24.0, 8.0, 0.0, 15.0, 17.0, 34.0, 22.0, 16.0, 31.0, 22.0, 20.0, 18.0, 22.0, 20.0, 24.0, 14.0, 254.0, 211.0, 189.0, 153.0, 145.0, 141.0, 121.0, 72.0, 33.0, 36.0, 49.0, 58.0, 52.0, 61.0, 46.0, 35.0, 38.0, 36.0, 30.0, 27.0, 23.0, 13.0, 21.0, 26.0, 51.0, 39.0, 26.0, 13.0, 20.0, 31.0, 21.0, 10.0, 25.0, 31.0, 26.0, 14.0, 29.0, 42.0, 29.0, 33.0, 51.0, 36.0, 32.0, 29.0, 22.0, 47.0, 39.0, 29.0, 20.0, 30.0, 19.0, 34.0, 58.0, 23.0, 22.0, 20.0, 53.0, 39.0, 20.0, 22.0]"
phi=0.95,69,profile,17,34.05,False,5,25.0,"[2.9, 22.0, 38.0, 33.0, 37.0, 60.0, 69.0, 33.0, 63.0, 54.0, 32.0, 32.0, 17.0, 42.0, 33.0, 29.0, 54.0, 59.0, 47.0, 12.0, 43.0, 50.0, 18.0, 29.0, 29.0, 24.0, 34.0, 37.0, 33.0, 27.0, 25.0, 265.0, 261.0, 256.0, 141.0, 86.0, 86.0, 64.0, 56.0, 34.0, 40.0, 30.0, 38.0, 35.0, 33.0, 19.0, 13.0, 21.0, 23.0, 30.0, 23.0, 15.0, 13.0, 20.0, 13.0, 6.0, 13.0, 14.0, 15.0, 28.0, 47.0, 49.0, 50.0, 47.0, 43.0, 32.0, 18.0, 9.0, 26.0, 29.0, 37.0, 41.0, 56.0, 72.0, 59.0, 44.0, 24.0, 11.0, 31.0, 23.0, 24.0, 53.0, 25.0, 41.0, 29.0, 33.0, 25.0, 46.0, 35.0, 32.0, 25.0]"
phi=0.95,69,profile,18,27.15,False,7,10.0,"[2.9, 31.0, 27.0, 25.0, 27.0, 15.0, 31.0, 13.0, 20.0, 27.0, 27.0, 28.0, 24.0, 39.0, 11.0, 23.0, 20.0, 35.0, 49.0, 37.0, 42.0, 28.0, 10.0, 29.0, 27.0, 27.0, 18.0, 15.0, 28.0, 26.0, 37.0, 277.0, 255.0, 199.0, 167.0, 142.0, 116.0, 71.0, 50.0, 30.0, 46.0, 40.0, 19.0, 12.0, 21.0, 52.0, 30.0, 30.0, 48.0, 45.0, 42.0, 37.0, 18.0, 20.0, 26.0, 44.0, 40.0, 45.0, 36.0, 47.0, 37.0, 15.0, 18.0, 28.0, 34.0, 42.0, 18.0, 18.0, 25.0, 34.0, 27.0, 27.0, 34.0, 30.0, 48.0, 35.0, 30.0, 26.0, 36.0, 29.0, 21.0, 40.0, 33.0, 39.0, 59.0, 66.0, 54.0, 13.0, 23.0, 31.0, 10.0]"
phi=0.95,69,profile,19,24.9,False,5,15.0,"[2.9, 14.0, 14.0, 33.0, 26.0, 28.0, 42.0, 54.0, 79.0, 55.0, 50.0, 47.0, 26.0, 5.0, 22.0, 27.0, 37.0, 35.0, 38.0, 31.0, 9.0, 11.0, 22.0, 11.0, 18.0, 23.0, 28.0, 23.0, 17.0, 18.0, 14.0, 254.0, 248.0, 197.0, 160.0, 89.0, 73.0, 42.0, 20.0, 24.0, 25.0, 17.0, 33.0, 54.0, 33.0, 33.0, 34.0, 45.0, 47.0, 50.0, 16.0, 23.0, 22.0, 26.0, 11.0, 57.0, 36.0, 34.0, 18.0, 11.0, 32.0, 27.0, 23.0, 20.0, 29.0, 39.0, 25.0, 12.0, 48.0, 45.0, 45.0, 23.0, 40.0, 31.0, 38.0, 57.0, 47.0, 33.0, 7.0, 15.0, 14.0, 17.0, 30.0, 31.0, 28.0, 32.0, 16.0, 32.0, 13.0, 15.0, 15.0]"
phi=0.95,69,opening,0,129.4,False,,262.0,"[3.9, 4.0, 34.0, 26.0, 45.0, 52.0, 83.0, 98.0, 104.0, 86.0, 91.0, 91.0, 79.0, 61.0, 88.0, 101.0, 119.0, 143.0, 155.0, 142.0, 155.0, 186.0, 179.0, 153.0, 156.0, 136.0, 118.0, 132.0, 148.0, 155.0, 157.0, 397.0, 408.0, 427.0, 417.0, 413.0, 374.0, 345.0, 365.0, 355.0, 371.0, 365.0, 322.0, 349.0, 314.0, 333.0, 335.0, 324.0, 321.0, 344.0, 342.0, 366.0, 354.0, 313.0, 312.0, 269.0, 297.0, 302.0, 347.0, 350.0, 373.0, 343.0, 313.0, 341.0, 372.0, 402.0, 422.0, 399.0, 410.0, 401.0, 435.0, 417.0, 440.0, 431.0, 383.0, 358.0, 339.0, 352.0, 349.0, 329.0, 330.0, 330.0, 282.0, 268.0, 269.0, 291.0, 291.0, 326.0, 309.0, 300.0, 299.0, 320.0, 318.0, 300.0, 344.0, 338.0, 297.0, 315.0, 326.0, 303.0, 309.0, 285.0, 265.0, 243.0, 263.0, 247.0, 243.0, 240.0, 258.0, 290.0, 284.0, 269.0, 279.0, 257.0, 282.0, 290.0, 264.0, 255.0, 256.0, 246.0, 262.0]"
phi=0.95,69,opening,1,82.2,False,,342.0,"[3.9, 12.0, 7.0, 25.0, 36.0, 60.0, 49.0, 53.0, 67.0, 68.0, 71.0, 56.0, 64.0, 85.0, 102.0, 87.0, 78.0, 101.0, 96.0, 89.0, 77.0, 84.0, 78.0, 84.0, 95.0, 88.0, 90.0, 81.0, 66.0, 72.0, 85.0, 325.0, 350.0, 383.0, 361.0, 329.0, 344.0, 378.0, 404.0, 411.0, 408.0, 417.0, 444.0, 437.0, 440.0, 450.0, 435.0, 456.0, 422.0, 419.0, 416.0, 435.0, 448.0, 447.0, 420.0, 440.0, 414.0, 424.0, 397.0, 402.0, 414.0, 470.0, 513.0, 482.0, 467.0, 485.0, 496.0, 438.0, 433.0, 414.0, 384.0, 394.0, 390.0, 396.0, 390.0, 410.0, 365.0, 352.0, 308.0, 291.0, 302.0, 294.0, 281.0, 277.0, 257.0, 270.0, 267.0, 304.0, 309.0, 292.0, 273.0, 273.0, 269.0, 262.0, 260.0, 253.0, 240.0, 236.0, 234.0, 221.0, 224.0, 274.0, 271.0, 281.0, 274.0, 319.0, 314.0, 322.0, 339.0, 350.0, 351.0, 325.0, 336.0, 340.0, 315.0, 282.0, 263.0, 282.0, 283.0, 317.0, 342.0]"
phi=0.95,69,opening,2,161.35,False,,247.0,"[3.9, 14.0, 23.0, 36.0, 42.0, 52.0, 66.0, 64.0, 75.0, 111.0, 94.0, 94.0, 111.0, 113.0, 138.0, 131.0, 151.0, 150.0, 163.0, 129.0, 134.0, 158.0, 184.0, 204.0, 214.0, 210.0, 224.0, 216.0, 193.0, 216.0, 227.0, 467.0, 441.0, 435.0, 429.0, 388.0, 374.0, 356.0, 371.0, 385.0, 350.0, 357.0, 356.0, 298.0, 278.0, 250.0, 270.0, 291.0, 322.0, 322.0, 300.0, 294.0, 269.0, 251.0, 252.0, 294.0, 328.0, 303.0, 328.0, 296.0, 318.0, 315.0, 340.0, 330.0, 336.0, 304.0, 283.0, 266.0, 276.0, 261.0, 248.0, 192.0, 222.0, 246.0, 260.0, 255.0, 286.0, 287.0, 282.0, 275.0, 275.0, 277.0, 287.0, 287.0, 305.0, 314.0, 297.0, 330.0, 310.0, 342.0, 381.0, 398.0, 410.0, 389.0, 373.0, 324.0, 337.0, 310.0, 289.0, 282.0, 283.0, 265.0, 303.0, 305.0, 277.0, 295.0, 302.0, 355.0, 367.0, 371.0, 423.0, 451.0, 434.0, 410.0, 400.0, 358.0, 323.0, 272.0, 281.0, 251.0, 247.0]"
phi=0.95,69,opening,3,248.3,False,,228.0,"[3.9, 11.0, 21.0, 14.0, 15.0, 28.0, 47.0, 91.0, 104.0, 82.0, 112.0, 94.0, 118.0, 149.0, 189.0, 197.0, 189.0, 233.0, 234.0, 266.0, 309.0, 328.0, 343.0, 349.0, 309.0, 322.0, 316.0, 311.0, 317.0, 281.0, 288.0, 528.0, 471.0, 422.0, 478.0, 488.0, 504.0, 502.0, 515.0, 546.0, 547.0, 552.0, 538.0, 537.0, 522.0, 540.0, 530.0, 523.0, 540.0, 540.0, 455.0, 458.0, 470.0, 464.0, 537.0, 549.0, 535.0, 535.0, 470.0, 471.0, 515.0, 496.0, 515.0, 520.0, 522.0, 502.0, 474.0, 523.0, 523.0, 505.0, 472.0, 457.0, 476.0, 423.0, 422.0, 468.0, 487.0, 483.0, 471.0, 445.0, 498.0, 457.0, 459.0, 483.0, 458.0, 451.0, 444.0, 482.0, 511.0, 492.0, 546.0, 532.0, 539.0, 547.0, 565.0, 558.0, 560.0, 601.0, 625.0, 632.0, 623.0, 593.0, 592.0, 593.0, 510.0, 494.0, 451.0, 430.0, 373.0, 363.0, 375.0, 357.0, 355.0, 281.0, 289.0, 306.0, 297.0, 277.0, 276.0, 250.0, 228.0]"
phi=0.95,69,opening,4,83.35,False,,117.0,"[3.9, 12.0, 52.0, 53.0, 45.0, 50.0, 64.0, 76.0, 62.0, 68.0, 94.0, 75.0, 82.0, 76.0, 74.0, 86.0, 65.0, 79.0, 50.0, 59.0, 62.0, 76.0, 93.0, 82.0, 98.0, 110.0, 111.0, 113.0, 93.0, 89.0, 81.0, 321.0, 362.0, 353.0, 287.0, 282.0, 256.0, 252.0, 271.0, 242.0, 251.0, 263.0, 297.0, 253.0, 255.0, 269.0, 288.0, 317.0, 294.0, 293.0, 277.0, 285.0, 269.0, 263.0, 258.0, 248.0, 229.0, 261.0, 214.0, 208.0, 225.0, 192.0, 179.0, 192.0, 183.0, 173.0, 133.0, 140.0, 151.0, 159.0, 155.0, 164.0, 146.0, 189.0, 181.0, 154.0, 164.0, 194.0, 171.0, 159.0, 168.0, 156.0, 161.0, 184.0, 206.0, 199.0, 205.0, 166.0, 172.0, 157.0, 175.0, 159.0, 175.0, 194.0, 184.0, 176.0, 156.0, 140.0, 134.0, 151.0, 137.0, 132.0, 135.0, 139.0, 148.0, 149.0, 124.0, 96.0, 99.0, 105.0, 137.0, 165.0, 188.0, 162.0, 167.0, 128.0, 128.0, 136.0, 139.0, 132.0, 117.0]"
phi=0.95,69,opening,5,75.55,False,,289.0,"[3.9, 4.0, 14.0, 14.0, 23.0, 46.0, 32.0, 31.0, 42.0, 41.0, 41.0, 59.0, 66.0, 90.0, 107.0, 73.0, 82.0, 89.0, 84.0, 97.0, 96.0, 87.0, 71.0, 68.0, 52.0, 63.0, 68.0, 73.0, 68.0, 77.0, 82.0, 322.0, 319.0, 278.0, 278.0, 300.0, 337.0, 329.0, 329.0, 340.0, 323.0, 338.0, 338.0, 364.0, 356.0, 339.0, 334.0, 314.0, 330.0, 322.0, 307.0, 320.0, 283.0, 291.0, 309.0, 328.0, 322.0, 307.0, 297.0, 297.0, 264.0, 301.0, 302.0, 285.0, 277.0, 244.0, 215.0, 244.0, 225.0, 252.0, 233.0, 218.0, 213.0, 182.0, 161.0, 186.0, 206.0, 228.0, 235.0, 246.0, 256.0, 279.0, 287.0, 352.0, 373.0, 404.0, 433.0, 467.0, 478.0, 486.0, 527.0, 552.0, 533.0, 543.0, 500.0, 475.0, 513.0, 533.0, 580.0, 554.0, 561.0, 576.0, 556.0, 571.0, 521.0, 459.0, 420.0, 423.0, 388.0, 342.0, 305.0, 270.0, 251.0, 266.0, 273.0, 262.0, 258.0, 236.0, 257.0, 298.0, 289.0]"
phi=0.95,69,opening,6,92.3,False,62,47.0,"[3.9, 24.0, 40.0, 47.0, 53.0, 95.0, 89.0, 80.0, 90.0, 88.0, 74.0, 80.0, 73.0, 79.0, 81.0, 77.0, 72.0, 63.0, 92.0, 102.0, 117.0, 129.0, 129.0, 121.0, 117.0, 109.0, 88.0, 86.0, 79.0, 78.0, 99.0, 339.0, 327.0, 377.0, 357.0, 372.0, 353.0, 392.0, 353.0, 367.0, 355.0, 321.0, 339.0, 350.0, 359.0, 363.0, 371.0, 366.0, 391.0, 401.0, 379.0, 367.0, 387.0, 383.0, 386.0, 407.0, 404.0, 401.0, 430.0, 458.0, 445.0, 446.0, 417.0, 424.0, 435.0, 426.0, 426.0, 388.0, 351.0, 322.0, 323.0, 360.0, 339.0, 300.0, 304.0, 307.0, 254.0, 229.0, 224.0, 216.0, 182.0, 173.0, 153.0, 142.0, 167.0, 162.0, 174.0, 146.0, 160.0, 184.0, 155.0, 175.0, 157.0, 121.0, 110.0, 109.0, 98.0, 75.0, 82.0, 75.0, 79.0, 65.0, 95.0, 81.0, 83.0, 69.0, 69.0, 74.0, 73.0, 69.0, 74.0, 88.0, 95.0, 101.0, 116.0, 112.0, 94.0, 92.0, 68.0, 63.0, 47.0]"
phi=0.95,69,opening,7,95.15,False,,548.0,"[3.9, 17.0, 49.0, 46.0, 35.0, 51.0, 54.0, 56.0, 61.0, 70.0, 65.0, 64.0, 67.0, 60.0, 67.0, 63.0, 68.0, 73.0, 97.0, 110.0, 108.0, 115.0, 105.0, 114.0, 111.0, 102.0, 117.0, 129.0, 137.0, 131.0, 129.0, 369.0, 379.0, 372.0, 377.0, 379.0, 372.0, 416.0, 421.0, 380.0, 398.0, 396.0, 359.0, 380.0, 347.0, 381.0, 406.0, 397.0, 439.0, 520.0, 485.0, 494.0, 531.0, 528.0, 490.0, 470.0, 492.0, 495.0, 471.0, 441.0, 436.0, 473.0, 482.0, 538.0, 553.0, 539.0, 532.0, 571.0, 556.0, 551.0, 568.0, 563.0, 592.0, 562.0, 568.0, 553.0, 569.0, 525.0, 528.0, 556.0, 521.0, 549.0, 535.0, 481.0, 478.0, 454.0, 479.0, 470.0, 489.0, 469.0, 479.0, 455.0, 471.0, 467.0, 434.0, 426.0, 414.0, 434.0, 440.0, 447.0, 461.0, 495.0, 542.0, 555.0, 518.0, 516.0, 527.0, 570.0, 573.0, 609.0, 562.0, 569.0, 583.0, 593.0, 640.0, 595.0, 562.0, 530.0, 526.0, 514.0, 548.0]"
phi=0.95,69,opening,8,131.45,False,,398.0,"[3.9, 17.0, 14.0, 29.0, 64.0, 85.0, 75.0, 77.0, 72.0, 73.0, 46.0, 48.0, 46.0, 46.0, 46.0, 53.0, 55.0, 82.0, 126.0, 131.0, 147.0, 134.0, 132.0, 174.0, 201.0, 205.0, 204.0, 227.0, 239.0, 287.0, 334.0, 574.0, 589.0, 574.0, 567.0, 580.0, 552.0, 587.0, 612.0, 630.0, 623.0, 607.0, 605.0, 606.0, 624.0, 658.0, 613.0, 566.0, 611.0, 644.0, 575.0, 537.0, 462.0, 451.0, 427.0, 402.0, 391.0, 414.0, 430.0, 433.0, 454.0, 407.0, 398.0, 379.0, 417.0, 375.0, 365.0, 383.0, 375.0, 315.0, 317.0, 326.0, 300.0, 309.0, 296.0, 309.0, 289.0, 307.0, 331.0, 314.0, 326.0, 351.0, 329.0, 349.0, 348.0, 352.0, 348.0, 354.0, 361.0, 384.0, 387.0, 424.0, 424.0, 410.0, 378.0, 356.0, 346.0, 309.0, 310.0, 294.0, 315.0, 298.0, 311.0, 376.0, 391.0, 372.0, 378.0, 382.0, 343.0, 316.0, 350.0, 355.0, 328.0, 352.0, 353.0, 329.0, 369.0, 404.0, 367.0, 394.0, 398.0]"
phi=0.95,69,opening,9,106.35,False,,184.0,"[3.9, 5.0, 25.0, 19.0, 12.0, 17.0, 29.0, 30.0, 31.0, 21.0, 43.0, 59.0, 72.0, 72.0, 80.0, 85.0, 92.0, 106.0, 100.0, 94.0, 93.0, 111.0, 118.0, 129.0, 120.0, 135.0, 155.0, 143.0, 162.0, 158.0, 168.0, 408.0, 452.0, 471.0, 444.0, 454.0, 442.0, 440.0, 414.0, 415.0, 433.0, 440.0, 453.0, 448.0, 457.0, 455.0, 430.0, 453.0, 481.0, 487.0, 464.0, 470.0, 488.0, 463.0, 498.0, 513.0, 474.0, 453.0, 459.0, 431.0, 430.0, 457.0, 479.0, 497.0, 514.0, 532.0, 510.0, 491.0, 475.0, 450.0, 473.0, 502.0, 493.0, 465.0, 449.0, 425.0, 413.0, 403.0, 414.0, 466.0, 476.0, 405.0, 408.0, 420.0, 438.0, 412.0, 392.0, 398.0, 382.0, 387.0, 342.0, 353.0, 358.0, 369.0, 367.0, 355.0, 328.0, 317.0, 368.0, 369.0, 325.0, 340.0, 338.0, 347.0, 313.0, 316.0, 317.0, 308.0, 332.0, 318.0, 334.0, 321.0, 335.0, 300.0, 291.0, 301.0, 251.0, 204.0, 208.0, 179.0, 184.0]"
phi=0.95,69,opening,10,213.2,False,,450.0,"[3.9, 30.0, 29.0, 32.0, 28.0, 15.0, 50.0, 62.0, 71.0, 101.0, 86.0, 125.0, 152.0, 161.0, 158.0, 184.0, 188.0, 213.0, 214.0, 216.0, 219.0, 209.0, 206.0, 229.0, 246.0, 279.0, 277.0, 283.0, 325.0, 294.0, 277.0, 517.0, 508.0, 531.0, 513.0, 508.0, 552.0, 542.0, 542.0, 616.0, 651.0, 616.0, 589.0, 555.0, 551.0, 535.0, 525.0, 555.0, 524.0, 495.0, 493.0, 460.0, 474.0, 467.0, 445.0, 430.0, 377.0, 398.0, 406.0, 428.0, 381.0, 398.0, 346.0, 352.0, 381.0, 381.0, 403.0, 409.0, 454.0, 456.0, 442.0, 419.0, 392.0, 402.0, 374.0, 375.0, 377.0, 370.0, 361.0, 383.0, 393.0, 385.0, 389.0, 383.0, 405.0, 423.0, 460.0, 457.0, 469.0, 457.0, 512.0, 527.0, 514.0, 511.0, 516.0, 487.0, 482.0, 460.0, 449.0, 426.0, 414.0, 417.0, 393.0, 405.0, 402.0, 398.0, 380.0, 371.0, 357.0, 364.0, 404.0, 381.0, 400.0, 406.0, 387.0, 399.0, 399.0, 399.0, 451.0, 417.0, 450.0]"
phi=0.95,69,opening,11,123.3,False,,346.0,"[3.9, 19.0, 42.0, 53.0, 51.0, 48.0, 85.0, 94.0, 115.0, 130.0, 106.0, 105.0, 103.0, 89.0, 112.0, 114.0, 118.0, 100.0, 70.0, 121.0, 114.0, 133.0, 127.0, 128.0, 121.0, 148.0, 149.0, 164.0, 178.0, 166.0, 153.0, 393.0, 429.0, 422.0, 395.0, 386.0, 382.0, 375.0, 340.0, 384.0, 367.0, 331.0, 343.0, 339.0, 366.0, 419.0, 395.0, 333.0, 330.0, 329.0, 314.0, 333.0, 339.0, 287.0, 326.0, 366.0, 325.0, 299.0, 318.0, 294.0, 298.0, 275.0, 270.0, 288.0, 303.0, 309.0, 250.0, 257.0, 262.0, 249.0, 240.0, 229.0, 251.0, 272.0, 249.0, 250.0, 282.0, 300.0, 306.0, 325.0, 339.0, 331.0, 351.0, 343.0, 363.0, 377.0, 393.0, 413.0, 394.0, 365.0, 372.0, 345.0, 318.0, 347.0, 337.0, 317.0, 293.0, 283.0, 288.0, 265.0, 242.0, 260.0, 231.0, 225.0, 222.0, 201.0, 222.0, 227.0, 205.0, 203.0, 219.0, 267.0, 301.0, 288.0, 328.0, 403.0, 397.0, 392.0, 373.0, 342.0, 346.0]"
phi=0.95,69,opening,12,127.45,False,,240.0,"[3.9, 14.0, 25.0, 26.0, 28.0, 43.0, 40.0, 57.0, 65.0, 67.0, 70.0, 75.0, 76.0, 99.0, 96.0, 88.0, 109.0, 101.0, 98.0, 130.0, 117.0, 124.0, 133.0, 157.0, 152.0, 175.0, 176.0, 172.0, 192.0, 209.0, 181.0, 421.0, 404.0, 355.0, 353.0, 362.0, 360.0, 348.0, 354.0, 326.0, 373.0, 388.0, 390.0, 376.0, 437.0, 420.0, 413.0, 411.0, 384.0, 338.0, 331.0, 327.0, 312.0, 341.0, 340.0, 335.0, 314.0, 343.0, 350.0, 310.0, 319.0, 314.0, 330.0, 314.0, 319.0, 283.0, 319.0, 320.0, 296.0, 321.0, 314.0, 265.0, 276.0, 239.0, 262.0, 243.0, 243.0, 235.0, 287.0, 270.0, 261.0, 269.0, 257.0, 291.0, 304.0, 308.0, 322.0, 334.0, 327.0, 316.0, 299.0, 281.0, 294.0, 337.0, 377.0, 329.0, 334.0, 334.0, 309.0, 291.0, 307.0, 301.0, 320.0, 331.0, 324.0, 343.0, 345.0, 317.0, 318.0, 345.0, 344.0, 350.0, 356.0, 296.0, 261.0, 241.0, 236.0, 247.0, 225.0, 203.0, 240.0]"
phi=0.95,69,opening,13,106.55,False,,502.0,"[3.9, 18.0, 24.0, 17.0, 22.0, 18.0, 39.0, 50.0, 51.0, 57.0, 65.0, 100.0, 114.0, 110.0, 107.0, 139.0, 118.0, 117.0, 97.0, 88.0, 68.0, 75.0, 74.0, 90.0, 96.0, 100.0, 127.0, 145.0, 148.0, 153.0, 182.0, 422.0, 430.0, 448.0, 444.0, 426.0, 395.0, 455.0, 414.0, 442.0, 422.0, 452.0, 474.0, 511.0, 466.0, 451.0, 410.0, 411.0, 411.0, 364.0, 355.0, 395.0, 369.0, 343.0, 365.0, 372.0, 353.0, 353.0, 318.0, 341.0, 337.0, 395.0, 393.0, 404.0, 416.0, 437.0, 477.0, 475.0, 458.0, 422.0, 431.0, 462.0, 471.0, 460.0, 474.0, 459.0, 496.0, 491.0, 422.0, 470.0, 462.0, 456.0, 482.0, 472.0, 526.0, 499.0, 439.0, 409.0, 438.0, 437.0, 433.0, 421.0, 417.0, 407.0, 431.0, 404.0, 373.0, 328.0, 315.0, 365.0, 353.0, 348.0, 365.0, 363.0, 378.0, 411.0, 397.0, 391.0, 453.0, 411.0, 418.0, 459.0, 488.0, 458.0, 490.0, 470.0, 474.0, 477.0, 482.0, 496.0, 502.0]"
phi=0.95,69,opening,14,74.55,False,,375.0,"[3.9, 16.0, 31.0, 31.0, 50.0, 73.0, 87.0, 94.0, 77.0, 88.0, 80.0, 66.0, 70.0, 84.0, 102.0, 96.0, 93.0, 75.0, 41.0, 53.0, 55.0, 60.0, 77.0, 77.0, 74.0, 78.0, 80.0, 98.0, 71.0, 61.0, 65.0, 305.0, 312.0, 340.0, 337.0, 292.0, 286.0, 284.0, 273.0, 260.0, 261.0, 254.0, 246.0, 232.0, 223.0, 210.0, 265.0, 246.0, 229.0, 239.0, 258.0, 246.0, 248.0, 251.0, 246.0, 238.0, 228.0, 187.0, 225.0, 216.0, 223.0, 240.0, 241.0, 244.0, 214.0, 254.0, 243.0, 251.0, 239.0, 264.0, 242.0, 237.0, 248.0, 263.0, 281.0, 246.0, 280.0, 253.0, 237.0, 234.0, 251.0, 236.0, 238.0, 244.0, 246.0, 239.0, 227.0, 277.0, 305.0, 301.0, 281.0, 271.0, 249.0, 278.0, 299.0, 292.0, 270.0, 268.0, 270.0, 288.0, 296.0, 346.0, 363.0, 362.0, 355.0, 350.0, 358.0, 337.0, 351.0, 348.0, 331.0, 348.0, 386.0, 375.0, 353.0, 329.0, 362.0, 318.0, 340.0, 347.0, 375.0]"
phi=0.95,69,opening,15,50.1,False,,398.0,"[3.9, 11.0, 14.0, 25.0, 34.0, 37.0, 36.0, 23.0, 28.0, 32.0, 42.0, 22.0, 26.0, 33.0, 39.0, 37.0, 21.0, 26.0, 26.0, 19.0, 28.0, 54.0, 60.0, 56.0, 44.0, 58.0, 87.0, 96.0, 124.0, 104.0, 89.0, 329.0, 313.0, 343.0, 334.0, 362.0, 388.0, 345.0, 341.0, 360.0, 381.0, 363.0, 394.0, 425.0, 407.0, 444.0, 444.0, 444.0, 424.0, 433.0, 387.0, 360.0, 392.0, 413.0, 429.0, 459.0, 456.0, 446.0, 419.0, 375.0, 371.0, 396.0, 384.0, 425.0, 459.0, 498.0, 519.0, 505.0, 507.0, 448.0, 446.0, 417.0, 396.0, 398.0, 404.0, 443.0, 409.0, 414.0, 404.0, 389.0, 364.0, 324.0, 304.0, 327.0, 329.0, 312.0, 332.0, 341.0, 366.0, 342.0, 376.0, 371.0, 332.0, 339.0, 308.0, 325.0, 364.0, 409.0, 385.0, 361.0, 364.0, 346.0, 338.0, 332.0, 362.0, 412.0, 361.0, 379.0, 398.0, 417.0, 402.0, 377.0, 362.0, 365.0, 374.0, 383.0, 386.0, 389.0, 383.0, 419.0, 398.0]"
phi=0.95,69,opening,16,88.9,False,,160.0,"[3.9, 8.0, 19.0, 39.0, 50.0, 59.0, 47.0, 61.0, 79.0, 81.0, 81.0, 100.0, 106.0, 120.0, 114.0, 134.0, 103.0, 86.0, 93.0, 84.0, 110.0, 112.0, 101.0, 108.0, 80.0, 57.0, 39.0, 42.0, 55.0, 53.0, 45.0, 285.0, 279.0, 268.0, 254.0, 312.0, 326.0, 309.0, 302.0, 274.0, 281.0, 280.0, 311.0, 301.0, 309.0, 306.0, 326.0, 317.0, 328.0, 344.0, 328.0, 337.0, 329.0, 327.0, 316.0, 335.0, 311.0, 292.0, 261.0, 259.0, 256.0, 250.0, 217.0, 204.0, 255.0, 231.0, 241.0, 236.0, 253.0, 243.0, 247.0, 258.0, 255.0, 267.0, 273.0, 298.0, 321.0, 269.0, 266.0, 266.0, 258.0, 242.0, 228.0, 281.0, 275.0, 266.0, 254.0, 274.0, 273.0, 260.0, 260.0, 267.0, 248.0, 234.0, 227.0, 212.0, 200.0, 172.0, 181.0, 200.0, 167.0, 126.0, 117.0, 113.0, 136.0, 157.0, 141.0, 142.0, 129.0, 142.0, 137.0, 151.0, 141.0, 143.0, 134.0, 148.0, 159.0, 188.0, 184.0, 152.0, 160.0]"
phi=0.95,69,opening,17,100.15,False,,371.0,"[3.9, 18.0, 36.0, 20.0, 25.0, 62.0, 63.0, 55.0, 87.0, 87.0, 82.0, 52.0, 55.0, 69.0, 72.0, 72.0, 95.0, 102.0, 107.0, 79.0, 97.0, 115.0, 116.0, 144.0, 138.0, 123.0, 109.0, 107.0, 139.0, 130.0, 137.0, 377.0, 390.0, 397.0, 335.0, 286.0, 333.0, 350.0, 356.0, 363.0, 401.0, 404.0, 378.0, 374.0, 399.0, 390.0, 379.0, 369.0, 366.0, 355.0, 388.0, 379.0, 352.0, 356.0, 338.0, 300.0, 302.0, 302.0, 290.0, 298.0, 319.0, 350.0, 347.0, 337.0, 318.0, 307.0, 317.0, 315.0, 321.0, 324.0, 318.0, 295.0, 328.0, 321.0, 331.0, 341.0, 313.0, 315.0, 341.0, 318.0, 308.0, 310.0, 295.0, 301.0, 316.0, 323.0, 330.0, 341.0, 377.0, 378.0, 368.0, 355.0, 302.0, 284.0, 317.0, 341.0, 358.0, 351.0, 361.0, 374.0, 450.0, 444.0, 418.0, 413.0, 424.0, 438.0, 441.0, 403.0, 372.0, 370.0, 365.0, 399.0, 410.0, 362.0, 330.0, 335.0, 316.0, 368.0, 434.0, 409.0, 371.0]"
phi=0.95,69,opening,18,89.5,False,69,164.0,"[3.9, 38.0, 31.0, 26.0, 30.0, 35.0, 49.0, 34.0, 44.0, 44.0, 68.0, 73.0, 61.0, 61.0, 46.0, 63.0, 48.0, 63.0, 77.0, 91.0, 94.0, 114.0, 104.0, 111.0, 119.0, 140.0, 135.0, 109.0, 111.0, 102.0, 99.0, 339.0, 360.0, 323.0, 339.0, 321.0, 319.0, 311.0, 298.0, 290.0, 294.0, 314.0, 307.0, 294.0, 259.0, 280.0, 266.0, 265.0, 263.0, 270.0, 271.0, 300.0, 311.0, 275.0, 268.0, 261.0, 231.0, 240.0, 277.0, 308.0, 281.0, 253.0, 262.0, 267.0, 273.0, 274.0, 272.0, 293.0, 283.0, 270.0, 242.0, 234.0, 234.0, 213.0, 251.0, 267.0, 286.0, 236.0, 240.0, 230.0, 200.0, 215.0, 198.0, 204.0, 209.0, 222.0, 212.0, 181.0, 203.0, 211.0, 174.0, 242.0, 241.0, 250.0, 250.0, 223.0, 239.0, 181.0, 158.0, 155.0, 161.0, 129.0, 105.0, 78.0, 57.0, 64.0, 100.0, 123.0, 135.0, 110.0, 106.0, 75.0, 95.0, 72.0, 68.0, 73.0, 83.0, 108.0, 152.0, 169.0, 164.0]"
phi=0.95,69,opening,19,120.45,False,,322.0,"[3.9, 13.0, 11.0, 26.0, 47.0, 40.0, 63.0, 76.0, 93.0, 93.0, 126.0, 127.0, 118.0, 115.0, 120.0, 123.0, 139.0, 143.0, 155.0, 149.0, 133.0, 117.0, 124.0, 105.0, 96.0, 96.0, 104.0, 106.0, 109.0, 104.0, 93.0, 333.0, 379.0, 355.0, 356.0, 352.0, 343.0, 352.0, 349.0, 356.0, 338.0, 311.0, 323.0, 371.0, 340.0, 356.0, 380.0, 407.0, 398.0, 389.0, 339.0, 322.0, 339.0, 337.0, 290.0, 294.0, 283.0, 298.0, 266.0, 266.0, 273.0, 242.0, 272.0, 291.0, 301.0, 324.0, 307.0, 258.0, 281.0, 325.0, 319.0, 261.0, 267.0, 222.0, 246.0, 269.0, 286.0, 294.0, 233.0, 224.0, 217.0, 208.0, 205.0, 225.0, 210.0, 213.0, 182.0, 198.0, 176.0, 166.0, 150.0, 122.0, 109.0, 133.0, 171.0, 184.0, 189.0, 224.0, 234.0, 265.0, 240.0, 269.0, 270.0, 266.0, 266.0, 271.0, 261.0, 257.0, 257.0, 265.0, 230.0, 269.0, 240.0, 238.0, 220.0, 235.0, 246.0, 261.0, 274.0, 275.0, 322.0]"
phi=0.90,64,profile,0,58.25,False,18,51.0,"[8.4, 10.0, 40.0, 33.0, 62.0, 60.0, 87.0, 87.0, 81.0, 53.0, 67.0, 53.0, 55.0, 56.0, 70.0, 60.0, 68.0, 89.0, 105.0, 87.0, 58.0, 65.0, 75.0, 45.0, 48.0, 27.0, 19.0, 28.0, 48.0, 42.0, 26.0, 266.0, 255.0, 260.0, 211.0, 206.0, 142.0, 120.0, 103.0, 115.0, 107.0, 89.0, 79.0, 78.0, 78.0, 87.0, 107.0, 117.0, 82.0, 81.0, 71.0, 89.0, 94.0, 80.0, 48.0, 33.0, 40.0, 34.0, 54.0, 63.0, 80.0, 47.0, 45.0, 70.0, 61.0, 81.0, 67.0, 46.0, 47.0, 45.0, 69.0, 42.0, 64.0, 55.0, 39.0, 39.0, 46.0, 48.0, 81.0, 56.0, 41.0, 46.0, 24.0, 29.0, 42.0, 42.0, 34.0, 81.0, 66.0, 30.0, 51.0]"
phi=0.90,64,profile,1,40.95,False,24,54.0,"[8.4, 19.0, 10.0, 40.0, 41.0, 66.0, 55.0, 64.0, 81.0, 70.0, 52.0, 45.0, 42.0, 49.0, 55.0, 36.0, 22.0, 64.0, 34.0, 38.0, 30.0, 42.0, 31.0, 32.0, 54.0, 44.0, 36.0, 29.0, 28.0, 56.0, 75.0, 315.0, 267.0, 264.0, 226.0, 196.0, 169.0, 162.0, 125.0, 96.0, 118.0, 110.0, 139.0, 113.0, 101.0, 98.0, 74.0, 86.0, 36.0, 59.0, 78.0, 93.0, 108.0, 98.0, 64.0, 92.0, 70.0, 53.0, 37.0, 62.0, 65.0, 92.0, 102.0, 91.0, 74.0, 82.0, 93.0, 93.0, 78.0, 57.0, 48.0, 68.0, 73.0, 96.0, 92.0, 84.0, 45.0, 47.0, 32.0, 20.0, 35.0, 27.0, 16.0, 25.0, 33.0, 69.0, 49.0, 39.0, 57.0, 76.0, 54.0]"
phi=0.90,64,profile,2,40.9,False,9,56.0,"[8.4, 28.0, 21.0, 32.0, 35.0, 46.0, 40.0, 27.0, 42.0, 51.0, 32.0, 45.0, 59.0, 42.0, 30.0, 25.0, 42.0, 40.0, 73.0, 40.0, 43.0, 48.0, 43.0, 45.0, 37.0, 45.0, 36.0, 35.0, 19.0, 39.0, 39.0, 279.0, 267.0, 250.0, 240.0, 175.0, 131.0, 109.0, 133.0, 125.0, 70.0, 68.0, 64.0, 21.0, 20.0, 25.0, 44.0, 50.0, 48.0, 67.0, 37.0, 51.0, 52.0, 68.0, 88.0, 100.0, 93.0, 62.0, 75.0, 41.0, 73.0, 68.0, 68.0, 56.0, 48.0, 15.0, 9.0, 20.0, 50.0, 33.0, 36.0, 21.0, 49.0, 76.0, 90.0, 98.0, 89.0, 55.0, 48.0, 57.0, 64.0, 83.0, 83.0, 57.0, 77.0, 65.0, 55.0, 87.0, 43.0, 53.0, 56.0]"
phi=0.90,64,profile,3,54.2,False,5,52.0,"[8.4, 17.0, 35.0, 30.0, 30.0, 43.0, 60.0, 77.0, 75.0, 67.0, 73.0, 39.0, 46.0, 62.0, 77.0, 77.0, 34.0, 33.0, 27.0, 39.0, 86.0, 68.0, 90.0, 95.0, 41.0, 31.0, 48.0, 36.0, 40.0, 42.0, 55.0, 295.0, 206.0, 126.0, 125.0, 93.0, 102.0, 67.0, 46.0, 63.0, 62.0, 56.0, 43.0, 25.0, 31.0, 67.0, 57.0, 65.0, 75.0, 88.0, 57.0, 51.0, 53.0, 52.0, 103.0, 110.0, 90.0, 97.0, 46.0, 47.0, 54.0, 74.0, 65.0, 72.0, 85.0, 48.0, 35.0, 54.0, 53.0, 57.0, 33.0, 25.0, 63.0, 49.0, 52.0, 84.0, 103.0, 94.0, 61.0, 67.0, 93.0, 42.0, 51.0, 58.0, 46.0, 50.0, 70.0, 80.0, 94.0, 53.0, 52.0]"
phi=0.90,64,profile,4,40.9,False,11,27.0,"[8.4, 16.0, 57.0, 49.0, 30.0, 33.0, 33.0, 42.0, 18.0, 27.0, 35.0, 21.0, 37.0, 21.0, 31.0, 55.0, 27.0, 51.0, 39.0, 45.0, 46.0, 64.0, 75.0, 65.0, 57.0, 45.0, 39.0, 41.0, 11.0, 13.0, 18.0, 258.0, 245.0, 164.0, 117.0, 140.0, 102.0, 96.0, 99.0, 86.0, 98.0, 72.0, 71.0, 41.0, 56.0, 77.0, 77.0, 57.0, 24.0, 40.0, 26.0, 43.0, 50.0, 66.0, 55.0, 44.0, 40.0, 57.0, 42.0, 30.0, 34.0, 22.0, 23.0, 27.0, 34.0, 46.0, 38.0, 40.0, 51.0, 78.0, 49.0, 54.0, 46.0, 81.0, 52.0, 38.0, 45.0, 48.0, 36.0, 42.0, 46.0, 55.0, 52.0, 75.0, 69.0, 61.0, 76.0, 38.0, 31.0, 30.0, 27.0]"
phi=0.90,64,profile,5,51.55,False,11,173.0,"[8.4, 6.0, 16.0, 17.0, 26.0, 49.0, 40.0, 38.0, 32.0, 36.0, 19.0, 46.0, 49.0, 58.0, 67.0, 54.0, 55.0, 60.0, 58.0, 59.0, 70.0, 31.0, 37.0, 64.0, 34.0, 39.0, 44.0, 47.0, 55.0, 85.0, 91.0, 331.0, 338.0, 228.0, 216.0, 202.0, 205.0, 169.0, 163.0, 131.0, 113.0, 108.0, 87.0, 101.0, 91.0, 42.0, 62.0, 29.0, 57.0, 39.0, 50.0, 52.0, 34.0, 63.0, 65.0, 93.0, 53.0, 52.0, 71.0, 62.0, 35.0, 68.0, 77.0, 63.0, 70.0, 51.0, 29.0, 33.0, 23.0, 54.0, 50.0, 53.0, 60.0, 33.0, 24.0, 35.0, 39.0, 61.0, 78.0, 90.0, 70.0, 59.0, 54.0, 105.0, 122.0, 123.0, 143.0, 186.0, 163.0, 150.0, 173.0]"
phi=0.90,64,profile,6,40.95,False,7,44.0,"[8.4, 33.0, 45.0, 45.0, 39.0, 78.0, 52.0, 34.0, 50.0, 36.0, 31.0, 38.0, 35.0, 55.0, 35.0, 40.0, 29.0, 25.0, 83.0, 67.0, 67.0, 70.0, 49.0, 58.0, 38.0, 29.0, 18.0, 16.0, 23.0, 13.0, 23.0, 263.0, 216.0, 163.0, 148.0, 116.0, 99.0, 89.0, 74.0, 69.0, 50.0, 67.0, 51.0, 52.0, 43.0, 81.0, 61.0, 51.0, 64.0, 54.0, 47.0, 50.0, 44.0, 54.0, 55.0, 60.0, 50.0, 74.0, 80.0, 78.0, 65.0, 57.0, 42.0, 46.0, 55.0, 70.0, 64.0, 45.0, 36.0, 27.0, 49.0, 49.0, 49.0, 37.0, 47.0, 45.0, 27.0, 23.0, 34.0, 27.0, 32.0, 25.0, 32.0, 49.0, 43.0, 32.0, 27.0, 24.0, 43.0, 50.0, 44.0]"
phi=0.90,64,profile,7,75.75,False,6,35.0,"[8.4, 25.0, 58.0, 43.0, 13.0, 34.0, 31.0, 23.0, 38.0, 55.0, 42.0, 50.0, 43.0, 70.0, 88.0, 65.0, 94.0, 94.0, 99.0, 104.0, 111.0, 111.0, 82.0, 70.0, 72.0, 53.0, 69.0, 76.0, 72.0, 50.0, 45.0, 285.0, 263.0, 242.0, 190.0, 192.0, 180.0, 131.0, 103.0, 92.0, 71.0, 37.0, 24.0, 44.0, 43.0, 91.0, 119.0, 118.0, 99.0, 138.0, 108.0, 101.0, 83.0, 83.0, 52.0, 40.0, 36.0, 42.0, 33.0, 24.0, 18.0, 16.0, 26.0, 42.0, 35.0, 26.0, 27.0, 58.0, 39.0, 41.0, 63.0, 71.0, 55.0, 38.0, 50.0, 62.0, 73.0, 48.0, 62.0, 96.0, 53.0, 71.0, 57.0, 35.0, 40.0, 20.0, 27.0, 37.0, 28.0, 29.0, 35.0]"
phi=0.90,64,profile,8,60.35,False,10,73.0,"[8.4, 24.0, 27.0, 40.0, 78.0, 58.0, 26.0, 40.0, 26.0, 31.0, 14.0, 15.0, 28.0, 46.0, 28.0, 29.0, 44.0, 64.0, 77.0, 63.0, 90.0, 85.0, 56.0, 90.0, 86.0, 91.0, 89.0, 72.0, 57.0, 83.0, 87.0, 327.0, 281.0, 283.0, 271.0, 266.0, 212.0, 216.0, 178.0, 160.0, 154.0, 89.0, 84.0, 55.0, 64.0, 86.0, 57.0, 42.0, 49.0, 49.0, 36.0, 34.0, 22.0, 37.0, 48.0, 33.0, 20.0, 30.0, 38.0, 26.0, 44.0, 32.0, 45.0, 33.0, 59.0, 37.0, 36.0, 42.0, 48.0, 47.0, 46.0, 50.0, 23.0, 49.0, 46.0, 41.0, 62.0, 82.0, 80.0, 80.0, 88.0, 118.0, 100.0, 82.0, 87.0, 71.0, 36.0, 65.0, 60.0, 64.0, 73.0]"
phi=0.90,64,profile,9,47.8,False,14,46.0,"[8.4, 7.0, 29.0, 43.0, 41.0, 19.0, 32.0, 29.0, 34.0, 42.0, 53.0, 50.0, 37.0, 39.0, 57.0, 43.0, 38.0, 51.0, 29.0, 31.0, 35.0, 53.0, 54.0, 57.0, 47.0, 65.0, 60.0, 38.0, 64.0, 55.0, 56.0, 296.0, 289.0, 270.0, 257.0, 232.0, 172.0, 176.0, 152.0, 158.0, 177.0, 159.0, 134.0, 138.0, 90.0, 75.0, 58.0, 51.0, 86.0, 67.0, 59.0, 47.0, 44.0, 43.0, 40.0, 39.0, 35.0, 17.0, 25.0, 31.0, 59.0, 61.0, 91.0, 125.0, 109.0, 102.0, 66.0, 37.0, 37.0, 26.0, 34.0, 43.0, 35.0, 50.0, 31.0, 18.0, 23.0, 38.0, 38.0, 39.0, 73.0, 37.0, 42.0, 46.0, 34.0, 21.0, 29.0, 25.0, 45.0, 62.0, 46.0]"
phi=0.90,64,profile,10,86.0,False,8,116.0,"[8.4, 48.0, 51.0, 26.0, 22.0, 15.0, 53.0, 69.0, 88.0, 78.0, 70.0, 101.0, 131.0, 142.0, 123.0, 118.0, 115.0, 104.0, 89.0, 75.0, 93.0, 80.0, 66.0, 71.0, 83.0, 58.0, 50.0, 48.0, 64.0, 39.0, 47.0, 287.0, 262.0, 213.0, 218.0, 183.0, 185.0, 146.0, 147.0, 151.0, 142.0, 92.0, 67.0, 60.0, 50.0, 28.0, 27.0, 59.0, 47.0, 44.0, 37.0, 35.0, 40.0, 32.0, 25.0, 49.0, 48.0, 52.0, 82.0, 90.0, 67.0, 98.0, 50.0, 31.0, 80.0, 74.0, 82.0, 89.0, 116.0, 84.0, 78.0, 42.0, 49.0, 53.0, 43.0, 29.0, 41.0, 40.0, 44.0, 63.0, 60.0, 60.0, 32.0, 34.0, 37.0, 54.0, 77.0, 69.0, 60.0, 51.0, 116.0]"
phi=0.90,64,profile,11,43.15,False,7,35.0,"[8.4, 26.0, 38.0, 49.0, 39.0, 37.0, 60.0, 60.0, 53.0, 73.0, 56.0, 52.0, 36.0, 20.0, 30.0, 32.0, 46.0, 40.0, 22.0, 59.0, 40.0, 56.0, 56.0, 40.0, 44.0, 41.0, 28.0, 60.0, 61.0, 44.0, 17.0, 257.0, 237.0, 218.0, 153.0, 125.0, 139.0, 105.0, 63.0, 63.0, 50.0, 21.0, 30.0, 29.0, 42.0, 86.0, 64.0, 38.0, 51.0, 77.0, 68.0, 78.0, 68.0, 41.0, 41.0, 76.0, 65.0, 49.0, 88.0, 61.0, 98.0, 99.0, 76.0, 87.0, 109.0, 95.0, 33.0, 33.0, 35.0, 45.0, 36.0, 43.0, 66.0, 78.0, 53.0, 51.0, 49.0, 57.0, 56.0, 53.0, 54.0, 37.0, 56.0, 36.0, 38.0, 39.0, 27.0, 55.0, 68.0, 62.0, 35.0]"
phi=0.90,64,profile,12,35.95,False,19,23.0,"[8.4, 17.0, 30.0, 31.0, 26.0, 42.0, 34.0, 41.0, 56.0, 41.0, 25.0, 23.0, 24.0, 32.0, 17.0, 16.0, 27.0, 15.0, 23.0, 51.0, 36.0, 32.0, 41.0, 55.0, 53.0, 66.0, 49.0, 31.0, 41.0, 62.0, 47.0, 287.0, 229.0, 192.0, 194.0, 170.0, 166.0, 171.0, 173.0, 107.0, 143.0, 130.0, 138.0, 145.0, 172.0, 172.0, 156.0, 131.0, 134.0, 60.0, 40.0, 42.0, 60.0, 52.0, 40.0, 30.0, 24.0, 31.0, 51.0, 41.0, 42.0, 25.0, 43.0, 27.0, 35.0, 23.0, 55.0, 46.0, 46.0, 39.0, 41.0, 19.0, 36.0, 35.0, 54.0, 43.0, 24.0, 19.0, 48.0, 38.0, 57.0, 48.0, 51.0, 78.0, 68.0, 68.0, 33.0, 43.0, 46.0, 42.0, 23.0]"
phi=0.90,64,profile,13,47.8,False,12,46.0,"[8.4, 31.0, 27.0, 19.0, 29.0, 23.0, 36.0, 38.0, 39.0, 48.0, 57.0, 92.0, 66.0, 44.0, 49.0, 72.0, 46.0, 48.0, 61.0, 43.0, 21.0, 40.0, 33.0, 44.0, 41.0, 37.0, 52.0, 50.0, 31.0, 29.0, 34.0, 274.0, 256.0, 263.0, 229.0, 201.0, 160.0, 212.0, 160.0, 158.0, 113.0, 115.0, 121.0, 115.0, 57.0, 55.0, 31.0, 46.0, 48.0, 54.0, 55.0, 79.0, 44.0, 38.0, 56.0, 65.0, 59.0, 74.0, 34.0, 52.0, 71.0, 100.0, 88.0, 83.0, 78.0, 80.0, 116.0, 111.0, 87.0, 97.0, 113.0, 120.0, 88.0, 48.0, 67.0, 86.0, 140.0, 105.0, 62.0, 111.0, 84.0, 60.0, 83.0, 58.0, 56.0, 70.0, 42.0, 30.0, 42.0, 48.0, 46.0]"
phi=0.90,64,profile,14,43.4,False,8,6.0,"[8.4, 24.0, 39.0, 31.0, 42.0, 50.0, 62.0, 74.0, 48.0, 44.0, 45.0, 26.0, 40.0, 35.0, 46.0, 59.0, 47.0, 45.0, 27.0, 41.0, 36.0, 53.0, 51.0, 61.0, 50.0, 47.0, 46.0, 58.0, 21.0, 34.0, 36.0, 276.0, 244.0, 254.0, 239.0, 142.0, 94.0, 100.0, 62.0, 61.0, 60.0, 92.0, 78.0, 42.0, 59.0, 43.0, 55.0, 38.0, 55.0, 38.0, 67.0, 57.0, 56.0, 53.0, 39.0, 22.0, 34.0, 35.0, 44.0, 44.0, 37.0, 78.0, 79.0, 63.0, 52.0, 61.0, 70.0, 58.0, 34.0, 33.0, 16.0, 41.0, 32.0, 41.0, 27.0, 27.0, 40.0, 33.0, 37.0, 69.0, 83.0, 43.0, 39.0, 59.0, 69.0, 63.0, 34.0, 53.0, 44.0, 31.0, 6.0]"
phi=0.90,64,profile,15,47.6,False,12,99.0,"[8.4, 32.0, 25.0, 43.0, 43.0, 33.0, 27.0, 21.0, 29.0, 29.0, 27.0, 20.0, 27.0, 65.0, 59.0, 47.0, 48.0, 44.0, 26.0, 20.0, 34.0, 66.0, 53.0, 37.0, 48.0, 51.0, 70.0, 71.0, 86.0, 53.0, 18.0, 258.0, 218.0, 252.0, 234.0, 231.0, 236.0, 184.0, 152.0, 157.0, 144.0, 125.0, 133.0, 108.0, 48.0, 47.0, 51.0, 38.0, 47.0, 37.0, 28.0, 23.0, 42.0, 38.0, 56.0, 82.0, 65.0, 47.0, 43.0, 34.0, 73.0, 81.0, 79.0, 107.0, 112.0, 128.0, 129.0, 113.0, 99.0, 63.0, 61.0, 56.0, 39.0, 48.0, 69.0, 98.0, 55.0, 58.0, 73.0, 48.0, 40.0, 32.0, 22.0, 43.0, 56.0, 83.0, 82.0, 96.0, 99.0, 81.0, 99.0]"
phi=0.90,64,profile,16,39.15,False,16,39.0,"[8.4, 16.0, 32.0, 60.0, 50.0, 70.0, 50.0, 61.0, 62.0, 63.0, 71.0, 69.0, 71.0, 43.0, 44.0, 43.0, 18.0, 4.0, 22.0, 26.0, 40.0, 40.0, 28.0, 45.0, 36.0, 31.0, 33.0, 38.0, 41.0, 40.0, 29.0, 269.0, 232.0, 214.0, 182.0, 194.0, 200.0, 163.0, 140.0, 82.0, 74.0, 91.0, 102.0, 87.0, 94.0, 75.0, 77.0, 88.0, 77.0, 75.0, 52.0, 51.0, 22.0, 24.0, 35.0, 59.0, 59.0, 63.0, 41.0, 46.0, 44.0, 40.0, 25.0, 53.0, 65.0, 59.0, 44.0, 75.0, 94.0, 73.0, 75.0, 86.0, 59.0, 46.0, 35.0, 29.0, 54.0, 56.0, 52.0, 44.0, 65.0, 47.0, 44.0, 73.0, 47.0, 34.0, 34.0, 66.0, 49.0, 34.0, 39.0]"
phi=0.90,64,profile,17,50.7,False,7,38.0,"[8.4, 33.0, 60.0, 56.0, 69.0, 98.0, 92.0, 50.0, 80.0, 70.0, 41.0, 44.0, 33.0, 56.0, 52.0, 47.0, 68.0, 73.0, 69.0, 30.0, 58.0, 72.0, 43.0, 54.0, 48.0, 49.0, 41.0, 45.0, 47.0, 44.0, 62.0, 302.0, 299.0, 291.0, 181.0, 120.0, 134.0, 113.0, 84.0, 59.0, 63.0, 58.0, 72.0, 61.0, 59.0, 47.0, 31.0, 25.0, 35.0, 46.0, 42.0, 37.0, 29.0, 37.0, 27.0, 25.0, 35.0, 27.0, 26.0, 40.0, 60.0, 72.0, 83.0, 86.0, 94.0, 81.0, 54.0, 15.0, 34.0, 46.0, 55.0, 59.0, 77.0, 103.0, 90.0, 73.0, 49.0, 34.0, 39.0, 38.0, 36.0, 70.0, 39.0, 49.0, 50.0, 60.0, 53.0, 71.0, 72.0, 61.0, 38.0]"
phi=0.90,64,profile,18,40.8,False,8,15.0,"[8.4, 44.0, 41.0, 31.0, 35.0, 29.0, 42.0, 21.0, 32.0, 40.0, 47.0, 52.0, 35.0, 45.0, 18.0, 33.0, 30.0, 43.0, 58.0, 54.0, 56.0, 45.0, 30.0, 46.0, 50.0, 50.0, 30.0, 23.0, 36.0, 35.0, 39.0, 279.0, 268.0, 215.0, 189.0, 188.0, 142.0, 95.0, 88.0, 64.0, 67.0, 80.0, 44.0, 35.0, 27.0, 65.0, 47.0, 35.0, 49.0, 46.0, 53.0, 40.0, 26.0, 30.0, 42.0, 56.0, 60.0, 67.0, 53.0, 76.0, 64.0, 39.0, 37.0, 41.0, 52.0, 58.0, 33.0, 37.0, 35.0, 63.0, 51.0, 52.0, 63.0, 47.0, 71.0, 72.0, 57.0, 39.0, 55.0, 43.0, 32.0, 56.0, 48.0, 57.0, 79.0, 81.0, 76.0, 39.0, 46.0, 54.0, 15.0]"
phi=0.90,64,profile,19,40.15,False,10,30.0,"[8.4, 21.0, 21.0, 40.0, 38.0, 41.0, 57.0, 83.0, 115.0, 96.0, 90.0, 74.0, 49.0, 28.0, 26.0, 31.0, 48.0, 53.0, 60.0, 57.0, 18.0, 20.0, 36.0, 18.0, 24.0, 27.0, 40.0, 41.0, 34.0, 29.0, 34.0, 274.0, 295.0, 271.0, 263.0, 219.0, 179.0, 147.0, 131.0, 107.0, 61.0, 50.0, 64.0, 69.0, 54.0, 66.0, 69.0, 71.0, 85.0, 78.0, 34.0, 37.0, 30.0, 37.0, 24.0, 69.0, 54.0, 63.0, 49.0, 24.0, 49.0, 42.0, 44.0, 36.0, 41.0, 53.0, 33.0, 17.0, 61.0, 73.0, 68.0, 29.0, 45.0, 49.0, 74.0, 92.0, 83.0, 64.0, 27.0, 38.0, 28.0, 30.0, 40.0, 49.0, 44.0, 47.0, 32.0, 53.0, 19.0, 20.0, 30.0]"
phi=0.90,64,opening,0,254.95,True,,1209.0,"[48.2, 32.0, 43.0, 36.0, 64.0, 85.0, 115.0, 129.0, 141.0, 129.0, 141.0, 145.0, 156.0, 151.0, 182.0, 206.0, 241.0, 259.0, 307.0, 295.0, 312.0, 328.0, 344.0, 295.0, 297.0, 268.0, 254.0, 279.0, 314.0, 325.0, 312.0, 552.0, 565.0, 594.0, 577.0, 563.0, 541.0, 508.0, 521.0, 518.0, 543.0, 533.0, 518.0, 566.0, 543.0, 578.0, 584.0, 604.0, 592.0, 613.0, 645.0, 647.0, 671.0, 674.0, 671.0, 622.0, 643.0, 680.0, 704.0, 715.0, 699.0, 679.0, 653.0, 702.0, 727.0, 718.0, 738.0, 703.0, 741.0, 730.0, 783.0, 767.0, 820.0, 794.0, 764.0, 770.0, 741.0, 755.0, 759.0, 715.0, 736.0, 759.0, 753.0, 783.0, 794.0, 825.0, 815.0, 897.0, 895.0, 832.0, 897.0, 898.0, 903.0, 873.0, 935.0, 960.0, 914.0, 944.0, 961.0, 914.0, 962.0, 971.0, 961.0, 919.0, 957.0, 996.0, 1012.0, 1031.0, 1117.0, 1157.0, 1198.0, 1195.0, 1209.0]"
phi=0.90,64,opening,1,270.1,True,,1220.0,"[48.2, 51.0, 51.0, 72.0, 87.0, 102.0, 94.0, 119.0, 148.0, 151.0, 176.0, 151.0, 173.0, 199.0, 225.0, 225.0, 227.0, 274.0, 257.0, 274.0, 281.0, 306.0, 316.0, 320.0, 327.0, 344.0, 356.0, 319.0, 325.0, 327.0, 343.0, 583.0, 610.0, 671.0, 678.0, 680.0, 713.0, 749.0, 735.0, 714.0, 752.0, 803.0, 826.0, 825.0, 834.0, 835.0, 808.0, 843.0, 841.0, 835.0, 847.0, 880.0, 900.0, 908.0, 875.0, 933.0, 893.0, 888.0, 899.0, 931.0, 946.0, 972.0, 1020.0, 1024.0, 998.0, 1029.0, 1058.0, 1001.0, 1041.0, 1070.0, 1088.0, 1108.0, 1123.0, 1134.0, 1142.0, 1187.0, 1196.0, 1179.0, 1161.0, 1158.0, 1220.0]"
phi=0.90,64,opening,2,396.25,True,,1220.0,"[48.2, 72.0, 82.0, 90.0, 100.0, 121.0, 132.0, 145.0, 184.0, 221.0, 211.0, 226.0, 255.0, 257.0, 288.0, 276.0, 319.0, 346.0, 379.0, 364.0, 401.0, 455.0, 479.0, 483.0, 503.0, 528.0, 541.0, 552.0, 505.0, 557.0, 572.0, 812.0, 797.0, 820.0, 818.0, 761.0, 740.0, 747.0, 775.0, 794.0, 805.0, 861.0, 851.0, 770.0, 786.0, 772.0, 808.0, 826.0, 876.0, 915.0, 907.0, 951.0, 920.0, 912.0, 925.0, 972.0, 1003.0, 1030.0, 1065.0, 1016.0, 1051.0, 1085.0, 1085.0, 1086.0, 1079.0, 1031.0, 1048.0, 1024.0, 1031.0, 1003.0, 959.0, 881.0, 880.0, 887.0, 940.0, 987.0, 992.0, 947.0, 921.0, 937.0, 920.0, 921.0, 956.0, 966.0, 985.0, 1023.0, 1016.0, 1048.0, 1001.0, 1027.0, 1097.0, 1126.0, 1146.0, 1130.0, 1135.0, 1157.0, 1153.0, 1102.0, 1131.0, 1124.0, 1125.0, 1105.0, 1107.0, 1140.0, 1073.0, 1095.0, 1080.0, 1176.0, 1164.0, 1168.0, 1146.0, 1192.0, 1192.0, 1136.0, 1182.0, 1115.0, 1083.0, 1034.0, 1049.0, 1069.0, 1081.0, 1091.0, 1120.0, 1077.0, 1053.0, 1051.0, 1061.0, 1042.0, 1008.0, 1047.0, 1027.0, 1039.0, 982.0, 945.0, 974.0, 876.0, 899.0, 921.0, 964.0, 974.0, 922.0, 979.0, 960.0, 983.0, 983.0, 967.0, 938.0, 936.0, 926.0, 923.0, 913.0, 930.0, 969.0, 995.0, 1011.0, 1036.0, 985.0, 917.0, 920.0, 868.0, 850.0, 909.0, 913.0, 911.0, 891.0, 905.0, 940.0, 958.0, 985.0, 998.0, 1022.0, 936.0, 901.0, 954.0, 954.0, 912.0, 883.0, 922.0, 979.0, 972.0, 954.0, 975.0, 988.0, 978.0, 949.0, 967.0, 942.0, 947.0, 974.0, 992.0, 985.0, 1001.0, 995.0, 1024.0, 1137.0, 1172.0, 1191.0, 1220.0]"
phi=0.90,64,opening,3,375.3,True,,1241.0,"[48.2, 70.0, 111.0, 101.0, 113.0, 111.0, 137.0, 166.0, 168.0, 143.0, 202.0, 198.0, 223.0, 264.0, 267.0, 286.0, 283.0, 315.0, 343.0, 385.0, 446.0, 472.0, 501.0, 513.0, 477.0, 486.0, 474.0, 462.0, 471.0, 438.0, 447.0, 687.0, 681.0, 625.0, 687.0, 731.0, 808.0, 834.0, 857.0, 913.0, 926.0, 931.0, 947.0, 966.0, 967.0, 991.0, 1026.0, 1032.0, 1026.0, 1054.0, 1008.0, 1006.0, 1038.0, 1061.0, 1137.0, 1169.0, 1144.0, 1168.0, 1086.0, 1114.0, 1132.0, 1073.0, 1091.0, 1112.0, 1094.0, 1062.0, 1086.0, 1137.0, 1158.0, 1174.0, 1183.0, 1165.0, 1199.0, 1133.0, 1145.0, 1241.0]"
phi=0.90,64,opening,4,221.15,True,,1210.0,"[48.2, 46.0, 74.0, 75.0, 75.0, 83.0, 115.0, 141.0, 126.0, 152.0, 158.0, 128.0, 140.0, 156.0, 165.0, 201.0, 190.0, 210.0, 178.0, 195.0, 213.0, 234.0, 249.0, 262.0, 296.0, 295.0, 313.0, 303.0, 277.0, 260.0, 253.0, 493.0, 547.0, 527.0, 497.0, 511.0, 455.0, 457.0, 496.0, 477.0, 497.0, 504.0, 508.0, 463.0, 463.0, 484.0, 486.0, 520.0, 490.0, 499.0, 502.0, 511.0, 499.0, 517.0, 494.0, 489.0, 486.0, 533.0, 501.0, 515.0, 549.0, 528.0, 517.0, 548.0, 547.0, 531.0, 565.0, 563.0, 558.0, 618.0, 612.0, 656.0, 657.0, 719.0, 690.0, 683.0, 690.0, 700.0, 688.0, 699.0, 714.0, 718.0, 770.0, 770.0, 813.0, 786.0, 846.0, 816.0, 831.0, 823.0, 812.0, 794.0, 825.0, 798.0, 780.0, 737.0, 694.0, 694.0, 669.0, 696.0, 694.0, 691.0, 725.0, 749.0, 760.0, 775.0, 740.0, 702.0, 733.0, 741.0, 750.0, 797.0, 817.0, 802.0, 784.0, 734.0, 739.0, 709.0, 738.0, 715.0, 717.0, 739.0, 752.0, 817.0, 764.0, 750.0, 717.0, 761.0, 789.0, 783.0, 816.0, 804.0, 817.0, 795.0, 800.0, 829.0, 776.0, 813.0, 858.0, 889.0, 862.0, 880.0, 904.0, 872.0, 891.0, 905.0, 889.0, 899.0, 912.0, 908.0, 889.0, 882.0, 892.0, 943.0, 861.0, 873.0, 836.0, 820.0, 795.0, 841.0, 834.0, 866.0, 856.0, 833.0, 847.0, 796.0, 789.0, 841.0, 787.0, 755.0, 765.0, 796.0, 759.0, 790.0, 765.0, 764.0, 796.0, 776.0, 738.0, 739.0, 743.0, 781.0, 854.0, 879.0, 889.0, 924.0, 980.0, 1050.0, 1082.0, 1097.0, 1050.0, 1019.0, 1053.0, 1091.0, 1093.0, 1082.0, 1091.0, 1116.0, 1134.0, 1138.0, 1132.0, 1140.0, 1173.0, 1210.0]"
phi=0.90,64,opening,5,188.7,True,,1202.0,"[48.2, 43.0, 63.0, 51.0, 61.0, 91.0, 73.0, 92.0, 110.0, 96.0, 95.0, 120.0, 135.0, 172.0, 196.0, 171.0, 177.0, 182.0, 197.0, 214.0, 204.0, 194.0, 196.0, 220.0, 202.0, 204.0, 214.0, 222.0, 216.0, 243.0, 246.0, 486.0, 502.0, 497.0, 493.0, 493.0, 537.0, 511.0, 521.0, 531.0, 505.0, 535.0, 533.0, 591.0, 621.0, 594.0, 602.0, 598.0, 647.0, 638.0, 644.0, 670.0, 620.0, 637.0, 659.0, 684.0, 677.0, 663.0, 682.0, 673.0, 622.0, 683.0, 692.0, 674.0, 678.0, 644.0, 667.0, 687.0, 653.0, 684.0, 691.0, 684.0, 678.0, 630.0, 607.0, 601.0, 619.0, 641.0, 667.0, 717.0, 708.0, 699.0, 689.0, 779.0, 812.0, 838.0, 863.0, 890.0, 892.0, 910.0, 969.0, 998.0, 985.0, 977.0, 955.0, 961.0, 1023.0, 1030.0, 1115.0, 1077.0, 1100.0, 1105.0, 1060.0, 1072.0, 1005.0, 941.0, 923.0, 920.0, 895.0, 847.0, 809.0, 818.0, 782.0, 857.0, 891.0, 871.0, 884.0, 881.0, 888.0, 936.0, 948.0, 946.0, 943.0, 917.0, 997.0, 958.0, 958.0, 981.0, 947.0, 976.0, 1029.0, 1037.0, 976.0, 962.0, 934.0, 907.0, 880.0, 867.0, 914.0, 885.0, 914.0, 945.0, 970.0, 975.0, 943.0, 927.0, 925.0, 953.0, 937.0, 920.0, 932.0, 902.0, 927.0, 941.0, 1028.0, 1020.0, 1014.0, 1047.0, 996.0, 974.0, 988.0, 1045.0, 1034.0, 1051.0, 1033.0, 1086.0, 1115.0, 1108.0, 1164.0, 1176.0, 1145.0, 1175.0, 1138.0, 1134.0, 1185.0, 1202.0]"
phi=0.90,64,opening,6,280.4,True,,1218.0,"[48.2, 67.0, 93.0, 107.0, 107.0, 162.0, 157.0, 171.0, 208.0, 225.0, 200.0, 214.0, 217.0, 250.0, 237.0, 253.0, 255.0, 244.0, 294.0, 327.0, 365.0, 352.0, 360.0, 366.0, 331.0, 307.0, 283.0, 264.0, 253.0, 236.0, 253.0, 493.0, 484.0, 512.0, 524.0, 532.0, 534.0, 590.0, 579.0, 588.0, 583.0, 547.0, 571.0, 563.0, 576.0, 602.0, 622.0, 617.0, 626.0, 618.0, 587.0, 577.0, 622.0, 632.0, 607.0, 665.0, 698.0, 679.0, 673.0, 697.0, 676.0, 703.0, 704.0, 747.0, 774.0, 747.0, 784.0, 774.0, 765.0, 775.0, 743.0, 760.0, 726.0, 709.0, 722.0, 727.0, 651.0, 627.0, 619.0, 612.0, 608.0, 604.0, 573.0, 534.0, 551.0, 545.0, 567.0, 537.0, 547.0, 585.0, 592.0, 626.0, 627.0, 599.0, 619.0, 661.0, 628.0, 651.0, 684.0, 713.0, 695.0, 664.0, 686.0, 716.0, 736.0, 703.0, 680.0, 665.0, 681.0, 683.0, 679.0, 662.0, 663.0, 651.0, 670.0, 680.0, 650.0, 669.0, 696.0, 715.0, 644.0, 621.0, 653.0, 629.0, 590.0, 641.0, 639.0, 674.0, 634.0, 645.0, 624.0, 649.0, 649.0, 661.0, 692.0, 699.0, 706.0, 724.0, 723.0, 692.0, 734.0, 750.0, 756.0, 789.0, 780.0, 802.0, 762.0, 762.0, 750.0, 717.0, 749.0, 775.0, 791.0, 787.0, 797.0, 851.0, 848.0, 840.0, 852.0, 860.0, 857.0, 849.0, 843.0, 883.0, 930.0, 951.0, 973.0, 1006.0, 980.0, 912.0, 908.0, 916.0, 954.0, 941.0, 948.0, 1009.0, 1045.0, 1025.0, 1004.0, 1015.0, 1033.0, 1110.0, 1073.0, 1061.0, 1090.0, 1105.0, 1077.0, 1078.0, 1137.0, 1111.0, 1097.0, 1110.0, 1066.0, 1037.0, 1046.0, 1075.0, 1092.0, 1050.0, 1058.0, 1063.0, 1083.0, 1084.0, 1046.0, 1068.0, 1089.0, 1083.0, 1104.0, 1056.0, 1081.0, 1050.0, 1035.0, 1033.0, 1027.0, 1046.0, 1110.0, 1154.0, 1168.0, 1153.0, 1127.0, 1174.0, 1180.0, 1218.0]"
phi=0.90,64,opening,7,250.6,True,,1231.0,"[48.2, 55.0, 82.0, 83.0, 74.0, 91.0, 97.0, 106.0, 106.0, 126.0, 136.0, 158.0, 167.0, 169.0, 202.0, 214.0, 227.0, 216.0, 243.0, 284.0, 295.0, 294.0, 292.0, 312.0, 291.0, 296.0, 304.0, 310.0, 315.0, 287.0, 282.0, 522.0, 517.0, 514.0, 522.0, 542.0, 543.0, 578.0, 582.0, 545.0, 572.0, 549.0, 530.0, 563.0, 543.0, 575.0, 604.0, 576.0, 623.0, 713.0, 680.0, 703.0, 731.0, 751.0, 744.0, 700.0, 744.0, 740.0, 703.0, 673.0, 663.0, 704.0, 700.0, 782.0, 828.0, 794.0, 798.0, 816.0, 822.0, 805.0, 824.0, 844.0, 922.0, 948.0, 936.0, 979.0, 1019.0, 972.0, 981.0, 1024.0, 986.0, 1035.0, 1076.0, 1037.0, 1046.0, 976.0, 1026.0, 963.0, 958.0, 934.0, 952.0, 894.0, 911.0, 904.0, 915.0, 955.0, 942.0, 989.0, 1014.0, 1074.0, 1101.0, 1125.0, 1177.0, 1197.0, 1187.0, 1197.0, 1231.0]"
phi=0.90,64,opening,8,211.2,True,,1204.0,"[48.2, 57.0, 52.0, 72.0, 102.0, 103.0, 82.0, 90.0, 77.0, 97.0, 72.0, 68.0, 87.0, 103.0, 95.0, 112.0, 117.0, 141.0, 165.0, 175.0, 203.0, 205.0, 219.0, 264.0, 299.0, 322.0, 341.0, 401.0, 408.0, 427.0, 471.0, 711.0, 736.0, 736.0, 743.0, 777.0, 750.0, 782.0, 803.0, 797.0, 821.0, 782.0, 787.0, 803.0, 833.0, 878.0, 825.0, 771.0, 808.0, 840.0, 820.0, 764.0, 686.0, 686.0, 638.0, 616.0, 635.0, 648.0, 665.0, 669.0, 706.0, 664.0, 656.0, 625.0, 675.0, 615.0, 604.0, 618.0, 617.0, 575.0, 592.0, 604.0, 560.0, 569.0, 544.0, 560.0, 530.0, 574.0, 590.0, 584.0, 626.0, 672.0, 661.0, 705.0, 727.0, 717.0, 701.0, 739.0, 750.0, 801.0, 793.0, 853.0, 840.0, 824.0, 784.0, 742.0, 718.0, 689.0, 687.0, 701.0, 700.0, 672.0, 708.0, 797.0, 824.0, 785.0, 788.0, 828.0, 772.0, 777.0, 825.0, 883.0, 894.0, 923.0, 898.0, 858.0, 897.0, 989.0, 954.0, 993.0, 1005.0, 994.0, 993.0, 957.0, 978.0, 1017.0, 995.0, 906.0, 933.0, 936.0, 973.0, 949.0, 981.0, 1030.0, 1015.0, 1029.0, 1013.0, 1053.0, 1076.0, 959.0, 909.0, 884.0, 847.0, 819.0, 801.0, 874.0, 857.0, 906.0, 853.0, 871.0, 862.0, 819.0, 845.0, 821.0, 813.0, 843.0, 789.0, 779.0, 807.0, 792.0, 730.0, 719.0, 714.0, 776.0, 775.0, 762.0, 818.0, 849.0, 908.0, 878.0, 876.0, 814.0, 776.0, 745.0, 776.0, 788.0, 794.0, 805.0, 736.0, 702.0, 718.0, 785.0, 747.0, 706.0, 736.0, 685.0, 689.0, 727.0, 730.0, 731.0, 756.0, 773.0, 809.0, 819.0, 837.0, 770.0, 780.0, 792.0, 770.0, 791.0, 779.0, 717.0, 701.0, 662.0, 645.0, 649.0, 706.0, 730.0, 718.0, 712.0, 683.0, 663.0, 656.0, 663.0, 686.0, 700.0, 693.0, 650.0, 704.0, 738.0, 730.0, 713.0, 725.0, 738.0, 761.0, 765.0, 784.0, 824.0, 797.0, 818.0, 789.0, 815.0, 779.0, 757.0, 772.0, 827.0, 865.0, 878.0, 849.0, 843.0, 827.0, 808.0, 828.0, 806.0, 845.0, 839.0, 863.0, 852.0, 881.0, 878.0, 889.0, 945.0, 974.0, 982.0, 1072.0, 1161.0, 1204.0]"
phi=0.90,64,opening,9,174.65,True,,1223.0,"[48.2, 35.0, 44.0, 34.0, 32.0, 26.0, 52.0, 64.0, 72.0, 72.0, 97.0, 121.0, 123.0, 120.0, 126.0, 137.0, 144.0, 159.0, 158.0, 168.0, 162.0, 174.0, 212.0, 218.0, 204.0, 230.0, 250.0, 224.0, 240.0, 226.0, 255.0, 495.0, 551.0, 571.0, 540.0, 561.0, 541.0, 579.0, 606.0, 609.0, 656.0, 657.0, 650.0, 651.0, 654.0, 678.0, 629.0, 679.0, 706.0, 712.0, 713.0, 705.0, 716.0, 705.0, 740.0, 740.0, 711.0, 670.0, 673.0, 653.0, 650.0, 681.0, 708.0, 726.0, 724.0, 723.0, 737.0, 752.0, 717.0, 740.0, 784.0, 806.0, 823.0, 810.0, 793.0, 812.0, 817.0, 807.0, 804.0, 846.0, 860.0, 798.0, 816.0, 824.0, 905.0, 902.0, 898.0, 900.0, 875.0, 825.0, 793.0, 827.0, 812.0, 843.0, 836.0, 796.0, 760.0, 807.0, 855.0, 833.0, 796.0, 778.0, 783.0, 802.0, 772.0, 756.0, 746.0, 715.0, 768.0, 756.0, 832.0, 843.0, 877.0, 832.0, 854.0, 810.0, 778.0, 755.0, 768.0, 724.0, 787.0, 795.0, 819.0, 905.0, 975.0, 984.0, 1001.0, 965.0, 945.0, 888.0, 926.0, 972.0, 986.0, 995.0, 1007.0, 1029.0, 1015.0, 1049.0, 1005.0, 981.0, 982.0, 957.0, 913.0, 875.0, 856.0, 858.0, 800.0, 792.0, 854.0, 847.0, 871.0, 825.0, 852.0, 787.0, 747.0, 752.0, 773.0, 786.0, 794.0, 781.0, 754.0, 790.0, 768.0, 772.0, 740.0, 758.0, 717.0, 725.0, 712.0, 712.0, 769.0, 791.0, 787.0, 812.0, 790.0, 852.0, 795.0, 760.0, 734.0, 693.0, 703.0, 661.0, 734.0, 739.0, 739.0, 743.0, 700.0, 671.0, 687.0, 655.0, 690.0, 730.0, 688.0, 678.0, 689.0, 701.0, 704.0, 708.0, 704.0, 757.0, 705.0, 689.0, 675.0, 649.0, 652.0, 641.0, 667.0, 632.0, 667.0, 677.0, 689.0, 713.0, 777.0, 794.0, 823.0, 800.0, 769.0, 773.0, 809.0, 870.0, 873.0, 919.0, 1025.0, 1006.0, 970.0, 966.0, 969.0, 970.0, 943.0, 948.0, 969.0, 962.0, 1037.0, 1117.0, 1093.0, 1063.0, 1058.0, 1056.0, 1049.0, 1040.0, 1100.0, 1114.0, 1151.0, 1186.0, 1183.0, 1167.0, 1171.0, 1156.0, 1150.0, 1173.0, 1179.0, 1223.0]"
phi=0.90,64,opening,10,348.45,True,,1223.0,"[48.2, 83.0, 90.0, 78.0, 96.0, 74.0, 117.0, 141.0, 148.0, 162.0, 170.0, 202.0, 238.0, 277.0, 270.0, 305.0, 325.0, 349.0, 336.0, 325.0, 335.0, 313.0, 335.0, 390.0, 416.0, 461.0, 465.0, 464.0, 509.0, 484.0, 457.0, 697.0, 715.0, 739.0, 735.0, 736.0, 800.0, 797.0, 809.0, 870.0, 879.0, 862.0, 864.0, 839.0, 852.0, 820.0, 830.0, 870.0, 848.0, 810.0, 853.0, 818.0, 837.0, 812.0, 794.0, 769.0, 745.0, 784.0, 803.0, 807.0, 782.0, 809.0, 800.0, 797.0, 837.0, 843.0, 838.0, 826.0, 846.0, 854.0, 838.0, 855.0, 828.0, 818.0, 800.0, 818.0, 839.0, 813.0, 836.0, 843.0, 870.0, 852.0, 864.0, 880.0, 906.0, 919.0, 1000.0, 1026.0, 1015.0, 982.0, 1106.0, 1099.0, 1076.0, 1107.0, 1069.0, 1040.0, 1072.0, 1063.0, 1056.0, 1068.0, 1058.0, 1098.0, 1091.0, 1070.0, 1045.0, 1025.0, 1049.0, 1024.0, 987.0, 970.0, 1053.0, 1050.0, 1044.0, 1066.0, 1061.0, 1084.0, 1086.0, 1124.0, 1223.0]"
phi=0.90,64,opening,11,295.5,True,,1203.0,"[48.2, 70.0, 105.0, 124.0, 143.0, 139.0, 168.0, 179.0, 184.0, 204.0, 193.0, 182.0, 183.0, 197.0, 228.0, 226.0, 242.0, 255.0, 216.0, 268.0, 285.0, 306.0, 312.0, 323.0, 356.0, 391.0, 389.0, 436.0, 463.0, 459.0, 462.0, 702.0, 708.0, 709.0, 690.0, 674.0, 697.0, 700.0, 664.0, 705.0, 718.0, 703.0, 747.0, 733.0, 755.0, 830.0, 790.0, 702.0, 729.0, 755.0, 789.0, 806.0, 803.0, 785.0, 830.0, 859.0, 847.0, 810.0, 836.0, 805.0, 862.0, 833.0, 837.0, 844.0, 880.0, 880.0, 802.0, 876.0, 872.0, 883.0, 841.0, 827.0, 837.0, 817.0, 806.0, 808.0, 856.0, 873.0, 904.0, 961.0, 971.0, 925.0, 934.0, 909.0, 938.0, 972.0, 1039.0, 1075.0, 1039.0, 1020.0, 1013.0, 974.0, 936.0, 931.0, 960.0, 958.0, 917.0, 890.0, 928.0, 903.0, 884.0, 853.0, 836.0, 877.0, 834.0, 794.0, 828.0, 859.0, 842.0, 907.0, 958.0, 1011.0, 1054.0, 1049.0, 1131.0, 1178.0, 1163.0, 1174.0, 1173.0, 1157.0, 1164.0, 1153.0, 1171.0, 1188.0, 1182.0, 1103.0, 1159.0, 1193.0, 1203.0]"
phi=0.90,64,opening,12,237.95,True,,1208.0,"[48.2, 55.0, 62.0, 56.0, 45.0, 65.0, 64.0, 83.0, 108.0, 125.0, 126.0, 135.0, 142.0, 179.0, 165.0, 165.0, 180.0, 167.0, 177.0, 216.0, 209.0, 231.0, 224.0, 264.0, 266.0, 307.0, 358.0, 379.0, 429.0, 440.0, 440.0, 680.0, 642.0, 609.0, 620.0, 607.0, 585.0, 592.0, 604.0, 586.0, 667.0, 702.0, 682.0, 691.0, 741.0, 724.0, 729.0, 728.0, 698.0, 667.0, 649.0, 656.0, 656.0, 700.0, 720.0, 689.0, 669.0, 696.0, 691.0, 641.0, 651.0, 649.0, 692.0, 717.0, 758.0, 717.0, 742.0, 789.0, 804.0, 821.0, 852.0, 799.0, 829.0, 843.0, 919.0, 938.0, 908.0, 935.0, 980.0, 951.0, 982.0, 993.0, 1022.0, 1071.0, 1103.0, 1076.0, 1118.0, 1144.0, 1111.0, 1112.0, 1056.0, 1058.0, 1028.0, 1017.0, 1064.0, 1023.0, 1032.0, 1086.0, 1072.0, 1007.0, 1111.0, 1118.0, 1113.0, 1151.0, 1130.0, 1195.0, 1197.0, 1109.0, 1076.0, 1107.0, 1150.0, 1148.0, 1092.0, 1064.0, 1041.0, 1060.0, 1054.0, 1059.0, 1017.0, 988.0, 1042.0, 1025.0, 988.0, 987.0, 925.0, 934.0, 897.0, 880.0, 895.0, 916.0, 934.0, 935.0, 913.0, 870.0, 857.0, 803.0, 822.0, 806.0, 820.0, 843.0, 885.0, 852.0, 844.0, 825.0, 880.0, 819.0, 860.0, 848.0, 861.0, 865.0, 917.0, 926.0, 961.0, 948.0, 937.0, 953.0, 904.0, 926.0, 929.0, 961.0, 920.0, 930.0, 917.0, 895.0, 845.0, 857.0, 822.0, 815.0, 823.0, 891.0, 834.0, 868.0, 881.0, 915.0, 921.0, 890.0, 933.0, 910.0, 904.0, 883.0, 917.0, 927.0, 882.0, 818.0, 859.0, 882.0, 937.0, 980.0, 1007.0, 985.0, 983.0, 1003.0, 958.0, 1011.0, 999.0, 1046.0, 1041.0, 1055.0, 1086.0, 1058.0, 1114.0, 1094.0, 1128.0, 1086.0, 1123.0, 1151.0, 1164.0, 1152.0, 1190.0, 1208.0]"
phi=0.90,64,opening,13,205.35,True,,1212.0,"[48.2, 82.0, 108.0, 102.0, 110.0, 90.0, 114.0, 117.0, 101.0, 122.0, 147.0, 183.0, 171.0, 176.0, 170.0, 195.0, 200.0, 201.0, 196.0, 221.0, 187.0, 198.0, 181.0, 197.0, 210.0, 210.0, 249.0, 272.0, 270.0, 273.0, 303.0, 543.0, 552.0, 577.0, 569.0, 563.0, 547.0, 639.0, 608.0, 641.0, 637.0, 676.0, 727.0, 785.0, 735.0, 705.0, 658.0, 674.0, 680.0, 658.0, 675.0, 716.0, 701.0, 672.0, 694.0, 695.0, 692.0, 724.0, 683.0, 705.0, 722.0, 815.0, 826.0, 829.0, 875.0, 925.0, 937.0, 929.0, 928.0, 917.0, 916.0, 953.0, 934.0, 937.0, 944.0, 955.0, 976.0, 970.0, 962.0, 1025.0, 1027.0, 1078.0, 1128.0, 1176.0, 1212.0]"
phi=0.90,64,opening,14,180.25,True,,1217.0,"[48.2, 50.0, 64.0, 69.0, 96.0, 120.0, 135.0, 172.0, 135.0, 161.0, 163.0, 146.0, 156.0, 166.0, 167.0, 177.0, 176.0, 185.0, 175.0, 181.0, 161.0, 168.0, 176.0, 175.0, 179.0, 190.0, 205.0, 248.0, 203.0, 208.0, 221.0, 461.0, 483.0, 525.0, 512.0, 481.0, 492.0, 492.0, 474.0, 478.0, 481.0, 488.0, 528.0, 522.0, 531.0, 532.0, 567.0, 561.0, 535.0, 563.0, 604.0, 591.0, 600.0, 591.0, 554.0, 587.0, 576.0, 538.0, 595.0, 589.0, 579.0, 618.0, 625.0, 632.0, 581.0, 620.0, 630.0, 653.0, 611.0, 667.0, 606.0, 609.0, 645.0, 639.0, 635.0, 589.0, 644.0, 648.0, 626.0, 663.0, 692.0, 687.0, 694.0, 673.0, 704.0, 685.0, 694.0, 725.0, 713.0, 738.0, 728.0, 721.0, 715.0, 772.0, 792.0, 811.0, 820.0, 857.0, 839.0, 877.0, 919.0, 933.0, 956.0, 980.0, 960.0, 984.0, 960.0, 986.0, 1041.0, 1024.0, 1056.0, 1106.0, 1096.0, 1099.0, 1124.0, 1103.0, 1135.0, 1108.0, 1095.0, 1158.0, 1176.0, 1166.0, 1165.0, 1142.0, 1180.0, 1217.0]"
phi=0.90,64,opening,15,152.35,True,,1221.0,"[48.2, 41.0, 62.0, 71.0, 84.0, 84.0, 96.0, 95.0, 94.0, 102.0, 114.0, 96.0, 88.0, 135.0, 127.0, 135.0, 127.0, 131.0, 138.0, 127.0, 135.0, 151.0, 163.0, 153.0, 167.0, 171.0, 195.0, 203.0, 250.0, 241.0, 237.0, 477.0, 473.0, 510.0, 512.0, 558.0, 598.0, 572.0, 561.0, 602.0, 620.0, 597.0, 617.0, 623.0, 612.0, 647.0, 639.0, 644.0, 623.0, 621.0, 568.0, 585.0, 665.0, 695.0, 718.0, 711.0, 704.0, 693.0, 672.0, 636.0, 620.0, 646.0, 604.0, 649.0, 693.0, 727.0, 740.0, 788.0, 827.0, 752.0, 748.0, 709.0, 722.0, 751.0, 761.0, 779.0, 682.0, 660.0, 648.0, 632.0, 618.0, 587.0, 553.0, 613.0, 638.0, 628.0, 669.0, 683.0, 691.0, 671.0, 748.0, 770.0, 696.0, 735.0, 719.0, 736.0, 824.0, 906.0, 892.0, 917.0, 990.0, 1047.0, 1012.0, 1030.0, 1014.0, 1109.0, 1031.0, 1050.0, 1079.0, 1080.0, 1009.0, 998.0, 971.0, 977.0, 966.0, 990.0, 951.0, 968.0, 960.0, 1017.0, 981.0, 968.0, 967.0, 1002.0, 1036.0, 972.0, 966.0, 1011.0, 1010.0, 1036.0, 999.0, 969.0, 959.0, 904.0, 923.0, 941.0, 913.0, 865.0, 861.0, 841.0, 882.0, 893.0, 947.0, 948.0, 955.0, 917.0, 880.0, 856.0, 859.0, 820.0, 871.0, 860.0, 857.0, 869.0, 842.0, 870.0, 875.0, 843.0, 807.0, 801.0, 813.0, 748.0, 753.0, 752.0, 808.0, 806.0, 787.0, 743.0, 746.0, 770.0, 815.0, 828.0, 815.0, 795.0, 817.0, 832.0, 848.0, 852.0, 817.0, 768.0, 769.0, 820.0, 804.0, 804.0, 794.0, 810.0, 874.0, 891.0, 844.0, 797.0, 855.0, 857.0, 902.0, 880.0, 887.0, 902.0, 913.0, 893.0, 882.0, 940.0, 996.0, 998.0, 978.0, 967.0, 1018.0, 1035.0, 1071.0, 1091.0, 1109.0, 1066.0, 1102.0, 1134.0, 1177.0, 1221.0]"
phi=0.90,64,opening,16,234.25,True,,1217.0,"[48.2, 50.0, 61.0, 101.0, 103.0, 153.0, 140.0, 138.0, 163.0, 173.0, 186.0, 214.0, 237.0, 241.0, 202.0, 241.0, 207.0, 193.0, 199.0, 212.0, 237.0, 254.0, 259.0, 266.0, 253.0, 236.0, 222.0, 251.0, 264.0, 311.0, 284.0, 524.0, 539.0, 561.0, 566.0, 632.0, 671.0, 624.0, 634.0, 587.0, 615.0, 646.0, 651.0, 629.0, 623.0, 587.0, 620.0, 604.0, 611.0, 635.0, 606.0, 613.0, 611.0, 611.0, 594.0, 642.0, 628.0, 638.0, 633.0, 627.0, 643.0, 633.0, 614.0, 571.0, 580.0, 565.0, 541.0, 543.0, 603.0, 656.0, 677.0, 706.0, 704.0, 700.0, 649.0, 647.0, 663.0, 631.0, 628.0, 622.0, 600.0, 607.0, 573.0, 635.0, 629.0, 620.0, 635.0, 662.0, 644.0, 610.0, 589.0, 549.0, 562.0, 556.0, 578.0, 598.0, 610.0, 599.0, 632.0, 662.0, 636.0, 589.0, 563.0, 566.0, 558.0, 592.0, 596.0, 612.0, 618.0, 619.0, 613.0, 677.0, 642.0, 616.0, 605.0, 630.0, 668.0, 686.0, 649.0, 664.0, 651.0, 658.0, 715.0, 725.0, 732.0, 777.0, 690.0, 644.0, 653.0, 690.0, 711.0, 642.0, 658.0, 627.0, 669.0, 638.0, 622.0, 596.0, 606.0, 631.0, 624.0, 605.0, 595.0, 611.0, 620.0, 608.0, 642.0, 681.0, 667.0, 679.0, 710.0, 746.0, 705.0, 728.0, 684.0, 757.0, 764.0, 757.0, 736.0, 789.0, 769.0, 849.0, 930.0, 864.0, 964.0, 950.0, 971.0, 989.0, 995.0, 976.0, 992.0, 989.0, 961.0, 1002.0, 1067.0, 1038.0, 1041.0, 988.0, 984.0, 950.0, 915.0, 906.0, 961.0, 969.0, 1006.0, 991.0, 1031.0, 1030.0, 1069.0, 1051.0, 1072.0, 1088.0, 1133.0, 1050.0, 1008.0, 990.0, 980.0, 972.0, 1013.0, 1029.0, 1013.0, 966.0, 965.0, 992.0, 966.0, 936.0, 915.0, 875.0, 932.0, 997.0, 1016.0, 1010.0, 1025.0, 1019.0, 998.0, 1012.0, 1000.0, 962.0, 921.0, 883.0, 894.0, 855.0, 871.0, 872.0, 798.0, 812.0, 798.0, 801.0, 818.0, 809.0, 816.0, 845.0, 859.0, 903.0, 949.0, 955.0, 922.0, 892.0, 948.0, 938.0, 913.0, 924.0, 923.0, 916.0, 838.0, 858.0, 936.0, 915.0, 952.0, 924.0, 868.0, 813.0, 806.0, 835.0, 843.0, 868.0, 846.0, 904.0, 939.0, 960.0, 987.0, 963.0, 997.0, 975.0, 1066.0, 1072.0, 1081.0, 1075.0, 1067.0, 1069.0, 1093.0, 1022.0, 1094.0, 1154.0, 1149.0, 1133.0, 1141.0, 1173.0, 1189.0, 1150.0, 1163.0, 1163.0, 1143.0, 1137.0, 1126.0, 1110.0, 1114.0, 1103.0, 1107.0, 1123.0, 1051.0, 1046.0, 1041.0, 1040.0, 1027.0, 1075.0, 1091.0, 1078.0, 1116.0, 1217.0]"
phi=0.90,64,opening,17,277.55,True,,1220.0,"[48.2, 65.0, 94.0, 78.0, 109.0, 159.0, 171.0, 145.0, 168.0, 182.0, 196.0, 179.0, 192.0, 195.0, 195.0, 192.0, 208.0, 229.0, 288.0, 266.0, 303.0, 303.0, 302.0, 342.0, 359.0, 343.0, 334.0, 355.0, 384.0, 386.0, 394.0, 634.0, 660.0, 698.0, 629.0, 604.0, 647.0, 664.0, 667.0, 666.0, 742.0, 753.0, 761.0, 711.0, 732.0, 770.0, 776.0, 732.0, 747.0, 761.0, 759.0, 772.0, 721.0, 704.0, 700.0, 667.0, 675.0, 628.0, 623.0, 630.0, 676.0, 756.0, 750.0, 792.0, 790.0, 758.0, 768.0, 749.0, 750.0, 753.0, 735.0, 684.0, 759.0, 783.0, 775.0, 796.0, 792.0, 856.0, 886.0, 869.0, 884.0, 855.0, 803.0, 790.0, 817.0, 842.0, 795.0, 818.0, 871.0, 881.0, 831.0, 810.0, 780.0, 836.0, 896.0, 819.0, 844.0, 847.0, 868.0, 856.0, 922.0, 939.0, 912.0, 889.0, 876.0, 854.0, 847.0, 822.0, 796.0, 794.0, 792.0, 784.0, 766.0, 725.0, 716.0, 718.0, 709.0, 743.0, 840.0, 846.0, 793.0, 797.0, 782.0, 782.0, 755.0, 772.0, 773.0, 796.0, 794.0, 761.0, 731.0, 711.0, 719.0, 682.0, 659.0, 669.0, 708.0, 684.0, 730.0, 731.0, 750.0, 787.0, 771.0, 741.0, 797.0, 821.0, 863.0, 895.0, 913.0, 942.0, 971.0, 977.0, 1002.0, 1032.0, 1064.0, 1090.0, 1049.0, 1057.0, 1134.0, 1198.0, 1179.0, 1197.0, 1160.0, 1191.0, 1220.0]"
phi=0.90,64,opening,18,191.15,True,,1211.0,"[48.2, 87.0, 82.0, 75.0, 111.0, 106.0, 118.0, 105.0, 116.0, 113.0, 145.0, 145.0, 133.0, 151.0, 148.0, 169.0, 165.0, 158.0, 181.0, 191.0, 206.0, 212.0, 209.0, 213.0, 228.0, 253.0, 240.0, 220.0, 226.0, 230.0, 258.0, 498.0, 569.0, 557.0, 564.0, 548.0, 549.0, 575.0, 538.0, 534.0, 518.0, 554.0, 553.0, 584.0, 590.0, 634.0, 604.0, 605.0, 634.0, 622.0, 631.0, 668.0, 676.0, 628.0, 639.0, 620.0, 576.0, 574.0, 606.0, 676.0, 691.0, 664.0, 699.0, 711.0, 693.0, 705.0, 706.0, 689.0, 680.0, 682.0, 670.0, 691.0, 720.0, 729.0, 754.0, 802.0, 804.0, 819.0, 844.0, 859.0, 839.0, 859.0, 806.0, 813.0, 823.0, 872.0, 875.0, 825.0, 862.0, 890.0, 880.0, 929.0, 928.0, 928.0, 959.0, 948.0, 940.0, 899.0, 910.0, 919.0, 934.0, 926.0, 888.0, 862.0, 809.0, 805.0, 799.0, 773.0, 835.0, 837.0, 833.0, 828.0, 875.0, 849.0, 855.0, 889.0, 925.0, 960.0, 1031.0, 1095.0, 1068.0, 1060.0, 1109.0, 1149.0, 1184.0, 1154.0, 1146.0, 1160.0, 1171.0, 1192.0, 1211.0]"
phi=0.90,64,opening,19,236.4,True,,1218.0,"[48.2, 40.0, 44.0, 64.0, 79.0, 83.0, 95.0, 129.0, 135.0, 162.0, 183.0, 208.0, 206.0, 196.0, 205.0, 224.0, 250.0, 259.0, 264.0, 277.0, 241.0, 239.0, 261.0, 241.0, 223.0, 230.0, 243.0, 255.0, 259.0, 264.0, 232.0, 472.0, 528.0, 511.0, 520.0, 541.0, 540.0, 559.0, 557.0, 581.0, 550.0, 534.0, 555.0, 603.0, 582.0, 601.0, 637.0, 645.0, 642.0, 668.0, 637.0, 617.0, 654.0, 660.0, 637.0, 683.0, 670.0, 725.0, 727.0, 761.0, 769.0, 766.0, 763.0, 801.0, 796.0, 833.0, 797.0, 780.0, 856.0, 928.0, 961.0, 841.0, 837.0, 763.0, 808.0, 882.0, 855.0, 849.0, 781.0, 811.0, 819.0, 778.0, 803.0, 805.0, 800.0, 793.0, 784.0, 827.0, 714.0, 685.0, 613.0, 607.0, 598.0, 618.0, 634.0, 652.0, 624.0, 672.0, 681.0, 701.0, 712.0, 709.0, 722.0, 730.0, 707.0, 708.0, 699.0, 669.0, 698.0, 738.0, 720.0, 766.0, 778.0, 797.0, 762.0, 776.0, 789.0, 792.0, 825.0, 871.0, 944.0, 1002.0, 990.0, 994.0, 976.0, 963.0, 972.0, 1003.0, 961.0, 981.0, 948.0, 942.0, 947.0, 924.0, 931.0, 889.0, 881.0, 855.0, 853.0, 888.0, 904.0, 976.0, 1018.0, 1012.0, 1079.0, 1075.0, 1069.0, 1094.0, 1077.0, 1039.0, 1055.0, 1070.0, 1058.0, 1039.0, 1011.0, 1015.0, 1112.0, 1182.0, 1146.0, 1120.0, 1172.0, 1181.0, 1191.0, 1218.0]"
phi=0.85,61,profile,0,101.25,False,26,141.0,"[34.3, 21.0, 49.0, 40.0, 70.0, 79.0, 108.0, 113.0, 124.0, 112.0, 117.0, 119.0, 100.0, 83.0, 106.0, 83.0, 104.0, 123.0, 134.0, 129.0, 101.0, 100.0, 118.0, 79.0, 90.0, 74.0, 65.0, 84.0, 109.0, 107.0, 70.0, 310.0, 316.0, 306.0, 278.0, 271.0, 204.0, 196.0, 194.0, 208.0, 230.0, 202.0, 167.0, 189.0, 174.0, 178.0, 193.0, 224.0, 172.0, 170.0, 186.0, 216.0, 244.0, 216.0, 165.0, 114.0, 133.0, 141.0, 162.0, 133.0, 126.0, 92.0, 83.0, 133.0, 116.0, 138.0, 109.0, 84.0, 83.0, 74.0, 113.0, 59.0, 95.0, 78.0, 62.0, 61.0, 71.0, 65.0, 105.0, 81.0, 67.0, 79.0, 48.0, 56.0, 76.0, 64.0, 60.0, 96.0, 80.0, 61.0, 90.0, 81.0, 110.0, 103.0, 156.0, 166.0, 159.0, 164.0, 155.0, 150.0, 163.0, 150.0, 122.0, 94.0, 105.0, 107.0, 113.0, 98.0, 112.0, 155.0, 163.0, 180.0, 187.0, 138.0, 141.0]"
phi=0.85,61,profile,1,94.75,False,46,122.0,"[34.3, 39.0, 18.0, 54.0, 51.0, 81.0, 77.0, 72.0, 92.0, 89.0, 66.0, 64.0, 67.0, 75.0, 98.0, 100.0, 104.0, 152.0, 114.0, 111.0, 100.0, 120.0, 84.0, 87.0, 114.0, 101.0, 102.0, 88.0, 70.0, 78.0, 108.0, 348.0, 319.0, 324.0, 298.0, 269.0, 242.0, 237.0, 237.0, 231.0, 263.0, 292.0, 292.0, 267.0, 280.0, 244.0, 240.0, 228.0, 181.0, 169.0, 196.0, 208.0, 227.0, 204.0, 154.0, 190.0, 186.0, 186.0, 177.0, 213.0, 235.0, 254.0, 275.0, 284.0, 261.0, 260.0, 243.0, 227.0, 204.0, 194.0, 195.0, 189.0, 186.0, 203.0, 202.0, 207.0, 193.0, 184.0, 154.0, 104.0, 64.0, 53.0, 44.0, 53.0, 72.0, 120.0, 115.0, 103.0, 106.0, 128.0, 114.0, 112.0, 97.0, 126.0, 144.0, 114.0, 110.0, 91.0, 77.0, 63.0, 77.0, 120.0, 120.0, 128.0, 133.0, 149.0, 142.0, 131.0, 157.0, 160.0, 166.0, 135.0, 136.0, 138.0, 122.0]"
phi=0.85,61,profile,2,77.4,False,35,51.0,"[34.3, 47.0, 43.0, 66.0, 69.0, 83.0, 94.0, 77.0, 98.0, 98.0, 63.0, 62.0, 85.0, 75.0, 59.0, 63.0, 71.0, 60.0, 101.0, 61.0, 68.0, 92.0, 91.0, 88.0, 108.0, 113.0, 81.0, 76.0, 52.0, 79.0, 67.0, 307.0, 293.0, 288.0, 301.0, 251.0, 249.0, 225.0, 251.0, 240.0, 175.0, 184.0, 186.0, 109.0, 117.0, 93.0, 113.0, 123.0, 133.0, 127.0, 91.0, 115.0, 95.0, 104.0, 110.0, 127.0, 132.0, 90.0, 123.0, 92.0, 126.0, 130.0, 150.0, 149.0, 171.0, 112.0, 92.0, 86.0, 108.0, 84.0, 78.0, 50.0, 83.0, 122.0, 128.0, 131.0, 141.0, 111.0, 86.0, 85.0, 103.0, 105.0, 108.0, 73.0, 94.0, 92.0, 86.0, 124.0, 95.0, 112.0, 122.0, 128.0, 114.0, 121.0, 125.0, 102.0, 125.0, 129.0, 96.0, 104.0, 82.0, 73.0, 85.0, 100.0, 79.0, 71.0, 83.0, 108.0, 90.0, 86.0, 110.0, 99.0, 94.0, 45.0, 51.0]"
phi=0.85,61,profile,3,106.65,False,14,48.0,"[34.3, 53.0, 58.0, 58.0, 55.0, 58.0, 87.0, 123.0, 132.0, 136.0, 163.0, 150.0, 154.0, 175.0, 165.0, 137.0, 121.0, 104.0, 66.0, 64.0, 111.0, 90.0, 120.0, 113.0, 73.0, 57.0, 74.0, 70.0, 74.0, 52.0, 82.0, 322.0, 252.0, 210.0, 223.0, 235.0, 263.0, 231.0, 238.0, 241.0, 220.0, 197.0, 162.0, 143.0, 133.0, 139.0, 133.0, 119.0, 137.0, 130.0, 98.0, 83.0, 94.0, 91.0, 147.0, 153.0, 126.0, 126.0, 78.0, 96.0, 94.0, 109.0, 114.0, 103.0, 106.0, 71.0, 62.0, 83.0, 106.0, 114.0, 80.0, 66.0, 112.0, 102.0, 92.0, 126.0, 143.0, 141.0, 131.0, 126.0, 149.0, 76.0, 86.0, 111.0, 104.0, 95.0, 107.0, 126.0, 173.0, 118.0, 110.0, 105.0, 119.0, 130.0, 125.0, 135.0, 130.0, 154.0, 147.0, 122.0, 137.0, 121.0, 151.0, 144.0, 79.0, 75.0, 50.0, 29.0, 38.0, 65.0, 89.0, 50.0, 41.0, 17.0, 48.0]"
phi=0.85,61,profile,4,69.1,False,17,111.0,"[34.3, 33.0, 84.0, 69.0, 53.0, 49.0, 51.0, 67.0, 32.0, 44.0, 55.0, 49.0, 68.0, 48.0, 54.0, 72.0, 41.0, 60.0, 52.0, 58.0, 62.0, 79.0, 106.0, 94.0, 102.0, 103.0, 101.0, 91.0, 48.0, 39.0, 52.0, 292.0, 286.0, 210.0, 175.0, 190.0, 167.0, 163.0, 163.0, 139.0, 136.0, 140.0, 146.0, 108.0, 108.0, 128.0, 138.0, 134.0, 91.0, 83.0, 55.0, 80.0, 90.0, 89.0, 91.0, 80.0, 75.0, 92.0, 72.0, 57.0, 66.0, 59.0, 41.0, 40.0, 38.0, 58.0, 49.0, 57.0, 67.0, 104.0, 77.0, 86.0, 75.0, 102.0, 78.0, 70.0, 84.0, 105.0, 74.0, 77.0, 73.0, 78.0, 90.0, 99.0, 104.0, 100.0, 118.0, 93.0, 119.0, 113.0, 107.0, 101.0, 121.0, 135.0, 131.0, 117.0, 92.0, 76.0, 83.0, 94.0, 93.0, 108.0, 102.0, 79.0, 96.0, 96.0, 99.0, 72.0, 65.0, 73.0, 122.0, 154.0, 160.0, 114.0, 111.0]"
phi=0.85,61,profile,5,84.2,False,32,83.0,"[34.3, 20.0, 33.0, 28.0, 38.0, 64.0, 64.0, 71.0, 76.0, 55.0, 38.0, 61.0, 68.0, 87.0, 98.0, 99.0, 88.0, 93.0, 102.0, 118.0, 114.0, 83.0, 78.0, 102.0, 70.0, 54.0, 70.0, 70.0, 78.0, 113.0, 132.0, 372.0, 381.0, 286.0, 299.0, 289.0, 296.0, 255.0, 313.0, 331.0, 286.0, 279.0, 244.0, 250.0, 229.0, 196.0, 187.0, 150.0, 178.0, 158.0, 152.0, 144.0, 123.0, 167.0, 186.0, 196.0, 140.0, 170.0, 169.0, 153.0, 124.0, 133.0, 146.0, 117.0, 129.0, 105.0, 74.0, 72.0, 60.0, 90.0, 77.0, 74.0, 66.0, 36.0, 33.0, 47.0, 53.0, 83.0, 114.0, 145.0, 120.0, 113.0, 108.0, 170.0, 204.0, 230.0, 248.0, 277.0, 267.0, 285.0, 308.0, 295.0, 296.0, 280.0, 224.0, 212.0, 267.0, 241.0, 261.0, 272.0, 285.0, 283.0, 265.0, 269.0, 228.0, 149.0, 118.0, 120.0, 123.0, 99.0, 69.0, 62.0, 71.0, 72.0, 83.0]"
phi=0.85,61,profile,6,67.0,False,33,54.0,"[34.3, 55.0, 68.0, 66.0, 60.0, 107.0, 85.0, 77.0, 97.0, 88.0, 61.0, 73.0, 63.0, 83.0, 69.0, 75.0, 64.0, 54.0, 103.0, 107.0, 103.0, 99.0, 91.0, 78.0, 60.0, 48.0, 28.0, 22.0, 36.0, 23.0, 34.0, 274.0, 233.0, 193.0, 199.0, 171.0, 186.0, 197.0, 180.0, 166.0, 178.0, 160.0, 125.0, 123.0, 128.0, 135.0, 141.0, 138.0, 118.0, 125.0, 121.0, 130.0, 132.0, 118.0, 125.0, 138.0, 154.0, 164.0, 164.0, 157.0, 143.0, 133.0, 101.0, 104.0, 113.0, 120.0, 110.0, 86.0, 53.0, 30.0, 55.0, 71.0, 68.0, 58.0, 72.0, 59.0, 55.0, 52.0, 68.0, 52.0, 52.0, 65.0, 53.0, 85.0, 94.0, 92.0, 82.0, 67.0, 83.0, 99.0, 99.0, 107.0, 92.0, 66.0, 73.0, 91.0, 71.0, 37.0, 49.0, 26.0, 41.0, 83.0, 147.0, 120.0, 119.0, 88.0, 81.0, 77.0, 72.0, 61.0, 37.0, 39.0, 22.0, 36.0, 54.0]"
phi=0.85,61,profile,7,109.15,False,20,126.0,"[34.3, 56.0, 96.0, 69.0, 33.0, 51.0, 65.0, 59.0, 73.0, 95.0, 62.0, 74.0, 62.0, 94.0, 123.0, 109.0, 130.0, 121.0, 137.0, 145.0, 145.0, 135.0, 117.0, 123.0, 115.0, 91.0, 103.0, 103.0, 108.0, 86.0, 96.0, 336.0, 320.0, 301.0, 258.0, 262.0, 251.0, 237.0, 213.0, 209.0, 197.0, 175.0, 114.0, 118.0, 97.0, 145.0, 184.0, 169.0, 169.0, 206.0, 151.0, 151.0, 142.0, 139.0, 103.0, 77.0, 66.0, 61.0, 51.0, 42.0, 29.0, 26.0, 35.0, 59.0, 51.0, 46.0, 43.0, 80.0, 67.0, 59.0, 87.0, 89.0, 83.0, 75.0, 93.0, 102.0, 114.0, 82.0, 103.0, 130.0, 98.0, 126.0, 98.0, 62.0, 60.0, 35.0, 50.0, 46.0, 39.0, 41.0, 46.0, 44.0, 47.0, 32.0, 27.0, 53.0, 79.0, 102.0, 97.0, 71.0, 84.0, 75.0, 93.0, 102.0, 79.0, 76.0, 91.0, 133.0, 140.0, 172.0, 137.0, 136.0, 132.0, 118.0, 126.0]"
phi=0.85,61,profile,8,119.25,False,13,99.0,"[34.3, 37.0, 39.0, 57.0, 111.0, 105.0, 88.0, 87.0, 76.0, 75.0, 33.0, 35.0, 46.0, 70.0, 44.0, 49.0, 63.0, 92.0, 120.0, 107.0, 132.0, 147.0, 126.0, 155.0, 177.0, 193.0, 185.0, 197.0, 187.0, 227.0, 219.0, 459.0, 426.0, 424.0, 412.0, 416.0, 391.0, 372.0, 300.0, 286.0, 293.0, 232.0, 216.0, 145.0, 159.0, 155.0, 128.0, 88.0, 117.0, 100.0, 82.0, 66.0, 44.0, 56.0, 60.0, 47.0, 47.0, 61.0, 74.0, 49.0, 66.0, 55.0, 70.0, 54.0, 89.0, 61.0, 43.0, 64.0, 71.0, 55.0, 67.0, 69.0, 45.0, 71.0, 70.0, 71.0, 94.0, 118.0, 125.0, 119.0, 129.0, 169.0, 137.0, 141.0, 128.0, 110.0, 88.0, 117.0, 125.0, 153.0, 138.0, 163.0, 142.0, 143.0, 123.0, 125.0, 125.0, 114.0, 108.0, 97.0, 100.0, 100.0, 128.0, 159.0, 177.0, 148.0, 153.0, 146.0, 103.0, 97.0, 127.0, 140.0, 99.0, 94.0, 99.0]"
phi=0.85,61,profile,9,93.95,False,14,63.0,"[34.3, 13.0, 44.0, 51.0, 52.0, 28.0, 53.0, 61.0, 68.0, 84.0, 92.0, 96.0, 87.0, 85.0, 111.0, 105.0, 110.0, 127.0, 89.0, 79.0, 81.0, 87.0, 113.0, 108.0, 71.0, 88.0, 84.0, 68.0, 99.0, 99.0, 80.0, 320.0, 328.0, 324.0, 320.0, 301.0, 233.0, 236.0, 233.0, 230.0, 255.0, 228.0, 198.0, 190.0, 145.0, 124.0, 91.0, 92.0, 125.0, 103.0, 107.0, 102.0, 121.0, 142.0, 159.0, 171.0, 119.0, 76.0, 59.0, 64.0, 75.0, 85.0, 109.0, 159.0, 153.0, 168.0, 141.0, 124.0, 103.0, 78.0, 90.0, 111.0, 89.0, 80.0, 63.0, 38.0, 40.0, 58.0, 63.0, 64.0, 109.0, 55.0, 58.0, 54.0, 43.0, 34.0, 36.0, 35.0, 73.0, 92.0, 87.0, 96.0, 75.0, 50.0, 46.0, 50.0, 62.0, 70.0, 108.0, 98.0, 39.0, 31.0, 55.0, 58.0, 54.0, 63.0, 73.0, 52.0, 93.0, 87.0, 92.0, 59.0, 87.0, 70.0, 63.0]"
phi=0.85,61,profile,10,120.3,False,14,108.0,"[34.3, 65.0, 78.0, 69.0, 61.0, 47.0, 90.0, 107.0, 120.0, 107.0, 82.0, 125.0, 142.0, 173.0, 176.0, 159.0, 152.0, 142.0, 121.0, 112.0, 142.0, 127.0, 113.0, 104.0, 120.0, 92.0, 69.0, 79.0, 100.0, 76.0, 74.0, 314.0, 321.0, 272.0, 268.0, 255.0, 262.0, 239.0, 228.0, 258.0, 250.0, 222.0, 210.0, 193.0, 186.0, 158.0, 136.0, 163.0, 136.0, 116.0, 104.0, 102.0, 73.0, 58.0, 57.0, 62.0, 70.0, 92.0, 112.0, 131.0, 96.0, 130.0, 89.0, 69.0, 109.0, 105.0, 122.0, 135.0, 152.0, 118.0, 114.0, 97.0, 85.0, 75.0, 70.0, 69.0, 83.0, 74.0, 72.0, 79.0, 76.0, 84.0, 70.0, 83.0, 85.0, 99.0, 148.0, 156.0, 131.0, 96.0, 157.0, 152.0, 152.0, 131.0, 142.0, 141.0, 161.0, 144.0, 136.0, 107.0, 78.0, 88.0, 71.0, 61.0, 72.0, 74.0, 73.0, 100.0, 94.0, 79.0, 109.0, 118.0, 112.0, 105.0, 108.0]"
phi=0.85,61,profile,11,76.1,False,16,185.0,"[34.3, 39.0, 52.0, 75.0, 53.0, 54.0, 90.0, 93.0, 82.0, 107.0, 78.0, 69.0, 51.0, 42.0, 58.0, 62.0, 76.0, 83.0, 61.0, 112.0, 92.0, 103.0, 89.0, 68.0, 71.0, 71.0, 55.0, 93.0, 112.0, 76.0, 53.0, 293.0, 292.0, 293.0, 243.0, 218.0, 241.0, 223.0, 176.0, 182.0, 163.0, 125.0, 126.0, 94.0, 120.0, 173.0, 107.0, 65.0, 91.0, 105.0, 99.0, 122.0, 111.0, 73.0, 71.0, 91.0, 89.0, 84.0, 100.0, 85.0, 124.0, 132.0, 126.0, 155.0, 193.0, 190.0, 118.0, 128.0, 124.0, 120.0, 104.0, 96.0, 108.0, 131.0, 100.0, 89.0, 96.0, 118.0, 119.0, 103.0, 107.0, 88.0, 110.0, 69.0, 56.0, 57.0, 51.0, 76.0, 97.0, 93.0, 75.0, 66.0, 59.0, 87.0, 57.0, 66.0, 60.0, 70.0, 64.0, 63.0, 89.0, 68.0, 36.0, 57.0, 64.0, 61.0, 91.0, 84.0, 58.0, 69.0, 103.0, 142.0, 170.0, 161.0, 185.0]"
phi=0.85,61,profile,12,73.3,False,22,40.0,"[34.3, 43.0, 52.0, 44.0, 40.0, 52.0, 46.0, 66.0, 69.0, 46.0, 31.0, 36.0, 43.0, 57.0, 39.0, 41.0, 55.0, 37.0, 39.0, 85.0, 79.0, 83.0, 85.0, 107.0, 125.0, 125.0, 99.0, 89.0, 111.0, 100.0, 79.0, 319.0, 264.0, 242.0, 250.0, 240.0, 252.0, 235.0, 242.0, 198.0, 251.0, 227.0, 242.0, 240.0, 271.0, 295.0, 299.0, 266.0, 226.0, 147.0, 121.0, 145.0, 148.0, 130.0, 99.0, 70.0, 59.0, 60.0, 69.0, 58.0, 70.0, 44.0, 52.0, 44.0, 61.0, 40.0, 77.0, 76.0, 90.0, 96.0, 108.0, 56.0, 67.0, 64.0, 96.0, 86.0, 61.0, 46.0, 76.0, 67.0, 80.0, 74.0, 74.0, 115.0, 114.0, 104.0, 73.0, 85.0, 79.0, 73.0, 65.0, 50.0, 54.0, 76.0, 89.0, 73.0, 57.0, 69.0, 65.0, 44.0, 86.0, 79.0, 74.0, 105.0, 104.0, 120.0, 112.0, 74.0, 84.0, 101.0, 102.0, 109.0, 93.0, 68.0, 40.0]"
phi=0.85,61,profile,13,89.2,False,18,125.0,"[34.3, 68.0, 66.0, 32.0, 42.0, 39.0, 51.0, 44.0, 52.0, 67.0, 81.0, 122.0, 101.0, 91.0, 85.0, 117.0, 99.0, 97.0, 100.0, 91.0, 63.0, 65.0, 58.0, 75.0, 69.0, 73.0, 98.0, 104.0, 101.0, 94.0, 108.0, 348.0, 327.0, 334.0, 310.0, 279.0, 270.0, 334.0, 260.0, 256.0, 213.0, 218.0, 220.0, 237.0, 189.0, 170.0, 143.0, 150.0, 109.0, 115.0, 126.0, 152.0, 97.0, 83.0, 83.0, 94.0, 87.0, 120.0, 80.0, 103.0, 121.0, 178.0, 217.0, 221.0, 235.0, 256.0, 293.0, 272.0, 214.0, 215.0, 205.0, 232.0, 185.0, 142.0, 140.0, 153.0, 200.0, 163.0, 141.0, 178.0, 181.0, 186.0, 181.0, 146.0, 154.0, 151.0, 102.0, 76.0, 78.0, 89.0, 84.0, 74.0, 85.0, 103.0, 120.0, 86.0, 88.0, 67.0, 66.0, 67.0, 66.0, 62.0, 80.0, 81.0, 73.0, 72.0, 70.0, 93.0, 130.0, 84.0, 98.0, 121.0, 142.0, 130.0, 125.0]"
phi=0.85,61,profile,14,79.45,False,11,64.0,"[34.3, 32.0, 56.0, 49.0, 66.0, 95.0, 103.0, 123.0, 83.0, 76.0, 83.0, 63.0, 63.0, 55.0, 84.0, 97.0, 94.0, 109.0, 89.0, 96.0, 91.0, 85.0, 85.0, 86.0, 86.0, 70.0, 68.0, 83.0, 55.0, 47.0, 45.0, 285.0, 262.0, 293.0, 291.0, 206.0, 146.0, 160.0, 117.0, 99.0, 102.0, 127.0, 125.0, 119.0, 100.0, 68.0, 94.0, 61.0, 71.0, 63.0, 91.0, 95.0, 83.0, 61.0, 49.0, 31.0, 46.0, 45.0, 59.0, 58.0, 56.0, 90.0, 98.0, 86.0, 81.0, 108.0, 117.0, 93.0, 72.0, 75.0, 50.0, 71.0, 69.0, 83.0, 77.0, 74.0, 72.0, 50.0, 57.0, 92.0, 109.0, 67.0, 60.0, 84.0, 92.0, 85.0, 52.0, 73.0, 71.0, 55.0, 23.0, 29.0, 47.0, 66.0, 116.0, 111.0, 104.0, 101.0, 82.0, 81.0, 110.0, 115.0, 124.0, 149.0, 135.0, 136.0, 139.0, 136.0, 159.0, 105.0, 101.0, 100.0, 81.0, 78.0, 64.0]"
phi=0.85,61,profile,15,80.55,False,50,99.0,"[34.3, 29.0, 33.0, 58.0, 66.0, 54.0, 57.0, 51.0, 58.0, 59.0, 63.0, 49.0, 48.0, 83.0, 82.0, 81.0, 71.0, 76.0, 58.0, 60.0, 77.0, 112.0, 90.0, 79.0, 92.0, 87.0, 106.0, 92.0, 111.0, 94.0, 49.0, 289.0, 252.0, 307.0, 323.0, 329.0, 364.0, 318.0, 303.0, 312.0, 309.0, 277.0, 309.0, 308.0, 291.0, 284.0, 286.0, 281.0, 270.0, 256.0, 205.0, 195.0, 226.0, 195.0, 212.0, 215.0, 199.0, 186.0, 187.0, 197.0, 220.0, 245.0, 208.0, 247.0, 253.0, 255.0, 265.0, 302.0, 306.0, 263.0, 218.0, 189.0, 135.0, 142.0, 149.0, 174.0, 132.0, 136.0, 137.0, 107.0, 115.0, 107.0, 89.0, 101.0, 98.0, 120.0, 94.0, 107.0, 128.0, 109.0, 135.0, 155.0, 131.0, 158.0, 131.0, 105.0, 129.0, 137.0, 108.0, 94.0, 73.0, 65.0, 60.0, 49.0, 92.0, 144.0, 125.0, 123.0, 145.0, 168.0, 124.0, 141.0, 130.0, 93.0, 99.0]"
phi=0.85,61,profile,16,62.2,False,26,69.0,"[34.3, 31.0, 44.0, 83.0, 70.0, 101.0, 72.0, 82.0, 79.0, 96.0, 95.0, 105.0, 105.0, 64.0, 62.0, 84.0, 47.0, 13.0, 37.0, 46.0, 71.0, 63.0, 56.0, 73.0, 50.0, 48.0, 40.0, 53.0, 68.0, 64.0, 62.0, 302.0, 293.0, 242.0, 235.0, 270.0, 303.0, 269.0, 245.0, 184.0, 186.0, 203.0, 217.0, 194.0, 172.0, 165.0, 191.0, 209.0, 196.0, 201.0, 140.0, 126.0, 113.0, 92.0, 90.0, 120.0, 100.0, 98.0, 88.0, 78.0, 74.0, 65.0, 46.0, 65.0, 71.0, 71.0, 66.0, 101.0, 132.0, 120.0, 122.0, 167.0, 138.0, 135.0, 105.0, 76.0, 84.0, 64.0, 75.0, 73.0, 102.0, 76.0, 62.0, 96.0, 66.0, 58.0, 63.0, 86.0, 82.0, 70.0, 70.0, 71.0, 58.0, 55.0, 67.0, 76.0, 83.0, 68.0, 85.0, 119.0, 78.0, 61.0, 63.0, 76.0, 73.0, 88.0, 58.0, 81.0, 61.0, 58.0, 60.0, 85.0, 96.0, 100.0, 69.0]"
phi=0.85,61,profile,17,98.15,False,21,26.0,"[34.3, 63.0, 71.0, 63.0, 78.0, 119.0, 130.0, 97.0, 113.0, 102.0, 94.0, 73.0, 75.0, 87.0, 95.0, 92.0, 112.0, 131.0, 120.0, 85.0, 111.0, 139.0, 131.0, 128.0, 98.0, 88.0, 70.0, 64.0, 76.0, 94.0, 106.0, 346.0, 375.0, 354.0, 263.0, 218.0, 265.0, 239.0, 235.0, 230.0, 259.0, 256.0, 256.0, 214.0, 208.0, 215.0, 193.0, 177.0, 189.0, 177.0, 156.0, 139.0, 120.0, 129.0, 111.0, 102.0, 108.0, 77.0, 73.0, 97.0, 117.0, 141.0, 127.0, 148.0, 166.0, 158.0, 134.0, 77.0, 82.0, 110.0, 118.0, 108.0, 141.0, 182.0, 182.0, 186.0, 170.0, 174.0, 142.0, 127.0, 104.0, 121.0, 95.0, 108.0, 115.0, 130.0, 109.0, 113.0, 117.0, 130.0, 108.0, 114.0, 87.0, 76.0, 96.0, 91.0, 112.0, 126.0, 119.0, 115.0, 177.0, 192.0, 170.0, 138.0, 147.0, 168.0, 150.0, 103.0, 74.0, 62.0, 61.0, 81.0, 81.0, 48.0, 26.0]"
phi=0.85,61,profile,18,90.3,False,21,36.0,"[34.3, 82.0, 58.0, 47.0, 54.0, 55.0, 62.0, 48.0, 65.0, 67.0, 89.0, 93.0, 65.0, 78.0, 55.0, 82.0, 72.0, 74.0, 95.0, 100.0, 123.0, 117.0, 84.0, 110.0, 116.0, 122.0, 99.0, 74.0, 78.0, 80.0, 80.0, 320.0, 313.0, 242.0, 226.0, 233.0, 195.0, 145.0, 120.0, 109.0, 118.0, 140.0, 106.0, 127.0, 102.0, 149.0, 115.0, 102.0, 129.0, 146.0, 134.0, 131.0, 118.0, 104.0, 112.0, 112.0, 93.0, 103.0, 92.0, 120.0, 109.0, 90.0, 103.0, 94.0, 87.0, 82.0, 72.0, 81.0, 73.0, 96.0, 81.0, 79.0, 88.0, 76.0, 108.0, 121.0, 120.0, 108.0, 132.0, 137.0, 117.0, 150.0, 95.0, 92.0, 112.0, 125.0, 124.0, 83.0, 99.0, 103.0, 58.0, 103.0, 100.0, 112.0, 121.0, 115.0, 114.0, 72.0, 50.0, 70.0, 85.0, 50.0, 25.0, 22.0, 17.0, 39.0, 60.0, 71.0, 113.0, 95.0, 93.0, 42.0, 60.0, 44.0, 36.0]"
phi=0.85,61,profile,19,77.5,False,17,177.0,"[34.3, 23.0, 31.0, 58.0, 71.0, 66.0, 86.0, 117.0, 144.0, 139.0, 135.0, 133.0, 109.0, 88.0, 76.0, 62.0, 96.0, 93.0, 95.0, 97.0, 38.0, 47.0, 72.0, 46.0, 54.0, 67.0, 67.0, 59.0, 57.0, 59.0, 68.0, 308.0, 348.0, 330.0, 323.0, 309.0, 307.0, 283.0, 265.0, 232.0, 204.0, 182.0, 193.0, 192.0, 161.0, 141.0, 131.0, 122.0, 132.0, 135.0, 81.0, 58.0, 63.0, 78.0, 58.0, 93.0, 74.0, 90.0, 81.0, 51.0, 67.0, 57.0, 66.0, 56.0, 64.0, 89.0, 71.0, 45.0, 93.0, 122.0, 137.0, 90.0, 102.0, 84.0, 100.0, 137.0, 133.0, 114.0, 61.0, 74.0, 71.0, 62.0, 72.0, 68.0, 54.0, 67.0, 67.0, 92.0, 39.0, 30.0, 37.0, 40.0, 28.0, 44.0, 86.0, 117.0, 122.0, 150.0, 124.0, 160.0, 168.0, 155.0, 102.0, 82.0, 76.0, 83.0, 82.0, 90.0, 104.0, 129.0, 152.0, 202.0, 195.0, 207.0, 177.0]"
phi=0.85,61,opening,0,371.05,True,,1219.0,"[0.0, 11.0, 47.0, 40.0, 85.0, 117.0, 140.0, 156.0, 174.0, 173.0, 192.0, 196.0, 189.0, 205.0, 261.0, 298.0, 330.0, 352.0, 406.0, 413.0, 421.0, 438.0, 439.0, 407.0, 433.0, 428.0, 460.0, 485.0, 526.0, 542.0, 513.0, 753.0, 752.0, 795.0, 749.0, 759.0, 754.0, 715.0, 715.0, 773.0, 816.0, 781.0, 747.0, 796.0, 784.0, 805.0, 832.0, 865.0, 874.0, 910.0, 946.0, 938.0, 969.0, 989.0, 971.0, 964.0, 970.0, 997.0, 1051.0, 1052.0, 1021.0, 984.0, 950.0, 1015.0, 1035.0, 1041.0, 1089.0, 1066.0, 1056.0, 1078.0, 1135.0, 1108.0, 1171.0, 1138.0, 1121.0, 1116.0, 1094.0, 1099.0, 1120.0, 1096.0, 1136.0, 1158.0, 1159.0, 1219.0]"
phi=0.85,61,opening,1,446.15,True,,1223.0,"[0.0, 18.0, 20.0, 54.0, 77.0, 102.0, 97.0, 131.0, 171.0, 183.0, 226.0, 234.0, 254.0, 277.0, 306.0, 326.0, 331.0, 414.0, 429.0, 462.0, 482.0, 517.0, 524.0, 516.0, 579.0, 603.0, 628.0, 618.0, 600.0, 597.0, 631.0, 871.0, 869.0, 946.0, 963.0, 964.0, 1013.0, 1072.0, 1092.0, 1096.0, 1139.0, 1187.0, 1178.0, 1185.0, 1223.0]"
phi=0.85,61,opening,2,470.25,True,,1206.0,"[0.0, 21.0, 39.0, 45.0, 53.0, 76.0, 103.0, 126.0, 179.0, 222.0, 214.0, 245.0, 294.0, 309.0, 344.0, 331.0, 372.0, 412.0, 438.0, 434.0, 466.0, 517.0, 539.0, 563.0, 611.0, 643.0, 675.0, 677.0, 639.0, 682.0, 710.0, 950.0, 948.0, 1001.0, 1000.0, 951.0, 936.0, 903.0, 930.0, 941.0, 952.0, 1017.0, 1008.0, 925.0, 945.0, 948.0, 1025.0, 1069.0, 1131.0, 1178.0, 1164.0, 1206.0]"
phi=0.85,61,opening,3,495.5,True,,1211.0,"[0.0, 18.0, 43.0, 43.0, 55.0, 74.0, 112.0, 150.0, 161.0, 151.0, 229.0, 240.0, 277.0, 340.0, 361.0, 405.0, 386.0, 423.0, 462.0, 519.0, 577.0, 614.0, 666.0, 671.0, 622.0, 618.0, 648.0, 627.0, 617.0, 608.0, 634.0, 874.0, 856.0, 844.0, 910.0, 987.0, 1066.0, 1115.0, 1110.0, 1185.0, 1211.0]"
phi=0.85,61,opening,4,315.25,True,,1239.0,"[0.0, 16.0, 74.0, 85.0, 96.0, 107.0, 154.0, 184.0, 174.0, 188.0, 210.0, 197.0, 228.0, 242.0, 243.0, 291.0, 291.0, 307.0, 282.0, 290.0, 323.0, 329.0, 348.0, 343.0, 379.0, 384.0, 395.0, 415.0, 410.0, 398.0, 421.0, 661.0, 711.0, 694.0, 638.0, 686.0, 619.0, 658.0, 721.0, 702.0, 712.0, 714.0, 720.0, 682.0, 705.0, 731.0, 739.0, 783.0, 772.0, 770.0, 779.0, 808.0, 857.0, 865.0, 825.0, 850.0, 825.0, 845.0, 785.0, 795.0, 823.0, 800.0, 821.0, 878.0, 885.0, 923.0, 945.0, 937.0, 919.0, 985.0, 971.0, 985.0, 1001.0, 1046.0, 1033.0, 1016.0, 1025.0, 1076.0, 1065.0, 1071.0, 1089.0, 1076.0, 1112.0, 1094.0, 1134.0, 1079.0, 1135.0, 1106.0, 1152.0, 1137.0, 1160.0, 1125.0, 1163.0, 1146.0, 1121.0, 1069.0, 1025.0, 1010.0, 983.0, 1033.0, 1033.0, 1005.0, 1016.0, 1109.0, 1123.0, 1165.0, 1108.0, 1113.0, 1178.0, 1239.0]"
phi=0.85,61,opening,5,274.0,True,,1203.0,"[0.0, 6.0, 29.0, 44.0, 74.0, 106.0, 116.0, 135.0, 167.0, 154.0, 159.0, 190.0, 228.0, 255.0, 290.0, 273.0, 278.0, 278.0, 281.0, 305.0, 304.0, 291.0, 279.0, 288.0, 268.0, 273.0, 287.0, 323.0, 305.0, 325.0, 336.0, 576.0, 596.0, 568.0, 567.0, 561.0, 593.0, 559.0, 587.0, 621.0, 601.0, 612.0, 607.0, 683.0, 703.0, 698.0, 710.0, 697.0, 734.0, 738.0, 755.0, 791.0, 717.0, 764.0, 793.0, 817.0, 838.0, 866.0, 889.0, 900.0, 873.0, 970.0, 970.0, 966.0, 999.0, 1008.0, 1046.0, 1068.0, 1022.0, 1058.0, 1065.0, 1044.0, 1055.0, 1009.0, 1018.0, 1029.0, 1058.0, 1064.0, 1114.0, 1152.0, 1166.0, 1200.0, 1203.0]"
phi=0.85,61,opening,6,371.7,True,,1210.0,"[0.0, 35.0, 60.0, 71.0, 94.0, 149.0, 150.0, 165.0, 216.0, 242.0, 218.0, 238.0, 260.0, 287.0, 293.0, 325.0, 331.0, 328.0, 380.0, 398.0, 447.0, 439.0, 451.0, 477.0, 475.0, 457.0, 441.0, 393.0, 394.0, 402.0, 398.0, 638.0, 662.0, 693.0, 706.0, 705.0, 697.0, 750.0, 770.0, 779.0, 776.0, 730.0, 760.0, 733.0, 722.0, 737.0, 741.0, 703.0, 713.0, 715.0, 692.0, 694.0, 738.0, 762.0, 743.0, 829.0, 867.0, 843.0, 842.0, 863.0, 824.0, 818.0, 820.0, 849.0, 887.0, 868.0, 885.0, 864.0, 878.0, 875.0, 857.0, 867.0, 845.0, 825.0, 833.0, 837.0, 767.0, 743.0, 740.0, 728.0, 735.0, 731.0, 708.0, 681.0, 712.0, 716.0, 732.0, 710.0, 719.0, 777.0, 785.0, 801.0, 823.0, 773.0, 811.0, 853.0, 814.0, 802.0, 842.0, 882.0, 895.0, 873.0, 923.0, 984.0, 1029.0, 984.0, 977.0, 952.0, 991.0, 1005.0, 1006.0, 972.0, 986.0, 989.0, 1010.0, 1023.0, 1041.0, 1045.0, 1059.0, 1052.0, 1008.0, 1000.0, 1016.0, 987.0, 951.0, 1013.0, 1002.0, 1072.0, 1019.0, 1039.0, 1056.0, 1091.0, 1082.0, 1091.0, 1135.0, 1152.0, 1167.0, 1180.0, 1210.0]"
phi=0.85,61,opening,7,348.65,True,,1240.0,"[0.0, 26.0, 61.0, 77.0, 87.0, 107.0, 135.0, 142.0, 157.0, 164.0, 167.0, 199.0, 212.0, 216.0, 245.0, 286.0, 314.0, 311.0, 342.0, 395.0, 426.0, 417.0, 410.0, 428.0, 438.0, 432.0, 443.0, 442.0, 435.0, 415.0, 424.0, 664.0, 671.0, 712.0, 732.0, 773.0, 822.0, 864.0, 858.0, 844.0, 880.0, 859.0, 823.0, 849.0, 808.0, 856.0, 901.0, 899.0, 987.0, 1104.0, 1063.0, 1085.0, 1132.0, 1140.0, 1120.0, 1117.0, 1179.0, 1189.0, 1171.0, 1200.0, 1193.0, 1240.0]"
phi=0.85,61,opening,8,269.0,True,,1248.0,"[0.0, 19.0, 32.0, 61.0, 102.0, 113.0, 99.0, 105.0, 110.0, 140.0, 119.0, 122.0, 138.0, 150.0, 135.0, 158.0, 167.0, 192.0, 215.0, 227.0, 241.0, 249.0, 273.0, 320.0, 368.0, 388.0, 421.0, 478.0, 491.0, 528.0, 593.0, 833.0, 850.0, 842.0, 850.0, 902.0, 877.0, 908.0, 940.0, 968.0, 990.0, 981.0, 994.0, 1001.0, 1023.0, 1075.0, 1013.0, 965.0, 1004.0, 1044.0, 1003.0, 953.0, 885.0, 875.0, 820.0, 795.0, 827.0, 824.0, 837.0, 866.0, 898.0, 872.0, 875.0, 842.0, 909.0, 837.0, 833.0, 845.0, 822.0, 794.0, 803.0, 806.0, 766.0, 799.0, 793.0, 842.0, 835.0, 883.0, 900.0, 872.0, 894.0, 948.0, 960.0, 1019.0, 1060.0, 1061.0, 1060.0, 1095.0, 1109.0, 1195.0, 1167.0, 1199.0, 1165.0, 1180.0, 1156.0, 1143.0, 1150.0, 1106.0, 1114.0, 1085.0, 1060.0, 1050.0, 1117.0, 1248.0]"
phi=0.85,61,opening,9,298.7,True,,1221.0,"[0.0, 7.0, 38.0, 47.0, 44.0, 38.0, 69.0, 75.0, 83.0, 102.0, 124.0, 163.0, 179.0, 176.0, 199.0, 214.0, 245.0, 279.0, 264.0, 285.0, 289.0, 312.0, 336.0, 355.0, 367.0, 407.0, 439.0, 425.0, 447.0, 469.0, 484.0, 724.0, 784.0, 790.0, 768.0, 779.0, 770.0, 783.0, 821.0, 859.0, 899.0, 941.0, 933.0, 925.0, 914.0, 949.0, 917.0, 991.0, 1054.0, 1091.0, 1121.0, 1097.0, 1134.0, 1137.0, 1177.0, 1168.0, 1142.0, 1057.0, 1061.0, 1055.0, 1045.0, 1064.0, 1071.0, 1099.0, 1131.0, 1129.0, 1119.0, 1150.0, 1158.0, 1221.0]"
phi=0.85,61,opening,10,507.05,True,,1264.0,"[0.0, 50.0, 64.0, 67.0, 92.0, 78.0, 133.0, 174.0, 212.0, 242.0, 261.0, 316.0, 369.0, 388.0, 402.0, 434.0, 466.0, 489.0, 456.0, 453.0, 472.0, 487.0, 498.0, 567.0, 624.0, 667.0, 670.0, 683.0, 731.0, 708.0, 706.0, 946.0, 953.0, 970.0, 984.0, 976.0, 1035.0, 1021.0, 1045.0, 1155.0, 1182.0, 1188.0, 1152.0, 1091.0, 1091.0, 1042.0, 1055.0, 1090.0, 1063.0, 1029.0, 1069.0, 1039.0, 1068.0, 1042.0, 1046.0, 1053.0, 1020.0, 1068.0, 1083.0, 1114.0, 1080.0, 1100.0, 1090.0, 1088.0, 1139.0, 1124.0, 1129.0, 1134.0, 1157.0, 1166.0, 1154.0, 1154.0, 1166.0, 1166.0, 1152.0, 1200.0, 1264.0]"
phi=0.85,61,opening,11,364.65,True,,1223.0,"[0.0, 21.0, 60.0, 92.0, 113.0, 119.0, 158.0, 181.0, 193.0, 218.0, 218.0, 217.0, 219.0, 227.0, 263.0, 281.0, 308.0, 317.0, 290.0, 353.0, 369.0, 395.0, 402.0, 414.0, 423.0, 462.0, 474.0, 536.0, 557.0, 568.0, 577.0, 817.0, 830.0, 819.0, 819.0, 810.0, 827.0, 842.0, 821.0, 866.0, 859.0, 827.0, 894.0, 873.0, 904.0, 971.0, 936.0, 846.0, 901.0, 943.0, 986.0, 1024.0, 1008.0, 969.0, 1026.0, 1054.0, 1065.0, 1059.0, 1126.0, 1088.0, 1136.0, 1153.0, 1169.0, 1178.0, 1223.0]"
phi=0.85,61,opening,12,293.8,True,,1225.0,"[0.0, 20.0, 32.0, 40.0, 47.0, 71.0, 74.0, 104.0, 121.0, 140.0, 140.0, 149.0, 169.0, 197.0, 193.0, 201.0, 225.0, 227.0, 235.0, 267.0, 286.0, 286.0, 301.0, 349.0, 353.0, 409.0, 428.0, 440.0, 513.0, 508.0, 502.0, 742.0, 694.0, 649.0, 665.0, 655.0, 640.0, 656.0, 700.0, 687.0, 797.0, 814.0, 811.0, 857.0, 925.0, 958.0, 981.0, 995.0, 969.0, 953.0, 941.0, 974.0, 951.0, 976.0, 977.0, 971.0, 934.0, 984.0, 971.0, 917.0, 957.0, 933.0, 981.0, 1013.0, 1072.0, 1052.0, 1098.0, 1162.0, 1191.0, 1225.0]"
phi=0.85,61,opening,13,270.45,True,,1206.0,"[0.0, 30.0, 45.0, 35.0, 64.0, 53.0, 84.0, 102.0, 93.0, 116.0, 145.0, 183.0, 178.0, 189.0, 191.0, 225.0, 234.0, 258.0, 264.0, 275.0, 246.0, 266.0, 268.0, 306.0, 315.0, 319.0, 380.0, 398.0, 380.0, 389.0, 389.0, 629.0, 660.0, 710.0, 686.0, 707.0, 705.0, 790.0, 748.0, 791.0, 811.0, 842.0, 899.0, 965.0, 936.0, 917.0, 930.0, 953.0, 990.0, 953.0, 983.0, 1066.0, 1073.0, 1085.0, 1091.0, 1068.0, 1087.0, 1146.0, 1109.0, 1110.0, 1119.0, 1206.0]"
phi=0.85,61,opening,14,273.4,True,,1232.0,"[0.0, 22.0, 52.0, 66.0, 105.0, 151.0, 187.0, 222.0, 191.0, 205.0, 198.0, 180.0, 189.0, 210.0, 209.0, 237.0, 252.0, 263.0, 253.0, 265.0, 252.0, 276.0, 293.0, 301.0, 321.0, 336.0, 351.0, 398.0, 341.0, 343.0, 353.0, 593.0, 644.0, 694.0, 697.0, 685.0, 687.0, 699.0, 716.0, 704.0, 696.0, 708.0, 731.0, 735.0, 769.0, 751.0, 811.0, 809.0, 814.0, 860.0, 929.0, 949.0, 974.0, 1001.0, 977.0, 1002.0, 1020.0, 1021.0, 1074.0, 1059.0, 1024.0, 1046.0, 1040.0, 1038.0, 1025.0, 1065.0, 1081.0, 1149.0, 1155.0, 1232.0]"
phi=0.85,61,opening,15,202.85,True,,1234.0,"[0.0, 23.0, 40.0, 61.0, 84.0, 87.0, 101.0, 95.0, 100.0, 128.0, 141.0, 133.0, 128.0, 182.0, 166.0, 183.0, 181.0, 197.0, 200.0, 190.0, 208.0, 235.0, 227.0, 210.0, 216.0, 222.0, 235.0, 241.0, 289.0, 273.0, 273.0, 513.0, 502.0, 557.0, 576.0, 637.0, 700.0, 686.0, 687.0, 724.0, 747.0, 724.0, 763.0, 772.0, 777.0, 789.0, 822.0, 828.0, 824.0, 855.0, 827.0, 859.0, 920.0, 951.0, 971.0, 1008.0, 1029.0, 1003.0, 1005.0, 975.0, 949.0, 946.0, 914.0, 979.0, 1016.0, 1029.0, 1086.0, 1141.0, 1170.0, 1097.0, 1133.0, 1096.0, 1160.0, 1173.0, 1199.0, 1163.0, 1069.0, 1093.0, 1117.0, 1115.0, 1087.0, 1072.0, 1076.0, 1173.0, 1234.0]"
phi=0.85,61,opening,16,288.6,True,,1216.0,"[0.0, 13.0, 40.0, 90.0, 97.0, 147.0, 142.0, 142.0, 173.0, 192.0, 212.0, 229.0, 253.0, 258.0, 239.0, 279.0, 269.0, 278.0, 283.0, 281.0, 309.0, 317.0, 320.0, 318.0, 324.0, 301.0, 280.0, 317.0, 324.0, 381.0, 370.0, 610.0, 642.0, 671.0, 684.0, 740.0, 793.0, 746.0, 754.0, 698.0, 716.0, 777.0, 817.0, 831.0, 842.0, 810.0, 832.0, 811.0, 819.0, 826.0, 798.0, 826.0, 852.0, 860.0, 844.0, 872.0, 868.0, 882.0, 904.0, 908.0, 917.0, 881.0, 837.0, 806.0, 840.0, 844.0, 850.0, 854.0, 907.0, 933.0, 942.0, 966.0, 976.0, 991.0, 972.0, 982.0, 1015.0, 989.0, 1000.0, 972.0, 956.0, 963.0, 929.0, 1019.0, 974.0, 980.0, 1000.0, 1015.0, 1023.0, 980.0, 992.0, 1001.0, 1007.0, 1038.0, 1081.0, 1097.0, 1137.0, 1110.0, 1144.0, 1193.0, 1216.0]"
phi=0.85,61,opening,17,345.0,True,,1202.0,"[0.0, 34.0, 71.0, 58.0, 99.0, 157.0, 181.0, 162.0, 179.0, 198.0, 206.0, 210.0, 230.0, 241.0, 252.0, 259.0, 288.0, 318.0, 334.0, 311.0, 350.0, 338.0, 341.0, 406.0, 448.0, 449.0, 450.0, 467.0, 506.0, 496.0, 513.0, 753.0, 798.0, 856.0, 774.0, 746.0, 807.0, 848.0, 873.0, 885.0, 979.0, 977.0, 992.0, 952.0, 986.0, 1036.0, 1016.0, 939.0, 956.0, 1031.0, 1071.0, 1071.0, 990.0, 965.0, 982.0, 967.0, 983.0, 948.0, 954.0, 954.0, 1025.0, 1118.0, 1114.0, 1151.0, 1151.0, 1114.0, 1146.0, 1137.0, 1139.0, 1177.0, 1202.0]"
phi=0.85,61,opening,18,260.65,True,,1226.0,"[0.0, 42.0, 46.0, 50.0, 71.0, 74.0, 92.0, 75.0, 80.0, 105.0, 144.0, 153.0, 148.0, 179.0, 188.0, 217.0, 187.0, 188.0, 218.0, 238.0, 281.0, 315.0, 290.0, 303.0, 338.0, 371.0, 372.0, 352.0, 373.0, 358.0, 384.0, 624.0, 713.0, 680.0, 683.0, 676.0, 680.0, 688.0, 679.0, 682.0, 712.0, 756.0, 759.0, 814.0, 824.0, 866.0, 837.0, 837.0, 896.0, 887.0, 883.0, 931.0, 953.0, 889.0, 913.0, 850.0, 824.0, 814.0, 856.0, 949.0, 951.0, 939.0, 980.0, 1011.0, 1005.0, 1023.0, 1020.0, 1021.0, 968.0, 994.0, 981.0, 1017.0, 1055.0, 1053.0, 1070.0, 1130.0, 1149.0, 1194.0, 1193.0, 1226.0]"
phi=0.85,61,opening,19,329.55,True,,1251.0,"[0.0, 23.0, 32.0, 57.0, 81.0, 88.0, 104.0, 136.0, 147.0, 174.0, 208.0, 219.0, 220.0, 210.0, 239.0, 282.0, 316.0, 346.0, 359.0, 367.0, 361.0, 365.0, 393.0, 367.0, 348.0, 402.0, 400.0, 389.0, 402.0, 398.0, 370.0, 610.0, 675.0, 688.0, 715.0, 762.0, 786.0, 805.0, 802.0, 820.0, 782.0, 790.0, 831.0, 893.0, 839.0, 878.0, 894.0, 962.0, 995.0, 985.0, 940.0, 906.0, 932.0, 960.0, 905.0, 972.0, 959.0, 1008.0, 1019.0, 1036.0, 1048.0, 1058.0, 1051.0, 1085.0, 1094.0, 1147.0, 1140.0, 1097.0, 1155.0, 1251.0]"
phi=0.80,56,profile,0,586.15,False,41,445.0,"[528.9, 509.0, 543.0, 565.0, 607.0, 639.0, 618.0, 606.0, 615.0, 628.0, 603.0, 576.0, 518.0, 515.0, 546.0, 566.0, 599.0, 602.0, 621.0, 636.0, 631.0, 664.0, 667.0, 586.0, 583.0, 560.0, 547.0, 546.0, 587.0, 570.0, 567.0, 807.0, 791.0, 795.0, 799.0, 862.0, 844.0, 797.0, 788.0, 816.0, 861.0, 840.0, 797.0, 842.0, 812.0, 804.0, 805.0, 803.0, 778.0, 826.0, 832.0, 812.0, 801.0, 776.0, 764.0, 686.0, 661.0, 692.0, 696.0, 682.0, 650.0, 600.0, 582.0, 616.0, 645.0, 627.0, 644.0, 620.0, 626.0, 613.0, 626.0, 590.0, 631.0, 636.0, 603.0, 624.0, 596.0, 585.0, 618.0, 581.0, 579.0, 551.0, 509.0, 494.0, 512.0, 511.0, 466.0, 534.0, 559.0, 514.0, 560.0, 555.0, 545.0, 546.0, 606.0, 636.0, 616.0, 615.0, 593.0, 552.0, 542.0, 565.0, 561.0, 541.0, 530.0, 531.0, 539.0, 520.0, 584.0, 583.0, 614.0, 618.0, 651.0, 613.0, 631.0, 648.0, 662.0, 667.0, 660.0, 645.0, 656.0, 623.0, 570.0, 586.0, 610.0, 587.0, 546.0, 537.0, 546.0, 568.0, 548.0, 503.0, 517.0, 557.0, 573.0, 595.0, 625.0, 625.0, 603.0, 583.0, 564.0, 536.0, 511.0, 551.0, 481.0, 519.0, 505.0, 496.0, 482.0, 431.0, 462.0, 429.0, 428.0, 467.0, 478.0, 467.0, 507.0, 499.0, 486.0, 457.0, 415.0, 362.0, 281.0, 294.0, 275.0, 219.0, 183.0, 176.0, 185.0, 197.0, 239.0, 241.0, 243.0, 263.0, 265.0, 274.0, 279.0, 250.0, 312.0, 265.0, 246.0, 246.0, 259.0, 240.0, 243.0, 256.0, 248.0, 230.0, 206.0, 232.0, 242.0, 260.0, 289.0, 282.0, 288.0, 269.0, 262.0, 231.0, 244.0, 294.0, 254.0, 290.0, 267.0, 227.0, 238.0, 228.0, 231.0, 239.0, 265.0, 246.0, 290.0, 312.0, 294.0, 287.0, 269.0, 310.0, 348.0, 377.0, 339.0, 401.0, 408.0, 421.0, 418.0, 382.0, 357.0, 378.0, 412.0, 388.0, 415.0, 415.0, 407.0, 420.0, 397.0, 388.0, 384.0, 358.0, 335.0, 346.0, 417.0, 381.0, 380.0, 407.0, 458.0, 468.0, 427.0, 437.0, 482.0, 537.0, 493.0, 536.0, 529.0, 591.0, 583.0, 576.0, 503.0, 436.0, 500.0, 547.0, 554.0, 552.0, 539.0, 526.0, 494.0, 484.0, 468.0, 442.0, 424.0, 387.0, 426.0, 400.0, 382.0, 485.0, 430.0, 435.0, 460.0, 487.0, 512.0, 519.0, 516.0, 476.0, 466.0, 502.0, 485.0, 525.0, 495.0, 542.0, 504.0, 449.0, 459.0, 404.0, 381.0, 378.0, 406.0, 416.0, 404.0, 422.0, 409.0, 411.0, 415.0, 395.0, 423.0, 432.0, 407.0, 433.0, 413.0, 409.0, 396.0, 366.0, 344.0, 357.0, 374.0, 364.0, 418.0, 432.0, 497.0, 487.0, 450.0, 459.0, 463.0, 468.0, 428.0, 392.0, 493.0, 448.0, 391.0, 374.0, 427.0, 470.0, 453.0, 460.0, 421.0, 435.0, 502.0, 480.0, 497.0, 493.0, 511.0, 465.0, 506.0, 530.0, 545.0, 533.0, 540.0, 563.0, 532.0, 528.0, 559.0, 582.0, 560.0, 591.0, 544.0, 572.0, 560.0, 546.0, 524.0, 493.0, 478.0, 471.0, 489.0, 463.0, 436.0, 445.0, 392.0, 424.0, 383.0, 394.0, 338.0, 353.0, 357.0, 406.0, 393.0, 369.0, 368.0, 407.0, 386.0, 350.0, 342.0, 410.0, 410.0, 410.0, 422.0, 395.0, 409.0, 376.0, 375.0, 328.0, 308.0, 363.0, 403.0, 414.0, 447.0, 402.0, 388.0, 409.0, 375.0, 347.0, 368.0, 296.0, 302.0, 306.0, 368.0, 329.0, 360.0, 375.0, 337.0, 335.0, 315.0, 284.0, 291.0, 319.0, 378.0, 356.0, 363.0, 359.0, 343.0, 354.0, 334.0, 338.0, 374.0, 425.0, 403.0, 374.0, 382.0, 402.0, 463.0, 471.0, 484.0, 492.0, 454.0, 445.0]"
phi=0.80,56,profile,1,457.75,False,236,490.0,"[528.9, 534.0, 538.0, 506.0, 515.0, 520.0, 513.0, 494.0, 530.0, 509.0, 551.0, 499.0, 516.0, 473.0, 512.0, 511.0, 470.0, 517.0, 490.0, 456.0, 427.0, 463.0, 478.0, 419.0, 425.0, 418.0, 404.0, 397.0, 356.0, 373.0, 373.0, 613.0, 615.0, 655.0, 655.0, 635.0, 650.0, 667.0, 693.0, 670.0, 660.0, 686.0, 688.0, 669.0, 660.0, 698.0, 679.0, 718.0, 693.0, 680.0, 698.0, 738.0, 718.0, 706.0, 667.0, 683.0, 638.0, 647.0, 646.0, 641.0, 662.0, 658.0, 702.0, 734.0, 704.0, 697.0, 746.0, 694.0, 706.0, 738.0, 728.0, 731.0, 737.0, 772.0, 784.0, 768.0, 701.0, 680.0, 637.0, 637.0, 685.0, 675.0, 645.0, 637.0, 624.0, 657.0, 634.0, 616.0, 599.0, 648.0, 648.0, 629.0, 622.0, 583.0, 631.0, 606.0, 623.0, 592.0, 586.0, 541.0, 506.0, 540.0, 535.0, 549.0, 620.0, 660.0, 645.0, 664.0, 683.0, 717.0, 703.0, 659.0, 679.0, 663.0, 608.0, 576.0, 559.0, 601.0, 630.0, 648.0, 637.0, 628.0, 636.0, 609.0, 576.0, 559.0, 539.0, 581.0, 584.0, 572.0, 561.0, 596.0, 559.0, 548.0, 529.0, 575.0, 626.0, 637.0, 657.0, 635.0, 661.0, 694.0, 713.0, 723.0, 735.0, 711.0, 706.0, 702.0, 668.0, 720.0, 660.0, 627.0, 650.0, 672.0, 636.0, 578.0, 586.0, 559.0, 599.0, 587.0, 606.0, 630.0, 638.0, 598.0, 592.0, 642.0, 666.0, 702.0, 643.0, 596.0, 587.0, 565.0, 575.0, 635.0, 653.0, 630.0, 636.0, 589.0, 607.0, 553.0, 585.0, 511.0, 541.0, 526.0, 520.0, 552.0, 535.0, 577.0, 586.0, 581.0, 533.0, 491.0, 464.0, 481.0, 492.0, 468.0, 492.0, 531.0, 517.0, 507.0, 554.0, 569.0, 596.0, 600.0, 589.0, 615.0, 627.0, 608.0, 631.0, 654.0, 688.0, 667.0, 658.0, 640.0, 606.0, 581.0, 537.0, 529.0, 531.0, 555.0, 565.0, 605.0, 610.0, 630.0, 655.0, 660.0, 631.0, 613.0, 662.0, 650.0, 627.0, 629.0, 593.0, 581.0, 561.0, 555.0, 560.0, 641.0, 591.0, 618.0, 597.0, 566.0, 488.0, 506.0, 513.0, 586.0, 598.0, 579.0, 598.0, 603.0, 546.0, 569.0, 566.0, 506.0, 471.0, 496.0, 493.0, 524.0, 518.0, 502.0, 481.0, 470.0, 508.0, 474.0, 510.0, 529.0, 500.0, 527.0, 525.0, 435.0, 429.0, 444.0, 421.0, 433.0, 448.0, 455.0, 456.0, 439.0, 460.0, 486.0, 481.0, 417.0, 407.0, 379.0, 423.0, 397.0, 395.0, 357.0, 355.0, 382.0, 372.0, 385.0, 396.0, 376.0, 353.0, 384.0, 363.0, 337.0, 322.0, 305.0, 311.0, 342.0, 390.0, 364.0, 342.0, 359.0, 373.0, 372.0, 379.0, 345.0, 380.0, 382.0, 415.0, 382.0, 364.0, 366.0, 396.0, 379.0, 348.0, 357.0, 353.0, 325.0, 350.0, 332.0, 377.0, 384.0, 392.0, 425.0, 442.0, 488.0, 500.0, 531.0, 546.0, 543.0, 521.0, 566.0, 534.0, 536.0, 483.0, 500.0, 512.0, 526.0, 516.0, 556.0, 586.0, 555.0, 536.0, 575.0, 538.0, 530.0, 540.0, 530.0, 503.0, 532.0, 555.0, 559.0, 529.0, 585.0, 638.0, 667.0, 704.0, 734.0, 668.0, 650.0, 616.0, 646.0, 638.0, 635.0, 649.0, 580.0, 638.0, 623.0, 578.0, 608.0, 571.0, 601.0, 615.0, 631.0, 590.0, 531.0, 521.0, 534.0, 537.0, 599.0, 582.0, 619.0, 643.0, 660.0, 620.0, 614.0, 633.0, 618.0, 593.0, 574.0, 529.0, 538.0, 560.0, 572.0, 576.0, 569.0, 543.0, 533.0, 567.0, 614.0, 618.0, 588.0, 598.0, 569.0, 563.0, 548.0, 584.0, 531.0, 545.0, 487.0, 507.0, 520.0, 494.0, 510.0, 536.0, 506.0, 446.0, 431.0, 417.0, 393.0, 413.0, 388.0, 443.0, 461.0, 478.0, 490.0]"
phi=0.80,56,profile,2,593.55,False,9,599.0,"[528.9, 528.0, 536.0, 569.0, 573.0, 543.0, 532.0, 519.0, 533.0, 545.0, 506.0, 525.0, 540.0, 574.0, 576.0, 540.0, 546.0, 574.0, 617.0, 568.0, 589.0, 649.0, 645.0, 612.0, 636.0, 646.0, 641.0, 645.0, 630.0, 612.0, 606.0, 846.0, 829.0, 805.0, 805.0, 772.0, 778.0, 731.0, 727.0, 691.0, 646.0, 655.0, 646.0, 582.0, 555.0, 529.0, 556.0, 589.0, 614.0, 597.0, 582.0, 549.0, 561.0, 556.0, 548.0, 606.0, 650.0, 656.0, 675.0, 639.0, 617.0, 629.0, 679.0, 691.0, 726.0, 704.0, 724.0, 707.0, 678.0, 627.0, 572.0, 493.0, 503.0, 510.0, 539.0, 509.0, 522.0, 509.0, 477.0, 467.0, 487.0, 495.0, 524.0, 487.0, 548.0, 563.0, 534.0, 576.0, 539.0, 553.0, 612.0, 644.0, 670.0, 646.0, 643.0, 622.0, 655.0, 578.0, 606.0, 598.0, 588.0, 601.0, 604.0, 623.0, 601.0, 637.0, 614.0, 646.0, 623.0, 621.0, 610.0, 616.0, 590.0, 578.0, 587.0, 545.0, 509.0, 452.0, 480.0, 433.0, 461.0, 480.0, 496.0, 476.0, 469.0, 470.0, 429.0, 419.0, 405.0, 430.0, 455.0, 461.0, 413.0, 425.0, 421.0, 365.0, 370.0, 377.0, 418.0, 436.0, 396.0, 467.0, 443.0, 489.0, 504.0, 488.0, 486.0, 504.0, 515.0, 522.0, 515.0, 470.0, 458.0, 461.0, 466.0, 442.0, 416.0, 383.0, 376.0, 369.0, 341.0, 398.0, 405.0, 403.0, 382.0, 352.0, 378.0, 390.0, 378.0, 394.0, 403.0, 369.0, 305.0, 321.0, 317.0, 282.0, 249.0, 258.0, 294.0, 294.0, 287.0, 289.0, 296.0, 278.0, 269.0, 291.0, 331.0, 316.0, 324.0, 320.0, 327.0, 335.0, 273.0, 256.0, 311.0, 340.0, 338.0, 293.0, 324.0, 346.0, 358.0, 361.0, 398.0, 392.0, 405.0, 403.0, 387.0, 388.0, 414.0, 448.0, 428.0, 392.0, 384.0, 372.0, 348.0, 375.0, 370.0, 318.0, 352.0, 379.0, 414.0, 421.0, 405.0, 400.0, 372.0, 390.0, 382.0, 383.0, 383.0, 345.0, 357.0, 373.0, 437.0, 427.0, 365.0, 374.0, 379.0, 387.0, 332.0, 325.0, 346.0, 339.0, 317.0, 317.0, 351.0, 331.0, 319.0, 306.0, 337.0, 326.0, 341.0, 330.0, 340.0, 347.0, 317.0, 332.0, 337.0, 394.0, 426.0, 411.0, 365.0, 334.0, 296.0, 316.0, 300.0, 331.0, 315.0, 310.0, 331.0, 333.0, 354.0, 381.0, 387.0, 392.0, 359.0, 379.0, 418.0, 378.0, 406.0, 470.0, 486.0, 490.0, 512.0, 547.0, 500.0, 540.0, 527.0, 570.0, 603.0, 618.0, 655.0, 650.0, 644.0, 649.0, 672.0, 675.0, 683.0, 669.0, 632.0, 663.0, 645.0, 605.0, 578.0, 601.0, 553.0, 554.0, 531.0, 529.0, 501.0, 561.0, 584.0, 544.0, 548.0, 516.0, 519.0, 501.0, 539.0, 526.0, 496.0, 523.0, 528.0, 517.0, 505.0, 565.0, 620.0, 634.0, 636.0, 638.0, 648.0, 644.0, 642.0, 652.0, 651.0, 675.0, 719.0, 730.0, 748.0, 727.0, 782.0, 788.0, 792.0, 813.0, 794.0, 827.0, 821.0, 803.0, 811.0, 829.0, 820.0, 862.0, 839.0, 817.0, 793.0, 827.0, 853.0, 847.0, 782.0, 793.0, 778.0, 825.0, 801.0, 775.0, 768.0, 777.0, 816.0, 823.0, 785.0, 800.0, 828.0, 872.0, 843.0, 894.0, 882.0, 830.0, 746.0, 657.0, 681.0, 635.0, 599.0, 581.0, 529.0, 465.0, 422.0, 355.0, 351.0, 416.0, 419.0, 422.0, 394.0, 396.0, 455.0, 419.0, 411.0, 419.0, 404.0, 401.0, 364.0, 327.0, 299.0, 315.0, 397.0, 453.0, 447.0, 462.0, 469.0, 427.0, 403.0, 415.0, 487.0, 449.0, 464.0, 500.0, 520.0, 546.0, 518.0, 457.0, 483.0, 464.0, 473.0, 473.0, 498.0, 507.0, 513.0, 508.0, 573.0, 546.0, 510.0, 549.0, 589.0, 599.0]"
phi=0.80,56,profile,3,722.35,False,47,383.0,"[528.9, 506.0, 519.0, 524.0, 534.0, 546.0, 508.0, 523.0, 504.0, 504.0, 556.0, 565.0, 647.0, 658.0, 726.0, 734.0, 728.0, 721.0, 685.0, 713.0, 775.0, 772.0, 808.0, 850.0, 816.0, 770.0, 758.0, 748.0, 711.0, 706.0, 754.0, 994.0, 995.0, 987.0, 1040.0, 1011.0, 1035.0, 1030.0, 1032.0, 1027.0, 1066.0, 1068.0, 1070.0, 1116.0, 1084.0, 1140.0, 1115.0, 1092.0, 1059.0, 1018.0, 923.0, 893.0, 881.0, 892.0, 936.0, 1004.0, 986.0, 984.0, 922.0, 897.0, 902.0, 899.0, 947.0, 952.0, 893.0, 904.0, 905.0, 928.0, 899.0, 886.0, 862.0, 818.0, 834.0, 724.0, 747.0, 815.0, 843.0, 807.0, 814.0, 748.0, 789.0, 697.0, 659.0, 665.0, 605.0, 606.0, 616.0, 589.0, 649.0, 676.0, 728.0, 726.0, 754.0, 761.0, 735.0, 717.0, 736.0, 772.0, 763.0, 757.0, 746.0, 756.0, 771.0, 789.0, 739.0, 708.0, 720.0, 701.0, 615.0, 588.0, 609.0, 590.0, 598.0, 517.0, 551.0, 539.0, 535.0, 514.0, 569.0, 565.0, 529.0, 463.0, 504.0, 500.0, 485.0, 483.0, 502.0, 543.0, 569.0, 561.0, 523.0, 527.0, 466.0, 473.0, 421.0, 413.0, 415.0, 403.0, 384.0, 342.0, 348.0, 344.0, 354.0, 330.0, 380.0, 410.0, 432.0, 421.0, 534.0, 528.0, 532.0, 514.0, 514.0, 472.0, 487.0, 495.0, 486.0, 429.0, 394.0, 407.0, 376.0, 406.0, 442.0, 420.0, 441.0, 412.0, 390.0, 454.0, 455.0, 453.0, 455.0, 451.0, 506.0, 491.0, 521.0, 579.0, 558.0, 537.0, 520.0, 524.0, 501.0, 475.0, 501.0, 475.0, 507.0, 421.0, 422.0, 416.0, 417.0, 484.0, 505.0, 488.0, 504.0, 504.0, 504.0, 465.0, 486.0, 507.0, 479.0, 502.0, 579.0, 593.0, 577.0, 559.0, 545.0, 552.0, 550.0, 532.0, 509.0, 486.0, 528.0, 482.0, 524.0, 553.0, 516.0, 483.0, 499.0, 505.0, 533.0, 571.0, 626.0, 632.0, 578.0, 612.0, 594.0, 615.0, 658.0, 676.0, 658.0, 663.0, 677.0, 695.0, 656.0, 642.0, 663.0, 701.0, 700.0, 684.0, 660.0, 624.0, 566.0, 467.0, 446.0, 441.0, 458.0, 476.0, 493.0, 536.0, 558.0, 590.0, 582.0, 581.0, 519.0, 498.0, 484.0, 500.0, 444.0, 450.0, 461.0, 480.0, 473.0, 485.0, 507.0, 464.0, 410.0, 432.0, 474.0, 473.0, 494.0, 535.0, 535.0, 534.0, 507.0, 474.0, 517.0, 523.0, 565.0, 550.0, 537.0, 492.0, 520.0, 513.0, 543.0, 519.0, 499.0, 476.0, 520.0, 523.0, 548.0, 564.0, 585.0, 591.0, 597.0, 618.0, 643.0, 633.0, 603.0, 637.0, 633.0, 580.0, 594.0, 590.0, 575.0, 583.0, 558.0, 626.0, 613.0, 580.0, 597.0, 632.0, 610.0, 541.0, 512.0, 453.0, 487.0, 499.0, 535.0, 507.0, 520.0, 528.0, 543.0, 557.0, 599.0, 545.0, 539.0, 523.0, 498.0, 442.0, 459.0, 396.0, 365.0, 372.0, 387.0, 354.0, 359.0, 376.0, 425.0, 464.0, 493.0, 533.0, 521.0, 455.0, 459.0, 466.0, 468.0, 472.0, 440.0, 442.0, 469.0, 464.0, 467.0, 493.0, 521.0, 530.0, 508.0, 517.0, 522.0, 514.0, 562.0, 536.0, 584.0, 616.0, 652.0, 642.0, 603.0, 571.0, 561.0, 557.0, 531.0, 560.0, 529.0, 520.0, 488.0, 474.0, 463.0, 441.0, 444.0, 387.0, 400.0, 433.0, 467.0, 450.0, 465.0, 459.0, 494.0, 497.0, 564.0, 571.0, 510.0, 535.0, 596.0, 558.0, 564.0, 542.0, 544.0, 542.0, 558.0, 563.0, 581.0, 513.0, 561.0, 583.0, 565.0, 565.0, 530.0, 518.0, 521.0, 498.0, 505.0, 531.0, 505.0, 567.0, 548.0, 505.0, 481.0, 496.0, 499.0, 495.0, 455.0, 495.0, 475.0, 473.0, 430.0, 426.0, 396.0, 392.0, 384.0, 351.0, 341.0, 383.0]"
phi=0.80,56,profile,4,611.5,False,2,376.0,"[528.9, 539.0, 530.0, 549.0, 554.0, 554.0, 596.0, 640.0, 615.0, 592.0, 580.0, 543.0, 586.0, 645.0, 604.0, 623.0, 582.0, 601.0, 604.0, 611.0, 640.0, 630.0, 657.0, 619.0, 634.0, 646.0, 654.0, 647.0, 596.0, 528.0, 487.0, 727.0, 734.0, 694.0, 606.0, 621.0, 550.0, 538.0, 511.0, 505.0, 542.0, 525.0, 516.0, 477.0, 472.0, 429.0, 426.0, 454.0, 483.0, 489.0, 437.0, 437.0, 479.0, 479.0, 483.0, 501.0, 447.0, 508.0, 433.0, 413.0, 387.0, 332.0, 350.0, 368.0, 363.0, 384.0, 350.0, 323.0, 324.0, 367.0, 369.0, 388.0, 384.0, 412.0, 416.0, 395.0, 388.0, 418.0, 394.0, 367.0, 391.0, 371.0, 371.0, 346.0, 390.0, 373.0, 364.0, 328.0, 323.0, 324.0, 305.0, 275.0, 275.0, 284.0, 299.0, 273.0, 267.0, 256.0, 253.0, 288.0, 288.0, 266.0, 290.0, 316.0, 358.0, 386.0, 382.0, 344.0, 368.0, 428.0, 427.0, 416.0, 431.0, 381.0, 361.0, 341.0, 332.0, 347.0, 359.0, 346.0, 328.0, 320.0, 343.0, 359.0, 303.0, 305.0, 308.0, 321.0, 324.0, 307.0, 343.0, 348.0, 374.0, 394.0, 390.0, 414.0, 395.0, 403.0, 417.0, 406.0, 380.0, 397.0, 421.0, 455.0, 444.0, 464.0, 458.0, 465.0, 453.0, 452.0, 447.0, 435.0, 449.0, 479.0, 436.0, 391.0, 349.0, 329.0, 303.0, 342.0, 327.0, 365.0, 337.0, 341.0, 335.0, 308.0, 277.0, 375.0, 320.0, 304.0, 319.0, 341.0, 277.0, 293.0, 273.0, 275.0, 279.0, 242.0, 260.0, 271.0, 282.0, 300.0, 364.0, 357.0, 376.0, 379.0, 401.0, 453.0, 440.0, 431.0, 423.0, 421.0, 465.0, 505.0, 523.0, 540.0, 566.0, 553.0, 576.0, 585.0, 598.0, 641.0, 660.0, 649.0, 717.0, 706.0, 673.0, 659.0, 630.0, 657.0, 665.0, 665.0, 663.0, 647.0, 676.0, 579.0, 541.0, 542.0, 550.0, 536.0, 542.0, 559.0, 582.0, 605.0, 591.0, 565.0, 586.0, 625.0, 603.0, 581.0, 594.0, 544.0, 537.0, 582.0, 619.0, 588.0, 626.0, 580.0, 604.0, 610.0, 574.0, 584.0, 622.0, 678.0, 713.0, 714.0, 690.0, 767.0, 730.0, 747.0, 764.0, 784.0, 790.0, 743.0, 752.0, 807.0, 763.0, 735.0, 677.0, 651.0, 683.0, 686.0, 694.0, 674.0, 708.0, 745.0, 645.0, 660.0, 637.0, 678.0, 624.0, 557.0, 517.0, 497.0, 426.0, 445.0, 413.0, 438.0, 406.0, 424.0, 402.0, 397.0, 384.0, 361.0, 427.0, 420.0, 424.0, 473.0, 505.0, 524.0, 521.0, 515.0, 526.0, 511.0, 529.0, 558.0, 613.0, 590.0, 567.0, 521.0, 580.0, 549.0, 556.0, 549.0, 525.0, 552.0, 507.0, 499.0, 516.0, 457.0, 464.0, 478.0, 512.0, 475.0, 447.0, 466.0, 485.0, 496.0, 465.0, 506.0, 466.0, 466.0, 485.0, 436.0, 428.0, 417.0, 503.0, 495.0, 426.0, 463.0, 477.0, 465.0, 446.0, 438.0, 406.0, 365.0, 379.0, 362.0, 364.0, 353.0, 343.0, 336.0, 313.0, 357.0, 369.0, 339.0, 324.0, 339.0, 353.0, 321.0, 313.0, 314.0, 310.0, 294.0, 260.0, 235.0, 231.0, 238.0, 244.0, 252.0, 308.0, 308.0, 325.0, 296.0, 313.0, 310.0, 302.0, 307.0, 320.0, 295.0, 317.0, 320.0, 330.0, 376.0, 335.0, 308.0, 295.0, 307.0, 372.0, 309.0, 312.0, 319.0, 323.0, 358.0, 386.0, 378.0, 384.0, 437.0, 485.0, 434.0, 485.0, 439.0, 497.0, 486.0, 434.0, 434.0, 488.0, 486.0, 492.0, 473.0, 524.0, 517.0, 496.0, 433.0, 458.0, 502.0, 468.0, 456.0, 440.0, 454.0, 467.0, 502.0, 503.0, 494.0, 523.0, 535.0, 485.0, 505.0, 503.0, 511.0, 483.0, 516.0, 492.0, 459.0, 418.0, 431.0, 422.0, 408.0, 402.0, 376.0]"
phi=0.80,56,profile,5,418.6,False,41,363.0,"[528.9, 448.0, 416.0, 344.0, 337.0, 371.0, 364.0, 389.0, 413.0, 382.0, 389.0, 408.0, 408.0, 447.0, 474.0, 468.0, 433.0, 457.0, 483.0, 462.0, 447.0, 449.0, 418.0, 397.0, 371.0, 394.0, 392.0, 389.0, 347.0, 339.0, 361.0, 601.0, 609.0, 541.0, 524.0, 534.0, 567.0, 543.0, 565.0, 595.0, 575.0, 606.0, 650.0, 676.0, 730.0, 705.0, 708.0, 661.0, 660.0, 660.0, 635.0, 665.0, 596.0, 629.0, 653.0, 673.0, 619.0, 612.0, 625.0, 573.0, 482.0, 536.0, 551.0, 536.0, 540.0, 535.0, 524.0, 532.0, 490.0, 499.0, 495.0, 456.0, 454.0, 433.0, 424.0, 439.0, 418.0, 465.0, 470.0, 503.0, 494.0, 500.0, 557.0, 610.0, 619.0, 657.0, 671.0, 706.0, 694.0, 680.0, 688.0, 742.0, 705.0, 664.0, 623.0, 628.0, 685.0, 727.0, 782.0, 743.0, 746.0, 751.0, 758.0, 715.0, 665.0, 608.0, 561.0, 578.0, 585.0, 545.0, 497.0, 464.0, 456.0, 526.0, 553.0, 575.0, 620.0, 638.0, 658.0, 683.0, 691.0, 691.0, 701.0, 657.0, 707.0, 667.0, 666.0, 694.0, 593.0, 589.0, 617.0, 655.0, 619.0, 621.0, 587.0, 507.0, 450.0, 450.0, 460.0, 502.0, 567.0, 589.0, 578.0, 600.0, 599.0, 568.0, 564.0, 566.0, 521.0, 470.0, 544.0, 530.0, 508.0, 503.0, 512.0, 487.0, 476.0, 507.0, 496.0, 488.0, 499.0, 535.0, 530.0, 539.0, 544.0, 553.0, 552.0, 529.0, 560.0, 583.0, 572.0, 592.0, 553.0, 570.0, 578.0, 576.0, 602.0, 633.0, 676.0, 701.0, 722.0, 739.0, 736.0, 748.0, 709.0, 674.0, 643.0, 618.0, 654.0, 627.0, 653.0, 666.0, 658.0, 678.0, 693.0, 651.0, 640.0, 678.0, 699.0, 667.0, 659.0, 604.0, 579.0, 554.0, 535.0, 565.0, 529.0, 558.0, 508.0, 473.0, 471.0, 458.0, 504.0, 534.0, 479.0, 413.0, 455.0, 445.0, 407.0, 425.0, 436.0, 427.0, 427.0, 420.0, 440.0, 476.0, 464.0, 424.0, 440.0, 476.0, 488.0, 444.0, 490.0, 412.0, 370.0, 356.0, 396.0, 405.0, 373.0, 380.0, 423.0, 452.0, 418.0, 400.0, 426.0, 412.0, 416.0, 451.0, 429.0, 398.0, 396.0, 368.0, 391.0, 386.0, 357.0, 369.0, 420.0, 431.0, 442.0, 432.0, 416.0, 426.0, 445.0, 442.0, 467.0, 482.0, 536.0, 510.0, 521.0, 581.0, 542.0, 608.0, 594.0, 610.0, 525.0, 533.0, 537.0, 534.0, 543.0, 513.0, 506.0, 536.0, 499.0, 492.0, 473.0, 545.0, 578.0, 554.0, 528.0, 558.0, 610.0, 627.0, 546.0, 534.0, 526.0, 578.0, 623.0, 596.0, 602.0, 545.0, 547.0, 527.0, 551.0, 558.0, 564.0, 558.0, 556.0, 521.0, 516.0, 527.0, 501.0, 474.0, 460.0, 436.0, 434.0, 374.0, 350.0, 396.0, 380.0, 390.0, 368.0, 388.0, 389.0, 391.0, 384.0, 307.0, 296.0, 285.0, 288.0, 279.0, 256.0, 267.0, 290.0, 283.0, 286.0, 294.0, 286.0, 322.0, 343.0, 351.0, 325.0, 304.0, 265.0, 253.0, 302.0, 333.0, 367.0, 381.0, 400.0, 392.0, 359.0, 374.0, 324.0, 305.0, 319.0, 323.0, 358.0, 367.0, 383.0, 365.0, 377.0, 397.0, 363.0, 383.0, 391.0, 394.0, 411.0, 425.0, 420.0, 401.0, 405.0, 423.0, 429.0, 395.0, 442.0, 462.0, 445.0, 404.0, 369.0, 380.0, 365.0, 357.0, 365.0, 377.0, 382.0, 373.0, 351.0, 376.0, 408.0, 460.0, 441.0, 427.0, 459.0, 466.0, 438.0, 343.0, 317.0, 328.0, 316.0, 345.0, 332.0, 346.0, 356.0, 316.0, 317.0, 289.0, 268.0, 224.0, 208.0, 203.0, 232.0, 259.0, 261.0, 297.0, 265.0, 218.0, 211.0, 249.0, 265.0, 265.0, 271.0, 279.0, 248.0, 275.0, 272.0, 298.0, 318.0, 352.0, 392.0, 363.0]"
phi=0.80,56,profile,6,506.5,False,42,530.0,"[528.9, 512.0, 506.0, 537.0, 540.0, 576.0, 571.0, 533.0, 545.0, 556.0, 497.0, 491.0, 478.0, 510.0, 486.0, 540.0, 529.0, 522.0, 579.0, 556.0, 586.0, 569.0, 550.0, 575.0, 517.0, 477.0, 439.0, 409.0, 431.0, 389.0, 394.0, 634.0, 592.0, 606.0, 614.0, 613.0, 598.0, 672.0, 693.0, 712.0, 708.0, 662.0, 647.0, 622.0, 620.0, 606.0, 622.0, 602.0, 643.0, 688.0, 642.0, 686.0, 663.0, 678.0, 683.0, 756.0, 762.0, 704.0, 710.0, 724.0, 711.0, 703.0, 685.0, 696.0, 712.0, 725.0, 707.0, 633.0, 575.0, 537.0, 546.0, 566.0, 586.0, 565.0, 541.0, 552.0, 482.0, 470.0, 453.0, 441.0, 419.0, 460.0, 414.0, 395.0, 434.0, 363.0, 389.0, 336.0, 330.0, 352.0, 343.0, 353.0, 368.0, 348.0, 357.0, 372.0, 338.0, 314.0, 361.0, 395.0, 400.0, 385.0, 424.0, 455.0, 458.0, 389.0, 377.0, 350.0, 356.0, 383.0, 399.0, 392.0, 406.0, 395.0, 412.0, 377.0, 384.0, 425.0, 425.0, 410.0, 364.0, 369.0, 340.0, 321.0, 347.0, 419.0, 422.0, 414.0, 395.0, 392.0, 399.0, 418.0, 426.0, 431.0, 456.0, 471.0, 504.0, 538.0, 580.0, 546.0, 605.0, 601.0, 603.0, 664.0, 680.0, 691.0, 662.0, 657.0, 629.0, 576.0, 617.0, 643.0, 628.0, 622.0, 617.0, 678.0, 673.0, 652.0, 658.0, 679.0, 634.0, 589.0, 559.0, 559.0, 620.0, 640.0, 621.0, 637.0, 613.0, 618.0, 613.0, 613.0, 654.0, 642.0, 638.0, 654.0, 689.0, 655.0, 638.0, 610.0, 658.0, 659.0, 615.0, 613.0, 599.0, 588.0, 536.0, 523.0, 562.0, 552.0, 548.0, 550.0, 573.0, 556.0, 532.0, 567.0, 584.0, 565.0, 550.0, 535.0, 549.0, 530.0, 521.0, 540.0, 553.0, 517.0, 517.0, 513.0, 521.0, 500.0, 484.0, 499.0, 479.0, 497.0, 549.0, 571.0, 578.0, 561.0, 503.0, 490.0, 474.0, 515.0, 549.0, 547.0, 512.0, 514.0, 464.0, 481.0, 433.0, 439.0, 392.0, 418.0, 463.0, 427.0, 418.0, 442.0, 448.0, 470.0, 499.0, 545.0, 589.0, 676.0, 773.0, 777.0, 741.0, 790.0, 798.0, 783.0, 755.0, 758.0, 807.0, 840.0, 864.0, 920.0, 892.0, 923.0, 944.0, 995.0, 980.0, 941.0, 945.0, 910.0, 916.0, 911.0, 898.0, 860.0, 831.0, 783.0, 734.0, 736.0, 753.0, 651.0, 662.0, 645.0, 661.0, 667.0, 692.0, 642.0, 637.0, 632.0, 699.0, 710.0, 686.0, 672.0, 630.0, 651.0, 682.0, 674.0, 688.0, 693.0, 710.0, 706.0, 654.0, 650.0, 614.0, 628.0, 653.0, 612.0, 624.0, 636.0, 647.0, 635.0, 653.0, 696.0, 676.0, 682.0, 683.0, 678.0, 670.0, 609.0, 601.0, 586.0, 583.0, 604.0, 613.0, 590.0, 616.0, 608.0, 607.0, 582.0, 584.0, 573.0, 521.0, 570.0, 582.0, 638.0, 648.0, 589.0, 602.0, 630.0, 631.0, 650.0, 643.0, 616.0, 661.0, 636.0, 589.0, 570.0, 524.0, 535.0, 555.0, 526.0, 533.0, 495.0, 500.0, 517.0, 574.0, 607.0, 607.0, 563.0, 579.0, 568.0, 593.0, 585.0, 606.0, 606.0, 593.0, 597.0, 593.0, 594.0, 598.0, 605.0, 576.0, 565.0, 565.0, 555.0, 520.0, 507.0, 533.0, 546.0, 518.0, 512.0, 499.0, 514.0, 488.0, 575.0, 556.0, 617.0, 663.0, 693.0, 720.0, 717.0, 753.0, 734.0, 729.0, 697.0, 717.0, 711.0, 729.0, 756.0, 763.0, 747.0, 712.0, 679.0, 628.0, 670.0, 627.0, 611.0, 613.0, 603.0, 627.0, 596.0, 661.0, 673.0, 698.0, 639.0, 642.0, 610.0, 562.0, 554.0, 570.0, 547.0, 551.0, 499.0, 520.0, 472.0, 480.0, 506.0, 468.0, 483.0, 440.0, 463.0, 461.0, 446.0, 485.0, 477.0, 452.0, 503.0, 487.0, 530.0]"
phi=0.80,56,profile,7,500.55,False,55,388.0,"[528.9, 539.0, 533.0, 512.0, 468.0, 442.0, 421.0, 415.0, 407.0, 378.0, 398.0, 403.0, 399.0, 410.0, 378.0, 408.0, 466.0, 478.0, 517.0, 590.0, 580.0, 584.0, 525.0, 553.0, 545.0, 537.0, 575.0, 586.0, 577.0, 502.0, 501.0, 741.0, 711.0, 693.0, 679.0, 720.0, 722.0, 729.0, 733.0, 740.0, 755.0, 766.0, 708.0, 709.0, 700.0, 728.0, 714.0, 707.0, 729.0, 825.0, 788.0, 808.0, 847.0, 871.0, 807.0, 774.0, 779.0, 749.0, 743.0, 741.0, 708.0, 719.0, 672.0, 703.0, 720.0, 697.0, 646.0, 677.0, 680.0, 667.0, 644.0, 627.0, 643.0, 661.0, 682.0, 658.0, 695.0, 603.0, 599.0, 659.0, 627.0, 660.0, 619.0, 613.0, 605.0, 565.0, 552.0, 534.0, 488.0, 465.0, 500.0, 470.0, 498.0, 480.0, 497.0, 522.0, 523.0, 533.0, 566.0, 611.0, 641.0, 683.0, 709.0, 721.0, 649.0, 640.0, 630.0, 667.0, 700.0, 738.0, 670.0, 695.0, 728.0, 736.0, 719.0, 668.0, 660.0, 649.0, 619.0, 609.0, 642.0, 628.0, 608.0, 604.0, 594.0, 570.0, 601.0, 610.0, 604.0, 611.0, 608.0, 588.0, 610.0, 622.0, 575.0, 551.0, 530.0, 577.0, 570.0, 581.0, 622.0, 641.0, 639.0, 580.0, 546.0, 512.0, 479.0, 437.0, 423.0, 440.0, 482.0, 510.0, 499.0, 468.0, 440.0, 434.0, 462.0, 446.0, 425.0, 396.0, 381.0, 350.0, 339.0, 339.0, 301.0, 275.0, 310.0, 315.0, 308.0, 339.0, 354.0, 345.0, 323.0, 309.0, 305.0, 286.0, 280.0, 264.0, 286.0, 291.0, 293.0, 310.0, 335.0, 369.0, 372.0, 352.0, 333.0, 336.0, 322.0, 281.0, 263.0, 270.0, 279.0, 286.0, 283.0, 347.0, 334.0, 326.0, 292.0, 310.0, 306.0, 281.0, 259.0, 247.0, 292.0, 308.0, 349.0, 376.0, 384.0, 393.0, 350.0, 345.0, 324.0, 312.0, 324.0, 368.0, 373.0, 378.0, 388.0, 358.0, 350.0, 316.0, 340.0, 339.0, 316.0, 275.0, 256.0, 286.0, 285.0, 286.0, 305.0, 292.0, 311.0, 334.0, 376.0, 392.0, 407.0, 389.0, 380.0, 370.0, 405.0, 435.0, 422.0, 394.0, 437.0, 479.0, 448.0, 462.0, 493.0, 460.0, 418.0, 384.0, 384.0, 378.0, 375.0, 340.0, 368.0, 343.0, 339.0, 401.0, 393.0, 408.0, 394.0, 396.0, 417.0, 380.0, 370.0, 384.0, 388.0, 403.0, 484.0, 526.0, 503.0, 486.0, 452.0, 397.0, 369.0, 359.0, 351.0, 350.0, 394.0, 411.0, 402.0, 417.0, 449.0, 452.0, 465.0, 491.0, 542.0, 551.0, 529.0, 569.0, 579.0, 658.0, 644.0, 579.0, 577.0, 621.0, 630.0, 611.0, 549.0, 552.0, 528.0, 566.0, 604.0, 643.0, 665.0, 639.0, 615.0, 579.0, 562.0, 583.0, 559.0, 566.0, 548.0, 511.0, 524.0, 524.0, 492.0, 471.0, 437.0, 401.0, 408.0, 428.0, 426.0, 428.0, 476.0, 532.0, 503.0, 518.0, 499.0, 524.0, 509.0, 491.0, 460.0, 466.0, 490.0, 462.0, 454.0, 454.0, 433.0, 405.0, 411.0, 333.0, 309.0, 355.0, 353.0, 354.0, 387.0, 411.0, 401.0, 438.0, 444.0, 454.0, 498.0, 408.0, 450.0, 437.0, 478.0, 489.0, 481.0, 438.0, 440.0, 449.0, 442.0, 419.0, 444.0, 444.0, 375.0, 365.0, 374.0, 361.0, 357.0, 339.0, 341.0, 358.0, 355.0, 340.0, 330.0, 322.0, 356.0, 354.0, 332.0, 345.0, 334.0, 352.0, 349.0, 318.0, 363.0, 379.0, 369.0, 356.0, 322.0, 349.0, 334.0, 310.0, 316.0, 344.0, 339.0, 357.0, 342.0, 334.0, 328.0, 320.0, 335.0, 329.0, 323.0, 302.0, 342.0, 303.0, 359.0, 392.0, 392.0, 356.0, 396.0, 427.0, 384.0, 389.0, 431.0, 430.0, 437.0, 470.0, 459.0, 401.0, 400.0, 425.0, 401.0, 405.0, 392.0, 388.0]"
phi=0.80,56,profile,8,463.95,False,105,597.0,"[528.9, 499.0, 489.0, 542.0, 570.0, 569.0, 540.0, 517.0, 506.0, 480.0, 414.0, 401.0, 407.0, 387.0, 360.0, 369.0, 366.0, 396.0, 425.0, 395.0, 415.0, 448.0, 450.0, 531.0, 581.0, 561.0, 570.0, 608.0, 593.0, 602.0, 673.0, 913.0, 903.0, 928.0, 936.0, 973.0, 984.0, 1025.0, 1036.0, 1025.0, 990.0, 950.0, 951.0, 964.0, 965.0, 1002.0, 961.0, 930.0, 934.0, 978.0, 918.0, 861.0, 796.0, 820.0, 812.0, 743.0, 752.0, 763.0, 784.0, 771.0, 782.0, 741.0, 766.0, 741.0, 812.0, 718.0, 719.0, 746.0, 705.0, 659.0, 649.0, 644.0, 636.0, 657.0, 607.0, 644.0, 615.0, 637.0, 662.0, 626.0, 659.0, 728.0, 711.0, 761.0, 741.0, 723.0, 680.0, 712.0, 780.0, 820.0, 761.0, 783.0, 766.0, 760.0, 721.0, 691.0, 633.0, 575.0, 547.0, 533.0, 517.0, 519.0, 561.0, 676.0, 655.0, 606.0, 616.0, 611.0, 569.0, 537.0, 571.0, 588.0, 581.0, 582.0, 583.0, 567.0, 592.0, 630.0, 587.0, 610.0, 638.0, 634.0, 598.0, 559.0, 625.0, 684.0, 672.0, 569.0, 589.0, 563.0, 565.0, 524.0, 520.0, 535.0, 540.0, 529.0, 516.0, 552.0, 544.0, 439.0, 412.0, 389.0, 382.0, 375.0, 361.0, 437.0, 437.0, 484.0, 452.0, 484.0, 483.0, 501.0, 499.0, 508.0, 503.0, 473.0, 446.0, 456.0, 469.0, 488.0, 421.0, 432.0, 446.0, 509.0, 475.0, 479.0, 490.0, 478.0, 483.0, 468.0, 472.0, 462.0, 444.0, 386.0, 385.0, 398.0, 432.0, 457.0, 435.0, 415.0, 428.0, 509.0, 492.0, 445.0, 415.0, 338.0, 326.0, 331.0, 332.0, 329.0, 332.0, 334.0, 385.0, 381.0, 399.0, 371.0, 377.0, 367.0, 369.0, 372.0, 349.0, 306.0, 314.0, 301.0, 315.0, 303.0, 331.0, 328.0, 325.0, 329.0, 315.0, 291.0, 309.0, 299.0, 299.0, 345.0, 332.0, 272.0, 353.0, 329.0, 320.0, 306.0, 366.0, 407.0, 430.0, 401.0, 357.0, 404.0, 387.0, 396.0, 383.0, 398.0, 372.0, 381.0, 358.0, 346.0, 385.0, 397.0, 381.0, 370.0, 359.0, 349.0, 332.0, 365.0, 397.0, 380.0, 395.0, 394.0, 399.0, 410.0, 428.0, 469.0, 478.0, 451.0, 534.0, 591.0, 626.0, 647.0, 673.0, 665.0, 653.0, 654.0, 682.0, 704.0, 660.0, 713.0, 747.0, 732.0, 675.0, 642.0, 677.0, 695.0, 669.0, 684.0, 638.0, 677.0, 626.0, 621.0, 639.0, 624.0, 627.0, 633.0, 609.0, 595.0, 588.0, 651.0, 584.0, 635.0, 672.0, 695.0, 790.0, 849.0, 873.0, 856.0, 940.0, 965.0, 979.0, 1001.0, 1033.0, 1001.0, 961.0, 912.0, 911.0, 928.0, 938.0, 920.0, 893.0, 876.0, 875.0, 841.0, 856.0, 811.0, 827.0, 848.0, 845.0, 868.0, 831.0, 863.0, 829.0, 798.0, 827.0, 816.0, 766.0, 731.0, 764.0, 761.0, 731.0, 674.0, 628.0, 606.0, 599.0, 633.0, 646.0, 650.0, 640.0, 638.0, 691.0, 651.0, 615.0, 635.0, 634.0, 628.0, 627.0, 563.0, 566.0, 557.0, 502.0, 491.0, 534.0, 521.0, 529.0, 557.0, 567.0, 557.0, 597.0, 577.0, 536.0, 500.0, 514.0, 446.0, 474.0, 462.0, 445.0, 457.0, 481.0, 448.0, 453.0, 516.0, 563.0, 535.0, 526.0, 551.0, 610.0, 597.0, 548.0, 562.0, 575.0, 562.0, 596.0, 587.0, 609.0, 630.0, 650.0, 653.0, 701.0, 633.0, 647.0, 652.0, 621.0, 625.0, 579.0, 581.0, 536.0, 591.0, 547.0, 596.0, 626.0, 643.0, 660.0, 624.0, 624.0, 597.0, 541.0, 551.0, 542.0, 552.0, 541.0, 520.0, 525.0, 557.0, 509.0, 512.0, 480.0, 483.0, 487.0, 460.0, 482.0, 535.0, 531.0, 506.0, 494.0, 502.0, 486.0, 495.0, 481.0, 485.0, 500.0, 503.0, 539.0, 597.0]"
phi=0.80,56,profile,9,471.9,False,47,411.0,"[528.9, 455.0, 453.0, 490.0, 526.0, 520.0, 530.0, 499.0, 487.0, 504.0, 471.0, 482.0, 478.0, 478.0, 466.0, 468.0, 492.0, 529.0, 512.0, 510.0, 492.0, 471.0, 470.0, 467.0, 452.0, 436.0, 443.0, 427.0, 453.0, 441.0, 459.0, 699.0, 759.0, 730.0, 760.0, 740.0, 679.0, 683.0, 632.0, 602.0, 633.0, 634.0, 628.0, 576.0, 565.0, 578.0, 580.0, 564.0, 628.0, 586.0, 615.0, 596.0, 638.0, 630.0, 677.0, 654.0, 648.0, 599.0, 596.0, 572.0, 606.0, 618.0, 606.0, 615.0, 612.0, 590.0, 524.0, 523.0, 531.0, 537.0, 517.0, 507.0, 554.0, 523.0, 477.0, 487.0, 507.0, 497.0, 513.0, 561.0, 548.0, 467.0, 425.0, 400.0, 441.0, 417.0, 413.0, 435.0, 426.0, 424.0, 411.0, 418.0, 436.0, 439.0, 437.0, 432.0, 399.0, 366.0, 410.0, 397.0, 384.0, 372.0, 432.0, 456.0, 420.0, 398.0, 370.0, 392.0, 405.0, 408.0, 427.0, 402.0, 422.0, 409.0, 403.0, 400.0, 411.0, 412.0, 431.0, 401.0, 383.0, 391.0, 395.0, 455.0, 517.0, 521.0, 526.0, 501.0, 479.0, 415.0, 447.0, 450.0, 449.0, 469.0, 479.0, 493.0, 476.0, 524.0, 506.0, 484.0, 486.0, 506.0, 508.0, 521.0, 497.0, 515.0, 452.0, 463.0, 519.0, 454.0, 502.0, 490.0, 499.0, 426.0, 402.0, 388.0, 373.0, 431.0, 473.0, 478.0, 405.0, 418.0, 427.0, 400.0, 390.0, 383.0, 366.0, 384.0, 358.0, 370.0, 380.0, 391.0, 374.0, 403.0, 413.0, 432.0, 456.0, 436.0, 418.0, 408.0, 435.0, 428.0, 482.0, 475.0, 431.0, 420.0, 408.0, 387.0, 389.0, 315.0, 363.0, 376.0, 343.0, 331.0, 350.0, 330.0, 356.0, 308.0, 320.0, 388.0, 343.0, 312.0, 324.0, 308.0, 279.0, 256.0, 277.0, 264.0, 289.0, 293.0, 318.0, 304.0, 330.0, 328.0, 341.0, 329.0, 270.0, 254.0, 270.0, 268.0, 262.0, 285.0, 370.0, 336.0, 331.0, 295.0, 255.0, 267.0, 241.0, 243.0, 281.0, 295.0, 322.0, 355.0, 349.0, 355.0, 354.0, 365.0, 355.0, 366.0, 400.0, 416.0, 427.0, 457.0, 451.0, 459.0, 496.0, 526.0, 537.0, 529.0, 513.0, 552.0, 546.0, 512.0, 542.0, 616.0, 596.0, 609.0, 621.0, 655.0, 594.0, 577.0, 581.0, 542.0, 534.0, 542.0, 567.0, 616.0, 630.0, 589.0, 615.0, 676.0, 651.0, 638.0, 617.0, 587.0, 628.0, 616.0, 583.0, 539.0, 566.0, 603.0, 616.0, 630.0, 608.0, 600.0, 604.0, 584.0, 596.0, 587.0, 628.0, 635.0, 586.0, 604.0, 593.0, 573.0, 606.0, 588.0, 570.0, 601.0, 606.0, 605.0, 592.0, 620.0, 545.0, 524.0, 561.0, 554.0, 532.0, 496.0, 465.0, 520.0, 548.0, 542.0, 540.0, 537.0, 456.0, 496.0, 505.0, 480.0, 492.0, 497.0, 476.0, 462.0, 498.0, 508.0, 495.0, 482.0, 527.0, 509.0, 460.0, 442.0, 456.0, 436.0, 450.0, 407.0, 484.0, 449.0, 376.0, 380.0, 366.0, 423.0, 403.0, 391.0, 335.0, 337.0, 343.0, 307.0, 336.0, 320.0, 325.0, 357.0, 343.0, 380.0, 397.0, 424.0, 434.0, 449.0, 483.0, 483.0, 439.0, 471.0, 435.0, 420.0, 410.0, 383.0, 381.0, 407.0, 426.0, 397.0, 396.0, 392.0, 411.0, 409.0, 418.0, 444.0, 467.0, 451.0, 531.0, 490.0, 481.0, 491.0, 505.0, 517.0, 486.0, 456.0, 446.0, 477.0, 469.0, 382.0, 387.0, 391.0, 361.0, 397.0, 393.0, 412.0, 421.0, 438.0, 425.0, 409.0, 385.0, 392.0, 359.0, 356.0, 319.0, 305.0, 246.0, 201.0, 163.0, 173.0, 189.0, 234.0, 237.0, 230.0, 212.0, 198.0, 195.0, 188.0, 155.0, 201.0, 227.0, 280.0, 340.0, 358.0, 365.0, 336.0, 332.0, 397.0, 404.0, 411.0]"
phi=0.80,56,profile,10,763.95,False,24,361.0,"[528.9, 536.0, 508.0, 527.0, 503.0, 475.0, 561.0, 604.0, 619.0, 646.0, 655.0, 708.0, 755.0, 804.0, 798.0, 827.0, 824.0, 858.0, 830.0, 805.0, 796.0, 772.0, 737.0, 757.0, 806.0, 794.0, 736.0, 691.0, 716.0, 610.0, 571.0, 811.0, 839.0, 808.0, 803.0, 821.0, 841.0, 798.0, 803.0, 878.0, 902.0, 916.0, 889.0, 867.0, 922.0, 905.0, 838.0, 861.0, 855.0, 832.0, 829.0, 815.0, 838.0, 811.0, 802.0, 778.0, 750.0, 773.0, 790.0, 825.0, 781.0, 776.0, 746.0, 756.0, 795.0, 784.0, 803.0, 803.0, 800.0, 811.0, 767.0, 771.0, 809.0, 822.0, 819.0, 777.0, 793.0, 784.0, 737.0, 756.0, 781.0, 762.0, 784.0, 813.0, 840.0, 821.0, 900.0, 885.0, 891.0, 859.0, 912.0, 861.0, 814.0, 795.0, 775.0, 771.0, 796.0, 775.0, 837.0, 783.0, 784.0, 829.0, 809.0, 844.0, 799.0, 819.0, 803.0, 795.0, 758.0, 751.0, 826.0, 801.0, 832.0, 859.0, 858.0, 842.0, 825.0, 871.0, 964.0, 948.0, 941.0, 937.0, 891.0, 846.0, 828.0, 812.0, 748.0, 793.0, 754.0, 690.0, 660.0, 595.0, 640.0, 629.0, 688.0, 623.0, 608.0, 627.0, 632.0, 640.0, 656.0, 643.0, 582.0, 581.0, 559.0, 556.0, 571.0, 537.0, 543.0, 552.0, 503.0, 496.0, 467.0, 490.0, 547.0, 562.0, 561.0, 604.0, 633.0, 625.0, 660.0, 634.0, 644.0, 652.0, 653.0, 670.0, 656.0, 610.0, 615.0, 573.0, 539.0, 523.0, 477.0, 506.0, 494.0, 477.0, 464.0, 477.0, 445.0, 405.0, 402.0, 447.0, 433.0, 401.0, 384.0, 430.0, 408.0, 419.0, 367.0, 370.0, 345.0, 329.0, 325.0, 297.0, 259.0, 220.0, 224.0, 218.0, 196.0, 192.0, 208.0, 174.0, 189.0, 172.0, 157.0, 144.0, 160.0, 170.0, 219.0, 197.0, 240.0, 236.0, 205.0, 205.0, 220.0, 235.0, 215.0, 215.0, 190.0, 176.0, 196.0, 193.0, 231.0, 283.0, 281.0, 322.0, 317.0, 347.0, 387.0, 380.0, 366.0, 436.0, 402.0, 411.0, 384.0, 363.0, 372.0, 381.0, 394.0, 402.0, 373.0, 360.0, 348.0, 348.0, 316.0, 311.0, 333.0, 270.0, 290.0, 311.0, 371.0, 403.0, 349.0, 378.0, 343.0, 353.0, 392.0, 345.0, 360.0, 374.0, 369.0, 393.0, 410.0, 409.0, 422.0, 382.0, 336.0, 289.0, 329.0, 391.0, 421.0, 375.0, 342.0, 353.0, 349.0, 356.0, 357.0, 333.0, 365.0, 362.0, 350.0, 391.0, 373.0, 430.0, 430.0, 413.0, 429.0, 397.0, 400.0, 385.0, 399.0, 385.0, 393.0, 372.0, 336.0, 356.0, 308.0, 313.0, 316.0, 359.0, 362.0, 404.0, 434.0, 447.0, 438.0, 411.0, 375.0, 355.0, 321.0, 270.0, 278.0, 274.0, 260.0, 242.0, 246.0, 299.0, 271.0, 273.0, 254.0, 260.0, 285.0, 324.0, 312.0, 318.0, 328.0, 287.0, 270.0, 266.0, 343.0, 369.0, 368.0, 347.0, 314.0, 327.0, 354.0, 345.0, 381.0, 361.0, 356.0, 380.0, 394.0, 410.0, 424.0, 417.0, 424.0, 382.0, 337.0, 336.0, 355.0, 358.0, 357.0, 352.0, 342.0, 375.0, 429.0, 371.0, 328.0, 316.0, 372.0, 424.0, 427.0, 428.0, 436.0, 473.0, 517.0, 500.0, 505.0, 505.0, 511.0, 498.0, 506.0, 601.0, 633.0, 631.0, 664.0, 648.0, 703.0, 673.0, 646.0, 629.0, 659.0, 677.0, 715.0, 718.0, 736.0, 745.0, 741.0, 750.0, 747.0, 748.0, 786.0, 800.0, 771.0, 732.0, 743.0, 720.0, 718.0, 723.0, 726.0, 719.0, 682.0, 669.0, 638.0, 567.0, 571.0, 584.0, 586.0, 585.0, 560.0, 507.0, 520.0, 497.0, 486.0, 468.0, 440.0, 489.0, 524.0, 477.0, 437.0, 426.0, 398.0, 353.0, 336.0, 387.0, 337.0, 368.0, 346.0, 352.0, 354.0, 361.0]"
phi=0.80,56,profile,11,606.85,False,62,772.0,"[528.9, 522.0, 533.0, 565.0, 557.0, 542.0, 557.0, 562.0, 538.0, 587.0, 601.0, 598.0, 588.0, 588.0, 602.0, 574.0, 564.0, 574.0, 529.0, 612.0, 593.0, 641.0, 631.0, 651.0, 620.0, 642.0, 601.0, 648.0, 641.0, 639.0, 621.0, 861.0, 866.0, 861.0, 849.0, 888.0, 904.0, 932.0, 912.0, 946.0, 935.0, 891.0, 892.0, 876.0, 874.0, 946.0, 912.0, 806.0, 760.0, 772.0, 779.0, 795.0, 759.0, 724.0, 724.0, 721.0, 671.0, 658.0, 698.0, 700.0, 742.0, 747.0, 789.0, 827.0, 860.0, 773.0, 708.0, 749.0, 747.0, 735.0, 663.0, 625.0, 676.0, 679.0, 677.0, 641.0, 657.0, 651.0, 693.0, 764.0, 768.0, 772.0, 828.0, 788.0, 800.0, 795.0, 798.0, 822.0, 766.0, 710.0, 733.0, 711.0, 658.0, 627.0, 658.0, 641.0, 608.0, 584.0, 607.0, 585.0, 566.0, 563.0, 495.0, 478.0, 457.0, 422.0, 441.0, 414.0, 394.0, 451.0, 497.0, 577.0, 665.0, 641.0, 671.0, 699.0, 707.0, 700.0, 680.0, 699.0, 700.0, 683.0, 678.0, 658.0, 647.0, 610.0, 630.0, 661.0, 701.0, 611.0, 639.0, 608.0, 675.0, 668.0, 725.0, 730.0, 744.0, 730.0, 687.0, 665.0, 677.0, 616.0, 601.0, 574.0, 574.0, 621.0, 598.0, 614.0, 621.0, 631.0, 599.0, 586.0, 613.0, 602.0, 569.0, 608.0, 565.0, 528.0, 564.0, 560.0, 545.0, 519.0, 522.0, 562.0, 599.0, 589.0, 614.0, 644.0, 650.0, 688.0, 733.0, 743.0, 714.0, 718.0, 735.0, 753.0, 711.0, 727.0, 797.0, 875.0, 845.0, 856.0, 871.0, 895.0, 895.0, 879.0, 833.0, 836.0, 814.0, 865.0, 887.0, 892.0, 937.0, 912.0, 884.0, 868.0, 842.0, 839.0, 829.0, 779.0, 742.0, 722.0, 717.0, 770.0, 774.0, 763.0, 781.0, 789.0, 781.0, 804.0, 780.0, 820.0, 759.0, 772.0, 743.0, 785.0, 697.0, 632.0, 605.0, 624.0, 639.0, 582.0, 612.0, 655.0, 712.0, 737.0, 696.0, 760.0, 773.0, 708.0, 638.0, 673.0, 682.0, 674.0, 700.0, 647.0, 678.0, 625.0, 651.0, 641.0, 676.0, 687.0, 695.0, 725.0, 723.0, 688.0, 690.0, 694.0, 679.0, 648.0, 652.0, 628.0, 704.0, 690.0, 683.0, 666.0, 693.0, 730.0, 766.0, 694.0, 726.0, 773.0, 791.0, 706.0, 665.0, 694.0, 722.0, 723.0, 763.0, 812.0, 840.0, 833.0, 833.0, 844.0, 846.0, 819.0, 814.0, 844.0, 805.0, 708.0, 679.0, 646.0, 632.0, 621.0, 618.0, 585.0, 567.0, 552.0, 587.0, 581.0, 586.0, 612.0, 666.0, 676.0, 717.0, 741.0, 786.0, 830.0, 823.0, 812.0, 841.0, 836.0, 915.0, 930.0, 924.0, 930.0, 942.0, 902.0, 850.0, 825.0, 848.0, 829.0, 775.0, 796.0, 809.0, 865.0, 861.0, 887.0, 809.0, 717.0, 766.0, 780.0, 763.0, 793.0, 795.0, 779.0, 737.0, 670.0, 602.0, 611.0, 626.0, 586.0, 551.0, 561.0, 551.0, 573.0, 569.0, 543.0, 551.0, 597.0, 605.0, 565.0, 531.0, 544.0, 512.0, 510.0, 547.0, 588.0, 601.0, 578.0, 553.0, 572.0, 564.0, 568.0, 509.0, 498.0, 542.0, 546.0, 592.0, 608.0, 583.0, 548.0, 586.0, 517.0, 481.0, 466.0, 483.0, 493.0, 551.0, 538.0, 549.0, 612.0, 663.0, 677.0, 643.0, 635.0, 654.0, 655.0, 668.0, 670.0, 642.0, 701.0, 696.0, 730.0, 718.0, 733.0, 705.0, 641.0, 651.0, 615.0, 592.0, 575.0, 582.0, 597.0, 536.0, 562.0, 590.0, 624.0, 592.0, 580.0, 582.0, 605.0, 630.0, 680.0, 614.0, 629.0, 605.0, 644.0, 587.0, 669.0, 683.0, 703.0, 678.0, 699.0, 694.0, 725.0, 779.0, 782.0, 770.0, 806.0, 728.0, 722.0, 748.0, 745.0, 801.0, 777.0, 732.0, 760.0, 745.0, 772.0]"
phi=0.80,56,profile,12,427.4,False,89,555.0,"[528.9, 482.0, 462.0, 463.0, 421.0, 426.0, 400.0, 449.0, 414.0, 437.0, 470.0, 454.0, 448.0, 483.0, 446.0, 399.0, 399.0, 365.0, 343.0, 383.0, 369.0, 396.0, 438.0, 427.0, 409.0, 414.0, 441.0, 475.0, 500.0, 489.0, 467.0, 707.0, 631.0, 578.0, 560.0, 533.0, 515.0, 515.0, 499.0, 496.0, 550.0, 578.0, 571.0, 553.0, 620.0, 629.0, 646.0, 641.0, 651.0, 594.0, 541.0, 534.0, 550.0, 567.0, 604.0, 571.0, 589.0, 618.0, 623.0, 565.0, 596.0, 552.0, 560.0, 523.0, 563.0, 537.0, 616.0, 626.0, 593.0, 644.0, 629.0, 632.0, 687.0, 677.0, 700.0, 702.0, 680.0, 698.0, 722.0, 702.0, 759.0, 775.0, 767.0, 792.0, 775.0, 770.0, 777.0, 822.0, 762.0, 773.0, 736.0, 723.0, 677.0, 699.0, 756.0, 702.0, 672.0, 676.0, 679.0, 637.0, 688.0, 677.0, 668.0, 702.0, 691.0, 689.0, 667.0, 620.0, 610.0, 639.0, 645.0, 626.0, 590.0, 538.0, 472.0, 491.0, 497.0, 484.0, 456.0, 451.0, 476.0, 459.0, 439.0, 486.0, 417.0, 422.0, 441.0, 414.0, 438.0, 455.0, 458.0, 451.0, 436.0, 397.0, 381.0, 364.0, 328.0, 284.0, 320.0, 301.0, 313.0, 317.0, 312.0, 300.0, 340.0, 318.0, 356.0, 344.0, 351.0, 350.0, 389.0, 408.0, 436.0, 412.0, 400.0, 374.0, 360.0, 391.0, 389.0, 432.0, 360.0, 373.0, 403.0, 386.0, 342.0, 344.0, 312.0, 327.0, 326.0, 379.0, 335.0, 381.0, 422.0, 452.0, 465.0, 482.0, 465.0, 436.0, 432.0, 420.0, 434.0, 451.0, 438.0, 405.0, 405.0, 421.0, 436.0, 457.0, 462.0, 433.0, 411.0, 446.0, 378.0, 439.0, 441.0, 464.0, 468.0, 494.0, 502.0, 472.0, 499.0, 516.0, 543.0, 523.0, 523.0, 540.0, 581.0, 557.0, 552.0, 551.0, 560.0, 506.0, 515.0, 503.0, 452.0, 444.0, 390.0, 404.0, 375.0, 374.0, 341.0, 353.0, 364.0, 380.0, 374.0, 414.0, 400.0, 406.0, 422.0, 394.0, 411.0, 394.0, 336.0, 360.0, 353.0, 366.0, 387.0, 366.0, 350.0, 343.0, 348.0, 386.0, 415.0, 390.0, 374.0, 385.0, 368.0, 349.0, 353.0, 378.0, 408.0, 414.0, 428.0, 415.0, 366.0, 383.0, 410.0, 382.0, 365.0, 355.0, 396.0, 354.0, 334.0, 370.0, 329.0, 375.0, 304.0, 339.0, 323.0, 370.0, 392.0, 337.0, 324.0, 299.0, 320.0, 351.0, 350.0, 315.0, 311.0, 281.0, 325.0, 379.0, 391.0, 397.0, 432.0, 452.0, 461.0, 401.0, 446.0, 459.0, 465.0, 436.0, 448.0, 432.0, 465.0, 401.0, 367.0, 386.0, 390.0, 418.0, 386.0, 370.0, 377.0, 377.0, 386.0, 370.0, 391.0, 398.0, 418.0, 439.0, 437.0, 445.0, 427.0, 405.0, 418.0, 431.0, 381.0, 409.0, 433.0, 441.0, 452.0, 448.0, 517.0, 485.0, 484.0, 449.0, 442.0, 429.0, 441.0, 465.0, 502.0, 528.0, 549.0, 509.0, 534.0, 495.0, 524.0, 520.0, 499.0, 488.0, 539.0, 530.0, 528.0, 508.0, 450.0, 455.0, 454.0, 458.0, 487.0, 553.0, 544.0, 519.0, 497.0, 505.0, 457.0, 496.0, 484.0, 496.0, 491.0, 463.0, 512.0, 530.0, 505.0, 546.0, 541.0, 518.0, 503.0, 465.0, 485.0, 468.0, 491.0, 535.0, 571.0, 586.0, 618.0, 573.0, 500.0, 487.0, 509.0, 600.0, 641.0, 670.0, 656.0, 664.0, 695.0, 750.0, 758.0, 710.0, 758.0, 782.0, 828.0, 830.0, 812.0, 841.0, 871.0, 883.0, 948.0, 905.0, 906.0, 930.0, 847.0, 839.0, 871.0, 848.0, 817.0, 796.0, 800.0, 739.0, 756.0, 744.0, 730.0, 722.0, 661.0, 618.0, 600.0, 580.0, 506.0, 537.0, 533.0, 537.0, 492.0, 500.0, 510.0, 547.0, 560.0, 540.0, 525.0, 527.0, 512.0, 555.0]"
phi=0.80,56,profile,13,479.2,False,205,263.0,"[528.9, 536.0, 521.0, 525.0, 562.0, 528.0, 528.0, 500.0, 486.0, 515.0, 497.0, 521.0, 490.0, 488.0, 466.0, 491.0, 468.0, 487.0, 489.0, 465.0, 421.0, 420.0, 423.0, 447.0, 450.0, 472.0, 499.0, 537.0, 524.0, 529.0, 525.0, 765.0, 789.0, 772.0, 759.0, 708.0, 675.0, 744.0, 699.0, 757.0, 712.0, 728.0, 728.0, 760.0, 681.0, 679.0, 673.0, 622.0, 613.0, 615.0, 627.0, 685.0, 697.0, 684.0, 691.0, 652.0, 607.0, 624.0, 587.0, 633.0, 663.0, 729.0, 720.0, 756.0, 782.0, 788.0, 766.0, 779.0, 740.0, 706.0, 723.0, 758.0, 759.0, 738.0, 763.0, 765.0, 779.0, 750.0, 732.0, 798.0, 768.0, 726.0, 749.0, 762.0, 765.0, 804.0, 735.0, 730.0, 704.0, 721.0, 745.0, 735.0, 737.0, 730.0, 754.0, 733.0, 688.0, 631.0, 655.0, 686.0, 661.0, 668.0, 649.0, 569.0, 585.0, 607.0, 611.0, 638.0, 671.0, 601.0, 629.0, 639.0, 646.0, 654.0, 715.0, 693.0, 657.0, 683.0, 693.0, 686.0, 701.0, 710.0, 642.0, 627.0, 642.0, 602.0, 637.0, 683.0, 666.0, 682.0, 714.0, 768.0, 744.0, 744.0, 653.0, 641.0, 623.0, 598.0, 531.0, 509.0, 538.0, 526.0, 545.0, 523.0, 551.0, 603.0, 591.0, 637.0, 646.0, 695.0, 678.0, 671.0, 656.0, 685.0, 694.0, 695.0, 695.0, 730.0, 753.0, 771.0, 804.0, 841.0, 862.0, 922.0, 901.0, 809.0, 733.0, 722.0, 672.0, 651.0, 673.0, 695.0, 711.0, 693.0, 635.0, 627.0, 624.0, 641.0, 664.0, 695.0, 730.0, 749.0, 761.0, 773.0, 742.0, 779.0, 825.0, 776.0, 786.0, 764.0, 789.0, 760.0, 716.0, 764.0, 786.0, 751.0, 742.0, 732.0, 729.0, 758.0, 767.0, 732.0, 708.0, 712.0, 710.0, 709.0, 679.0, 672.0, 658.0, 677.0, 603.0, 586.0, 571.0, 612.0, 633.0, 551.0, 546.0, 531.0, 579.0, 618.0, 626.0, 677.0, 683.0, 623.0, 615.0, 654.0, 689.0, 678.0, 671.0, 690.0, 639.0, 618.0, 590.0, 541.0, 580.0, 559.0, 546.0, 499.0, 499.0, 448.0, 426.0, 442.0, 443.0, 442.0, 456.0, 437.0, 451.0, 407.0, 471.0, 462.0, 446.0, 423.0, 444.0, 492.0, 488.0, 443.0, 409.0, 406.0, 427.0, 429.0, 387.0, 387.0, 403.0, 368.0, 334.0, 361.0, 375.0, 389.0, 396.0, 433.0, 477.0, 438.0, 426.0, 450.0, 448.0, 457.0, 425.0, 391.0, 399.0, 406.0, 452.0, 478.0, 526.0, 493.0, 451.0, 491.0, 500.0, 510.0, 490.0, 534.0, 540.0, 541.0, 596.0, 597.0, 593.0, 552.0, 537.0, 568.0, 528.0, 484.0, 496.0, 523.0, 543.0, 551.0, 572.0, 499.0, 484.0, 507.0, 524.0, 525.0, 546.0, 563.0, 582.0, 545.0, 516.0, 563.0, 638.0, 643.0, 621.0, 567.0, 574.0, 588.0, 606.0, 571.0, 583.0, 571.0, 547.0, 495.0, 456.0, 455.0, 440.0, 518.0, 533.0, 563.0, 540.0, 612.0, 580.0, 570.0, 586.0, 587.0, 559.0, 481.0, 512.0, 564.0, 538.0, 506.0, 503.0, 545.0, 506.0, 516.0, 526.0, 520.0, 488.0, 506.0, 459.0, 462.0, 490.0, 491.0, 523.0, 497.0, 481.0, 483.0, 475.0, 508.0, 540.0, 578.0, 583.0, 575.0, 571.0, 590.0, 541.0, 524.0, 539.0, 548.0, 533.0, 522.0, 525.0, 559.0, 541.0, 566.0, 513.0, 503.0, 479.0, 488.0, 429.0, 404.0, 370.0, 387.0, 397.0, 414.0, 393.0, 412.0, 416.0, 441.0, 416.0, 407.0, 376.0, 389.0, 373.0, 309.0, 347.0, 333.0, 290.0, 285.0, 192.0, 152.0, 156.0, 147.0, 141.0, 141.0, 122.0, 137.0, 154.0, 170.0, 160.0, 130.0, 154.0, 142.0, 151.0, 167.0, 165.0, 192.0, 179.0, 226.0, 246.0, 247.0, 274.0, 286.0, 222.0, 263.0]"
phi=0.80,56,profile,14,462.15,False,32,596.0,"[528.9, 497.0, 484.0, 475.0, 490.0, 520.0, 548.0, 543.0, 493.0, 487.0, 474.0, 469.0, 448.0, 494.0, 458.0, 442.0, 480.0, 489.0, 484.0, 526.0, 463.0, 451.0, 469.0, 446.0, 477.0, 468.0, 456.0, 476.0, 399.0, 374.0, 382.0, 622.0, 654.0, 692.0, 677.0, 596.0, 575.0, 591.0, 510.0, 507.0, 508.0, 500.0, 508.0, 515.0, 515.0, 515.0, 610.0, 589.0, 584.0, 545.0, 570.0, 582.0, 600.0, 591.0, 595.0, 611.0, 637.0, 622.0, 614.0, 586.0, 557.0, 581.0, 538.0, 522.0, 508.0, 495.0, 450.0, 452.0, 422.0, 439.0, 373.0, 414.0, 417.0, 425.0, 455.0, 400.0, 433.0, 417.0, 398.0, 391.0, 450.0, 430.0, 429.0, 410.0, 417.0, 414.0, 406.0, 487.0, 546.0, 523.0, 522.0, 525.0, 540.0, 562.0, 579.0, 527.0, 543.0, 551.0, 540.0, 540.0, 526.0, 569.0, 577.0, 621.0, 613.0, 623.0, 615.0, 621.0, 692.0, 705.0, 651.0, 663.0, 656.0, 625.0, 618.0, 583.0, 575.0, 549.0, 564.0, 577.0, 563.0, 585.0, 578.0, 575.0, 576.0, 577.0, 567.0, 599.0, 644.0, 649.0, 691.0, 710.0, 757.0, 740.0, 802.0, 814.0, 908.0, 928.0, 904.0, 870.0, 919.0, 870.0, 886.0, 851.0, 815.0, 785.0, 786.0, 804.0, 813.0, 774.0, 833.0, 818.0, 827.0, 821.0, 803.0, 807.0, 796.0, 761.0, 823.0, 849.0, 825.0, 859.0, 771.0, 785.0, 791.0, 791.0, 805.0, 762.0, 786.0, 720.0, 749.0, 800.0, 770.0, 716.0, 725.0, 713.0, 692.0, 725.0, 755.0, 768.0, 772.0, 762.0, 760.0, 790.0, 777.0, 761.0, 707.0, 678.0, 638.0, 683.0, 656.0, 665.0, 592.0, 576.0, 568.0, 581.0, 629.0, 645.0, 698.0, 662.0, 705.0, 777.0, 856.0, 903.0, 903.0, 908.0, 886.0, 894.0, 810.0, 776.0, 810.0, 839.0, 830.0, 830.0, 869.0, 838.0, 869.0, 892.0, 857.0, 832.0, 751.0, 668.0, 690.0, 708.0, 731.0, 720.0, 739.0, 834.0, 818.0, 762.0, 786.0, 734.0, 720.0, 754.0, 780.0, 769.0, 776.0, 809.0, 839.0, 844.0, 813.0, 773.0, 808.0, 819.0, 853.0, 861.0, 773.0, 754.0, 742.0, 712.0, 726.0, 783.0, 751.0, 698.0, 710.0, 698.0, 657.0, 664.0, 666.0, 697.0, 706.0, 702.0, 672.0, 681.0, 709.0, 700.0, 657.0, 715.0, 743.0, 704.0, 725.0, 734.0, 697.0, 649.0, 642.0, 721.0, 682.0, 698.0, 637.0, 652.0, 640.0, 619.0, 662.0, 662.0, 650.0, 633.0, 663.0, 677.0, 634.0, 620.0, 660.0, 582.0, 542.0, 513.0, 528.0, 513.0, 500.0, 495.0, 486.0, 427.0, 443.0, 443.0, 466.0, 465.0, 489.0, 508.0, 525.0, 485.0, 462.0, 457.0, 426.0, 395.0, 416.0, 468.0, 461.0, 495.0, 517.0, 538.0, 455.0, 493.0, 528.0, 509.0, 560.0, 554.0, 535.0, 537.0, 550.0, 578.0, 601.0, 640.0, 644.0, 638.0, 644.0, 664.0, 606.0, 572.0, 544.0, 511.0, 535.0, 546.0, 504.0, 521.0, 518.0, 496.0, 513.0, 522.0, 517.0, 525.0, 496.0, 533.0, 542.0, 601.0, 586.0, 547.0, 554.0, 536.0, 522.0, 530.0, 509.0, 487.0, 445.0, 426.0, 372.0, 389.0, 389.0, 388.0, 411.0, 406.0, 384.0, 369.0, 348.0, 351.0, 400.0, 380.0, 388.0, 375.0, 402.0, 372.0, 380.0, 401.0, 408.0, 403.0, 384.0, 367.0, 332.0, 354.0, 392.0, 366.0, 379.0, 402.0, 398.0, 445.0, 456.0, 460.0, 470.0, 470.0, 511.0, 565.0, 568.0, 510.0, 544.0, 523.0, 554.0, 581.0, 535.0, 581.0, 581.0, 579.0, 618.0, 634.0, 621.0, 584.0, 571.0, 555.0, 563.0, 615.0, 632.0, 664.0, 668.0, 723.0, 731.0, 722.0, 729.0, 715.0, 679.0, 653.0, 666.0, 686.0, 647.0, 596.0]"
phi=0.80,56,profile,15,382.25,False,113,451.0,"[528.9, 563.0, 583.0, 593.0, 567.0, 541.0, 529.0, 508.0, 497.0, 501.0, 505.0, 487.0, 472.0, 527.0, 490.0, 425.0, 435.0, 400.0, 372.0, 335.0, 338.0, 372.0, 333.0, 351.0, 325.0, 308.0, 283.0, 291.0, 312.0, 284.0, 290.0, 530.0, 524.0, 573.0, 544.0, 615.0, 637.0, 580.0, 568.0, 620.0, 671.0, 648.0, 667.0, 685.0, 656.0, 702.0, 752.0, 749.0, 722.0, 744.0, 711.0, 699.0, 767.0, 836.0, 827.0, 845.0, 804.0, 778.0, 766.0, 717.0, 687.0, 712.0, 700.0, 774.0, 849.0, 869.0, 899.0, 886.0, 898.0, 828.0, 807.0, 778.0, 772.0, 772.0, 794.0, 816.0, 797.0, 773.0, 740.0, 695.0, 669.0, 619.0, 626.0, 688.0, 725.0, 733.0, 771.0, 757.0, 757.0, 746.0, 773.0, 766.0, 733.0, 745.0, 718.0, 722.0, 780.0, 834.0, 810.0, 833.0, 864.0, 834.0, 804.0, 787.0, 772.0, 846.0, 783.0, 777.0, 778.0, 799.0, 765.0, 720.0, 682.0, 667.0, 679.0, 676.0, 704.0, 702.0, 660.0, 691.0, 716.0, 734.0, 708.0, 731.0, 746.0, 687.0, 645.0, 636.0, 626.0, 605.0, 563.0, 568.0, 527.0, 510.0, 472.0, 467.0, 436.0, 405.0, 416.0, 473.0, 504.0, 490.0, 506.0, 467.0, 460.0, 412.0, 381.0, 363.0, 356.0, 336.0, 361.0, 373.0, 364.0, 407.0, 396.0, 392.0, 422.0, 381.0, 360.0, 408.0, 411.0, 372.0, 334.0, 336.0, 339.0, 326.0, 336.0, 322.0, 304.0, 317.0, 338.0, 350.0, 351.0, 333.0, 347.0, 371.0, 390.0, 393.0, 410.0, 378.0, 392.0, 421.0, 402.0, 409.0, 439.0, 422.0, 456.0, 472.0, 454.0, 432.0, 435.0, 429.0, 442.0, 433.0, 444.0, 489.0, 471.0, 476.0, 482.0, 504.0, 544.0, 546.0, 531.0, 514.0, 518.0, 511.0, 526.0, 529.0, 544.0, 527.0, 551.0, 585.0, 604.0, 590.0, 607.0, 611.0, 642.0, 635.0, 598.0, 611.0, 640.0, 604.0, 613.0, 610.0, 617.0, 586.0, 602.0, 643.0, 659.0, 698.0, 672.0, 654.0, 618.0, 651.0, 663.0, 700.0, 679.0, 694.0, 668.0, 629.0, 599.0, 547.0, 541.0, 489.0, 514.0, 578.0, 626.0, 631.0, 698.0, 705.0, 718.0, 650.0, 642.0, 607.0, 580.0, 622.0, 561.0, 504.0, 490.0, 493.0, 530.0, 553.0, 535.0, 538.0, 555.0, 560.0, 546.0, 542.0, 556.0, 536.0, 529.0, 524.0, 484.0, 431.0, 396.0, 382.0, 412.0, 423.0, 368.0, 377.0, 348.0, 304.0, 308.0, 307.0, 300.0, 295.0, 294.0, 275.0, 266.0, 283.0, 257.0, 241.0, 205.0, 206.0, 175.0, 210.0, 214.0, 207.0, 210.0, 205.0, 211.0, 200.0, 160.0, 227.0, 275.0, 265.0, 301.0, 302.0, 333.0, 387.0, 333.0, 330.0, 341.0, 325.0, 308.0, 316.0, 326.0, 356.0, 323.0, 290.0, 260.0, 247.0, 226.0, 227.0, 220.0, 268.0, 272.0, 218.0, 271.0, 282.0, 286.0, 321.0, 323.0, 365.0, 389.0, 386.0, 342.0, 362.0, 383.0, 349.0, 313.0, 298.0, 366.0, 393.0, 426.0, 393.0, 397.0, 390.0, 361.0, 405.0, 403.0, 419.0, 389.0, 404.0, 402.0, 374.0, 346.0, 346.0, 347.0, 388.0, 385.0, 368.0, 351.0, 361.0, 395.0, 427.0, 456.0, 463.0, 468.0, 502.0, 504.0, 466.0, 475.0, 458.0, 449.0, 479.0, 478.0, 493.0, 513.0, 487.0, 464.0, 481.0, 504.0, 519.0, 538.0, 547.0, 509.0, 512.0, 496.0, 493.0, 503.0, 529.0, 511.0, 520.0, 544.0, 497.0, 505.0, 501.0, 442.0, 487.0, 540.0, 541.0, 608.0, 581.0, 580.0, 593.0, 580.0, 597.0, 571.0, 592.0, 615.0, 598.0, 574.0, 495.0, 458.0, 482.0, 470.0, 460.0, 469.0, 464.0, 503.0, 479.0, 459.0, 458.0, 443.0, 455.0, 391.0, 441.0, 494.0, 451.0]"
phi=0.80,56,profile,16,467.95,False,25,906.0,"[528.9, 502.0, 523.0, 491.0, 484.0, 525.0, 476.0, 472.0, 461.0, 496.0, 478.0, 501.0, 536.0, 540.0, 509.0, 520.0, 490.0, 468.0, 472.0, 468.0, 475.0, 464.0, 459.0, 466.0, 461.0, 453.0, 407.0, 403.0, 386.0, 403.0, 396.0, 636.0, 628.0, 626.0, 623.0, 710.0, 757.0, 690.0, 659.0, 637.0, 671.0, 646.0, 645.0, 630.0, 651.0, 642.0, 655.0, 686.0, 697.0, 689.0, 640.0, 626.0, 641.0, 629.0, 570.0, 572.0, 553.0, 506.0, 450.0, 459.0, 465.0, 411.0, 397.0, 385.0, 427.0, 409.0, 403.0, 357.0, 395.0, 367.0, 367.0, 399.0, 397.0, 399.0, 396.0, 417.0, 453.0, 399.0, 409.0, 375.0, 406.0, 394.0, 380.0, 450.0, 404.0, 395.0, 351.0, 397.0, 391.0, 358.0, 347.0, 371.0, 375.0, 370.0, 352.0, 381.0, 390.0, 354.0, 379.0, 418.0, 399.0, 377.0, 343.0, 347.0, 374.0, 410.0, 375.0, 384.0, 365.0, 393.0, 402.0, 475.0, 454.0, 490.0, 441.0, 441.0, 471.0, 545.0, 505.0, 566.0, 542.0, 543.0, 579.0, 537.0, 558.0, 512.0, 498.0, 500.0, 513.0, 543.0, 587.0, 527.0, 507.0, 470.0, 495.0, 498.0, 493.0, 466.0, 460.0, 459.0, 464.0, 420.0, 434.0, 454.0, 450.0, 429.0, 450.0, 441.0, 447.0, 444.0, 441.0, 459.0, 429.0, 465.0, 387.0, 393.0, 430.0, 462.0, 430.0, 462.0, 451.0, 489.0, 528.0, 512.0, 528.0, 492.0, 475.0, 491.0, 495.0, 483.0, 475.0, 474.0, 499.0, 540.0, 567.0, 525.0, 502.0, 467.0, 481.0, 494.0, 436.0, 419.0, 466.0, 497.0, 530.0, 536.0, 566.0, 575.0, 589.0, 560.0, 578.0, 572.0, 604.0, 527.0, 495.0, 487.0, 482.0, 499.0, 518.0, 544.0, 534.0, 513.0, 518.0, 578.0, 624.0, 573.0, 544.0, 484.0, 525.0, 487.0, 500.0, 497.0, 509.0, 504.0, 501.0, 521.0, 517.0, 500.0, 479.0, 483.0, 471.0, 421.0, 398.0, 427.0, 395.0, 402.0, 397.0, 405.0, 425.0, 414.0, 389.0, 406.0, 419.0, 472.0, 500.0, 525.0, 479.0, 496.0, 544.0, 554.0, 559.0, 587.0, 615.0, 602.0, 520.0, 544.0, 601.0, 583.0, 597.0, 628.0, 571.0, 528.0, 523.0, 510.0, 499.0, 507.0, 508.0, 542.0, 554.0, 561.0, 598.0, 556.0, 527.0, 494.0, 550.0, 542.0, 561.0, 573.0, 533.0, 555.0, 579.0, 503.0, 547.0, 591.0, 623.0, 595.0, 588.0, 579.0, 589.0, 553.0, 540.0, 499.0, 511.0, 512.0, 495.0, 497.0, 531.0, 510.0, 527.0, 543.0, 494.0, 506.0, 518.0, 552.0, 490.0, 524.0, 505.0, 465.0, 485.0, 552.0, 590.0, 620.0, 615.0, 632.0, 591.0, 577.0, 605.0, 620.0, 620.0, 633.0, 586.0, 531.0, 553.0, 553.0, 563.0, 601.0, 535.0, 586.0, 657.0, 637.0, 629.0, 628.0, 658.0, 641.0, 656.0, 697.0, 691.0, 688.0, 699.0, 722.0, 739.0, 722.0, 787.0, 690.0, 730.0, 738.0, 722.0, 738.0, 743.0, 725.0, 728.0, 745.0, 755.0, 766.0, 762.0, 729.0, 685.0, 654.0, 702.0, 677.0, 691.0, 734.0, 718.0, 731.0, 740.0, 766.0, 784.0, 775.0, 783.0, 718.0, 725.0, 788.0, 819.0, 803.0, 770.0, 684.0, 697.0, 734.0, 712.0, 763.0, 750.0, 745.0, 734.0, 761.0, 766.0, 796.0, 755.0, 821.0, 848.0, 836.0, 840.0, 820.0, 820.0, 788.0, 791.0, 818.0, 854.0, 833.0, 835.0, 834.0, 781.0, 757.0, 772.0, 804.0, 753.0, 772.0, 809.0, 767.0, 850.0, 865.0, 889.0, 918.0, 870.0, 882.0, 879.0, 859.0, 863.0, 918.0, 902.0, 1015.0, 1019.0, 978.0, 969.0, 956.0, 900.0, 892.0, 928.0, 986.0, 971.0, 989.0, 1006.0, 1002.0, 1083.0, 1100.0, 1049.0, 1075.0, 1040.0, 1002.0, 932.0, 906.0]"
phi=0.80,56,profile,17,598.8,False,6,330.0,"[528.9, 590.0, 593.0, 592.0, 619.0, 634.0, 596.0, 543.0, 589.0, 515.0, 533.0, 544.0, 584.0, 641.0, 605.0, 622.0, 647.0, 664.0, 658.0, 617.0, 647.0, 657.0, 637.0, 640.0, 626.0, 599.0, 522.0, 515.0, 513.0, 505.0, 503.0, 743.0, 737.0, 748.0, 644.0, 617.0, 646.0, 608.0, 622.0, 618.0, 654.0, 596.0, 610.0, 606.0, 640.0, 672.0, 686.0, 627.0, 613.0, 622.0, 666.0, 659.0, 589.0, 570.0, 557.0, 496.0, 511.0, 477.0, 472.0, 477.0, 503.0, 574.0, 534.0, 537.0, 522.0, 480.0, 502.0, 509.0, 529.0, 571.0, 584.0, 565.0, 600.0, 595.0, 601.0, 595.0, 614.0, 628.0, 616.0, 573.0, 550.0, 544.0, 485.0, 493.0, 475.0, 475.0, 455.0, 421.0, 439.0, 459.0, 449.0, 441.0, 397.0, 405.0, 442.0, 409.0, 427.0, 480.0, 524.0, 543.0, 600.0, 613.0, 572.0, 552.0, 561.0, 588.0, 593.0, 564.0, 551.0, 553.0, 552.0, 594.0, 637.0, 589.0, 565.0, 550.0, 524.0, 545.0, 596.0, 605.0, 578.0, 567.0, 536.0, 511.0, 474.0, 509.0, 494.0, 539.0, 533.0, 509.0, 523.0, 544.0, 518.0, 497.0, 456.0, 491.0, 502.0, 486.0, 540.0, 502.0, 493.0, 488.0, 463.0, 407.0, 414.0, 414.0, 468.0, 478.0, 502.0, 538.0, 546.0, 538.0, 508.0, 534.0, 574.0, 600.0, 561.0, 546.0, 574.0, 591.0, 595.0, 614.0, 597.0, 567.0, 577.0, 586.0, 542.0, 526.0, 551.0, 509.0, 440.0, 479.0, 497.0, 505.0, 553.0, 537.0, 575.0, 503.0, 514.0, 559.0, 575.0, 561.0, 605.0, 577.0, 614.0, 628.0, 604.0, 575.0, 563.0, 564.0, 537.0, 555.0, 564.0, 521.0, 518.0, 552.0, 534.0, 567.0, 564.0, 553.0, 605.0, 637.0, 668.0, 732.0, 692.0, 631.0, 597.0, 500.0, 506.0, 516.0, 499.0, 487.0, 496.0, 469.0, 448.0, 415.0, 397.0, 347.0, 327.0, 332.0, 312.0, 317.0, 350.0, 422.0, 424.0, 434.0, 439.0, 417.0, 445.0, 439.0, 431.0, 432.0, 399.0, 376.0, 386.0, 373.0, 372.0, 360.0, 383.0, 395.0, 416.0, 448.0, 447.0, 461.0, 449.0, 479.0, 439.0, 457.0, 455.0, 418.0, 402.0, 380.0, 370.0, 385.0, 403.0, 385.0, 430.0, 445.0, 443.0, 428.0, 425.0, 435.0, 421.0, 375.0, 360.0, 343.0, 410.0, 394.0, 400.0, 384.0, 416.0, 365.0, 374.0, 339.0, 335.0, 346.0, 362.0, 398.0, 373.0, 424.0, 415.0, 396.0, 415.0, 403.0, 400.0, 395.0, 415.0, 377.0, 383.0, 412.0, 414.0, 420.0, 415.0, 411.0, 431.0, 399.0, 431.0, 383.0, 311.0, 289.0, 297.0, 318.0, 315.0, 310.0, 281.0, 304.0, 256.0, 264.0, 219.0, 224.0, 244.0, 252.0, 246.0, 232.0, 207.0, 226.0, 225.0, 216.0, 217.0, 230.0, 172.0, 185.0, 235.0, 198.0, 204.0, 181.0, 215.0, 254.0, 304.0, 331.0, 345.0, 368.0, 390.0, 391.0, 423.0, 494.0, 443.0, 460.0, 464.0, 495.0, 489.0, 498.0, 508.0, 506.0, 436.0, 470.0, 478.0, 504.0, 509.0, 504.0, 495.0, 504.0, 538.0, 541.0, 522.0, 528.0, 487.0, 448.0, 439.0, 463.0, 488.0, 434.0, 438.0, 437.0, 463.0, 421.0, 381.0, 372.0, 403.0, 408.0, 403.0, 372.0, 371.0, 379.0, 330.0, 317.0, 347.0, 376.0, 387.0, 387.0, 374.0, 412.0, 424.0, 378.0, 441.0, 456.0, 368.0, 384.0, 401.0, 435.0, 412.0, 400.0, 373.0, 363.0, 356.0, 327.0, 327.0, 281.0, 258.0, 275.0, 287.0, 256.0, 270.0, 272.0, 307.0, 336.0, 330.0, 351.0, 357.0, 365.0, 334.0, 348.0, 329.0, 292.0, 294.0, 293.0, 309.0, 315.0, 350.0, 332.0, 308.0, 303.0, 234.0, 262.0, 284.0, 274.0, 298.0, 312.0, 326.0, 330.0]"
phi=0.80,56,profile,18,570.85,False,57,619.0,"[528.9, 551.0, 522.0, 485.0, 544.0, 561.0, 581.0, 529.0, 588.0, 580.0, 635.0, 653.0, 634.0, 632.0, 629.0, 645.0, 620.0, 591.0, 591.0, 550.0, 588.0, 584.0, 508.0, 508.0, 529.0, 541.0, 525.0, 507.0, 472.0, 475.0, 459.0, 699.0, 724.0, 671.0, 690.0, 701.0, 689.0, 693.0, 678.0, 694.0, 699.0, 713.0, 707.0, 715.0, 702.0, 692.0, 665.0, 688.0, 722.0, 683.0, 682.0, 718.0, 725.0, 657.0, 656.0, 632.0, 607.0, 622.0, 650.0, 726.0, 750.0, 703.0, 704.0, 755.0, 749.0, 757.0, 760.0, 758.0, 737.0, 730.0, 708.0, 741.0, 751.0, 764.0, 778.0, 807.0, 777.0, 773.0, 778.0, 798.0, 767.0, 789.0, 728.0, 726.0, 758.0, 781.0, 709.0, 628.0, 688.0, 600.0, 539.0, 563.0, 532.0, 541.0, 599.0, 592.0, 563.0, 503.0, 460.0, 460.0, 438.0, 414.0, 399.0, 406.0, 382.0, 385.0, 396.0, 404.0, 454.0, 402.0, 370.0, 380.0, 438.0, 396.0, 412.0, 406.0, 428.0, 466.0, 540.0, 606.0, 612.0, 627.0, 618.0, 618.0, 614.0, 594.0, 597.0, 596.0, 633.0, 645.0, 624.0, 627.0, 569.0, 559.0, 576.0, 591.0, 596.0, 579.0, 559.0, 515.0, 490.0, 475.0, 461.0, 457.0, 459.0, 497.0, 516.0, 495.0, 516.0, 503.0, 514.0, 477.0, 462.0, 470.0, 499.0, 461.0, 483.0, 470.0, 480.0, 479.0, 469.0, 402.0, 413.0, 417.0, 455.0, 459.0, 467.0, 510.0, 521.0, 528.0, 514.0, 538.0, 520.0, 466.0, 465.0, 449.0, 418.0, 430.0, 446.0, 423.0, 363.0, 411.0, 388.0, 356.0, 372.0, 352.0, 348.0, 327.0, 309.0, 379.0, 415.0, 412.0, 397.0, 409.0, 409.0, 445.0, 415.0, 430.0, 486.0, 511.0, 499.0, 495.0, 532.0, 568.0, 514.0, 541.0, 559.0, 593.0, 554.0, 577.0, 621.0, 589.0, 603.0, 586.0, 609.0, 633.0, 622.0, 668.0, 682.0, 702.0, 676.0, 754.0, 791.0, 764.0, 749.0, 705.0, 704.0, 676.0, 720.0, 669.0, 654.0, 642.0, 678.0, 684.0, 651.0, 635.0, 611.0, 562.0, 618.0, 606.0, 531.0, 519.0, 502.0, 455.0, 470.0, 469.0, 488.0, 453.0, 452.0, 453.0, 471.0, 469.0, 504.0, 517.0, 534.0, 529.0, 597.0, 582.0, 570.0, 559.0, 513.0, 471.0, 450.0, 484.0, 485.0, 468.0, 512.0, 472.0, 475.0, 444.0, 406.0, 362.0, 408.0, 394.0, 336.0, 322.0, 275.0, 251.0, 257.0, 260.0, 292.0, 290.0, 310.0, 301.0, 317.0, 339.0, 351.0, 415.0, 450.0, 480.0, 477.0, 513.0, 569.0, 583.0, 607.0, 629.0, 614.0, 697.0, 733.0, 829.0, 802.0, 853.0, 897.0, 919.0, 934.0, 861.0, 846.0, 863.0, 850.0, 878.0, 922.0, 865.0, 866.0, 815.0, 789.0, 873.0, 868.0, 809.0, 845.0, 836.0, 883.0, 906.0, 883.0, 848.0, 876.0, 859.0, 844.0, 843.0, 843.0, 862.0, 834.0, 802.0, 785.0, 801.0, 876.0, 857.0, 845.0, 825.0, 850.0, 860.0, 890.0, 900.0, 881.0, 912.0, 898.0, 930.0, 921.0, 920.0, 903.0, 885.0, 891.0, 822.0, 832.0, 887.0, 864.0, 849.0, 822.0, 773.0, 751.0, 806.0, 833.0, 807.0, 798.0, 761.0, 753.0, 750.0, 758.0, 723.0, 709.0, 776.0, 810.0, 811.0, 828.0, 853.0, 886.0, 833.0, 852.0, 868.0, 855.0, 868.0, 858.0, 769.0, 814.0, 819.0, 782.0, 846.0, 865.0, 873.0, 824.0, 828.0, 847.0, 812.0, 746.0, 710.0, 753.0, 740.0, 746.0, 718.0, 668.0, 663.0, 636.0, 617.0, 633.0, 658.0, 680.0, 689.0, 700.0, 710.0, 743.0, 688.0, 662.0, 710.0, 736.0, 685.0, 707.0, 729.0, 725.0, 694.0, 700.0, 724.0, 745.0, 727.0, 675.0, 655.0, 661.0, 676.0, 726.0, 720.0, 665.0, 619.0]"
phi=0.80,56,profile,19,547.45,False,95,622.0,"[528.9, 527.0, 532.0, 558.0, 586.0, 598.0, 601.0, 593.0, 601.0, 604.0, 604.0, 579.0, 586.0, 604.0, 555.0, 553.0, 559.0, 579.0, 582.0, 577.0, 581.0, 533.0, 538.0, 536.0, 521.0, 531.0, 513.0, 486.0, 474.0, 458.0, 380.0, 620.0, 677.0, 656.0, 708.0, 727.0, 686.0, 633.0, 600.0, 581.0, 600.0, 587.0, 646.0, 701.0, 660.0, 678.0, 696.0, 694.0, 690.0, 669.0, 641.0, 623.0, 667.0, 674.0, 599.0, 671.0, 648.0, 711.0, 730.0, 758.0, 765.0, 759.0, 754.0, 785.0, 793.0, 834.0, 809.0, 793.0, 852.0, 895.0, 942.0, 884.0, 925.0, 891.0, 909.0, 1004.0, 994.0, 1008.0, 987.0, 1032.0, 1000.0, 961.0, 1015.0, 967.0, 952.0, 993.0, 955.0, 969.0, 880.0, 796.0, 793.0, 776.0, 697.0, 688.0, 687.0, 651.0, 646.0, 714.0, 702.0, 644.0, 620.0, 636.0, 619.0, 608.0, 603.0, 629.0, 539.0, 539.0, 572.0, 630.0, 609.0, 666.0, 666.0, 670.0, 652.0, 658.0, 662.0, 648.0, 664.0, 670.0, 714.0, 718.0, 694.0, 656.0, 641.0, 606.0, 566.0, 560.0, 542.0, 582.0, 535.0, 509.0, 536.0, 518.0, 512.0, 510.0, 511.0, 481.0, 478.0, 475.0, 466.0, 533.0, 555.0, 534.0, 593.0, 605.0, 588.0, 615.0, 596.0, 581.0, 550.0, 536.0, 543.0, 531.0, 516.0, 519.0, 567.0, 582.0, 576.0, 530.0, 594.0, 562.0, 591.0, 611.0, 623.0, 618.0, 618.0, 597.0, 624.0, 545.0, 533.0, 584.0, 529.0, 508.0, 552.0, 547.0, 545.0, 519.0, 562.0, 583.0, 571.0, 534.0, 526.0, 492.0, 463.0, 443.0, 466.0, 527.0, 534.0, 561.0, 573.0, 590.0, 621.0, 622.0, 597.0, 543.0, 543.0, 526.0, 504.0, 535.0, 578.0, 570.0, 600.0, 588.0, 568.0, 579.0, 576.0, 563.0, 541.0, 537.0, 530.0, 536.0, 504.0, 518.0, 453.0, 482.0, 418.0, 507.0, 478.0, 450.0, 425.0, 456.0, 428.0, 459.0, 447.0, 443.0, 433.0, 422.0, 384.0, 352.0, 403.0, 410.0, 417.0, 457.0, 435.0, 491.0, 489.0, 457.0, 478.0, 490.0, 527.0, 517.0, 512.0, 552.0, 578.0, 557.0, 559.0, 593.0, 546.0, 534.0, 514.0, 550.0, 504.0, 435.0, 485.0, 474.0, 447.0, 448.0, 436.0, 389.0, 414.0, 462.0, 484.0, 427.0, 391.0, 372.0, 373.0, 395.0, 383.0, 367.0, 340.0, 355.0, 368.0, 371.0, 390.0, 380.0, 399.0, 364.0, 343.0, 341.0, 309.0, 298.0, 323.0, 350.0, 327.0, 386.0, 406.0, 443.0, 429.0, 464.0, 416.0, 384.0, 365.0, 325.0, 306.0, 367.0, 319.0, 326.0, 357.0, 359.0, 369.0, 354.0, 345.0, 345.0, 326.0, 323.0, 310.0, 309.0, 278.0, 320.0, 294.0, 304.0, 307.0, 337.0, 378.0, 372.0, 366.0, 369.0, 393.0, 390.0, 376.0, 426.0, 448.0, 461.0, 397.0, 405.0, 448.0, 516.0, 489.0, 524.0, 546.0, 558.0, 571.0, 656.0, 619.0, 599.0, 560.0, 516.0, 477.0, 476.0, 453.0, 468.0, 451.0, 479.0, 446.0, 452.0, 476.0, 535.0, 556.0, 510.0, 518.0, 455.0, 426.0, 420.0, 466.0, 423.0, 416.0, 449.0, 453.0, 421.0, 390.0, 374.0, 345.0, 345.0, 329.0, 309.0, 299.0, 325.0, 316.0, 363.0, 333.0, 311.0, 304.0, 340.0, 287.0, 257.0, 281.0, 297.0, 274.0, 288.0, 338.0, 354.0, 329.0, 355.0, 377.0, 382.0, 368.0, 402.0, 350.0, 358.0, 332.0, 380.0, 372.0, 359.0, 400.0, 441.0, 411.0, 434.0, 453.0, 384.0, 365.0, 357.0, 375.0, 402.0, 375.0, 368.0, 406.0, 378.0, 357.0, 394.0, 440.0, 454.0, 452.0, 450.0, 469.0, 444.0, 449.0, 508.0, 477.0, 456.0, 501.0, 541.0, 528.0, 548.0, 535.0, 580.0, 621.0, 666.0, 646.0, 622.0]"
phi=0.80,56,opening,0,690.2,True,,1203.0,"[0.0, 16.0, 55.0, 67.0, 149.0, 181.0, 213.0, 249.0, 295.0, 301.0, 336.0, 361.0, 365.0, 389.0, 456.0, 482.0, 573.0, 630.0, 695.0, 759.0, 788.0, 840.0, 840.0, 827.0, 878.0, 889.0, 896.0, 908.0, 948.0, 944.0, 947.0, 1187.0, 1203.0]"
phi=0.80,56,opening,1,708.0,True,,1271.0,"[0.0, 27.0, 46.0, 87.0, 113.0, 157.0, 173.0, 191.0, 266.0, 309.0, 378.0, 394.0, 422.0, 415.0, 461.0, 510.0, 536.0, 618.0, 696.0, 748.0, 785.0, 839.0, 867.0, 845.0, 900.0, 937.0, 949.0, 954.0, 933.0, 973.0, 1031.0, 1271.0]"
phi=0.80,56,opening,2,713.7,True,,1364.0,"[0.0, 33.0, 61.0, 82.0, 113.0, 165.0, 220.0, 220.0, 249.0, 302.0, 331.0, 392.0, 445.0, 460.0, 499.0, 504.0, 567.0, 615.0, 663.0, 653.0, 742.0, 770.0, 808.0, 817.0, 901.0, 930.0, 1012.0, 1041.0, 1044.0, 1080.0, 1124.0, 1364.0]"
phi=0.80,56,opening,3,633.7,True,,1224.0,"[0.0, 33.0, 65.0, 82.0, 121.0, 137.0, 189.0, 238.0, 255.0, 264.0, 335.0, 347.0, 390.0, 459.0, 480.0, 521.0, 536.0, 541.0, 555.0, 630.0, 689.0, 727.0, 777.0, 814.0, 793.0, 815.0, 817.0, 816.0, 816.0, 816.0, 858.0, 1098.0, 1077.0, 1068.0, 1149.0, 1224.0]"
phi=0.80,56,opening,4,545.0,True,,1249.0,"[0.0, 24.0, 90.0, 110.0, 125.0, 157.0, 211.0, 269.0, 266.0, 279.0, 300.0, 303.0, 345.0, 380.0, 387.0, 442.0, 467.0, 498.0, 486.0, 515.0, 534.0, 571.0, 605.0, 633.0, 669.0, 715.0, 741.0, 776.0, 770.0, 763.0, 776.0, 1016.0, 1077.0, 1087.0, 1014.0, 1044.0, 957.0, 1029.0, 1079.0, 1087.0, 1148.0, 1125.0, 1170.0, 1127.0, 1150.0, 1115.0, 1118.0, 1148.0, 1149.0, 1154.0, 1134.0, 1172.0, 1249.0]"
phi=0.80,56,opening,5,546.65,True,,1267.0,"[0.0, 9.0, 46.0, 59.0, 99.0, 145.0, 171.0, 199.0, 236.0, 219.0, 253.0, 301.0, 348.0, 400.0, 429.0, 442.0, 489.0, 531.0, 534.0, 588.0, 601.0, 612.0, 646.0, 641.0, 621.0, 629.0, 689.0, 730.0, 702.0, 747.0, 769.0, 1009.0, 1030.0, 999.0, 949.0, 938.0, 996.0, 1003.0, 1050.0, 1132.0, 1158.0, 1199.0, 1267.0]"
phi=0.80,56,opening,6,608.0,True,,1213.0,"[0.0, 45.0, 85.0, 128.0, 143.0, 223.0, 257.0, 279.0, 347.0, 377.0, 380.0, 380.0, 399.0, 450.0, 472.0, 515.0, 525.0, 523.0, 583.0, 608.0, 634.0, 643.0, 684.0, 746.0, 782.0, 794.0, 781.0, 761.0, 764.0, 736.0, 758.0, 998.0, 1033.0, 1095.0, 1126.0, 1111.0, 1105.0, 1213.0]"
phi=0.80,56,opening,7,624.75,True,,1260.0,"[0.0, 33.0, 82.0, 95.0, 101.0, 132.0, 175.0, 192.0, 208.0, 218.0, 252.0, 292.0, 319.0, 395.0, 423.0, 462.0, 516.0, 520.0, 590.0, 658.0, 710.0, 723.0, 746.0, 786.0, 833.0, 847.0, 844.0, 843.0, 885.0, 851.0, 860.0, 1100.0, 1125.0, 1176.0, 1196.0, 1260.0]"
phi=0.80,56,opening,8,502.7,True,,1231.0,"[0.0, 27.0, 44.0, 83.0, 131.0, 160.0, 170.0, 197.0, 235.0, 248.0, 244.0, 257.0, 279.0, 273.0, 280.0, 309.0, 343.0, 373.0, 401.0, 434.0, 501.0, 516.0, 527.0, 611.0, 679.0, 700.0, 743.0, 823.0, 854.0, 907.0, 991.0, 1231.0]"
phi=0.80,56,opening,9,528.0,True,,1249.0,"[0.0, 11.0, 51.0, 62.0, 64.0, 75.0, 114.0, 144.0, 179.0, 202.0, 248.0, 281.0, 312.0, 306.0, 324.0, 364.0, 423.0, 472.0, 448.0, 481.0, 486.0, 560.0, 631.0, 643.0, 658.0, 740.0, 763.0, 774.0, 809.0, 837.0, 859.0, 1099.0, 1163.0, 1173.0, 1194.0, 1249.0]"
phi=0.80,56,opening,10,720.75,True,,1225.0,"[0.0, 59.0, 73.0, 79.0, 112.0, 112.0, 194.0, 256.0, 278.0, 328.0, 366.0, 460.0, 539.0, 609.0, 624.0, 653.0, 676.0, 680.0, 652.0, 657.0, 687.0, 710.0, 748.0, 801.0, 863.0, 911.0, 923.0, 931.0, 973.0, 952.0, 985.0, 1225.0]"
phi=0.80,56,opening,11,708.25,True,,1283.0,"[0.0, 38.0, 90.0, 141.0, 183.0, 204.0, 270.0, 304.0, 318.0, 377.0, 414.0, 449.0, 469.0, 485.0, 512.0, 518.0, 557.0, 619.0, 649.0, 669.0, 711.0, 761.0, 782.0, 835.0, 845.0, 909.0, 914.0, 991.0, 1022.0, 1054.0, 1043.0, 1283.0]"
phi=0.80,56,opening,12,494.65,True,,1229.0,"[0.0, 32.0, 54.0, 71.0, 79.0, 109.0, 138.0, 171.0, 197.0, 229.0, 244.0, 270.0, 292.0, 331.0, 341.0, 325.0, 365.0, 362.0, 375.0, 432.0, 474.0, 497.0, 535.0, 614.0, 648.0, 704.0, 725.0, 750.0, 800.0, 809.0, 849.0, 1089.0, 1058.0, 1010.0, 1009.0, 1027.0, 1047.0, 1085.0, 1081.0, 1093.0, 1166.0, 1229.0]"
phi=0.80,56,opening,13,394.3,True,,1208.0,"[0.0, 41.0, 69.0, 75.0, 101.0, 90.0, 127.0, 143.0, 138.0, 169.0, 204.0, 259.0, 257.0, 269.0, 271.0, 321.0, 333.0, 350.0, 358.0, 383.0, 351.0, 401.0, 398.0, 454.0, 457.0, 489.0, 569.0, 580.0, 575.0, 607.0, 606.0, 846.0, 874.0, 940.0, 980.0, 990.0, 1032.0, 1111.0, 1057.0, 1121.0, 1098.0, 1127.0, 1208.0]"
phi=0.80,56,opening,14,467.45,True,,1231.0,"[0.0, 27.0, 66.0, 97.0, 153.0, 199.0, 250.0, 277.0, 264.0, 310.0, 297.0, 310.0, 325.0, 351.0, 373.0, 390.0, 434.0, 465.0, 450.0, 481.0, 455.0, 480.0, 518.0, 525.0, 565.0, 578.0, 574.0, 612.0, 582.0, 584.0, 621.0, 861.0, 898.0, 968.0, 1002.0, 991.0, 1004.0, 1003.0, 1036.0, 1027.0, 1053.0, 1077.0, 1120.0, 1151.0, 1199.0, 1231.0]"
phi=0.80,56,opening,15,399.05,True,,1211.0,"[0.0, 31.0, 62.0, 90.0, 132.0, 144.0, 167.0, 150.0, 158.0, 211.0, 237.0, 250.0, 278.0, 328.0, 313.0, 319.0, 360.0, 359.0, 365.0, 364.0, 392.0, 446.0, 450.0, 447.0, 474.0, 469.0, 506.0, 508.0, 539.0, 577.0, 552.0, 792.0, 790.0, 846.0, 889.0, 928.0, 1012.0, 993.0, 1015.0, 1043.0, 1058.0, 1044.0, 1074.0, 1118.0, 1139.0, 1162.0, 1211.0]"
phi=0.80,56,opening,16,520.5,True,,1257.0,"[0.0, 19.0, 39.0, 96.0, 116.0, 179.0, 199.0, 198.0, 267.0, 294.0, 307.0, 348.0, 403.0, 406.0, 419.0, 473.0, 462.0, 472.0, 491.0, 518.0, 558.0, 582.0, 590.0, 599.0, 615.0, 613.0, 573.0, 644.0, 642.0, 695.0, 658.0, 898.0, 962.0, 954.0, 974.0, 1066.0, 1128.0, 1100.0, 1107.0, 1049.0, 1103.0, 1157.0, 1192.0, 1257.0]"
phi=0.80,56,opening,17,667.8,True,,1222.0,"[0.0, 47.0, 107.0, 130.0, 177.0, 237.0, 293.0, 291.0, 362.0, 355.0, 355.0, 376.0, 430.0, 476.0, 502.0, 523.0, 584.0, 637.0, 658.0, 616.0, 696.0, 691.0, 714.0, 779.0, 811.0, 854.0, 852.0, 894.0, 946.0, 962.0, 982.0, 1222.0]"
phi=0.80,56,opening,18,699.05,True,,1242.0,"[0.0, 62.0, 81.0, 91.0, 148.0, 189.0, 210.0, 218.0, 246.0, 286.0, 340.0, 392.0, 409.0, 443.0, 495.0, 530.0, 555.0, 564.0, 652.0, 686.0, 762.0, 785.0, 762.0, 834.0, 922.0, 959.0, 958.0, 985.0, 974.0, 974.0, 1002.0, 1242.0]"
phi=0.80,56,opening,19,552.4,True,,1249.0,"[0.0, 32.0, 50.0, 92.0, 115.0, 127.0, 151.0, 201.0, 237.0, 265.0, 293.0, 333.0, 343.0, 350.0, 366.0, 421.0, 495.0, 544.0, 579.0, 586.0, 571.0, 595.0, 635.0, 652.0, 645.0, 694.0, 714.0, 727.0, 749.0, 756.0, 726.0, 966.0, 1053.0, 1090.0, 1141.0, 1249.0]"
late plan,57,profile,0,434.45,False,25,431.0,"[350.1, 298.0, 332.0, 318.0, 347.0, 393.0, 406.0, 417.0, 431.0, 453.0, 459.0, 449.0, 422.0, 410.0, 426.0, 438.0, 471.0, 449.0, 439.0, 419.0, 445.0, 476.0, 487.0, 427.0, 440.0, 403.0, 409.0, 402.0, 424.0, 394.0, 374.0, 614.0, 641.0, 621.0, 638.0, 655.0, 601.0, 554.0, 561.0, 554.0, 627.0, 613.0, 576.0, 619.0, 633.0, 632.0, 633.0, 609.0, 573.0, 606.0, 575.0, 535.0, 533.0, 528.0, 494.0, 463.0, 445.0, 451.0, 474.0, 462.0, 430.0, 389.0, 381.0, 402.0, 420.0, 431.0, 417.0, 385.0, 404.0, 393.0, 376.0, 354.0, 418.0, 410.0, 373.0, 388.0, 351.0, 347.0, 337.0, 336.0, 287.0, 294.0, 262.0, 260.0, 248.0, 284.0, 243.0, 290.0, 268.0, 248.0, 271.0, 270.0, 288.0, 271.0, 342.0, 409.0, 386.0, 395.0, 414.0, 369.0, 383.0, 352.0, 327.0, 300.0, 316.0, 331.0, 328.0, 323.0, 381.0, 411.0, 428.0, 434.0, 458.0, 429.0, 457.0, 464.0, 437.0, 421.0, 425.0, 418.0, 405.0, 424.0, 396.0, 400.0, 426.0, 414.0, 420.0, 410.0, 407.0, 449.0, 465.0, 417.0, 436.0, 467.0, 484.0, 499.0, 513.0, 488.0, 454.0, 447.0, 436.0, 424.0, 388.0, 425.0, 389.0, 389.0, 383.0, 404.0, 381.0, 310.0, 342.0, 334.0, 341.0, 354.0, 362.0, 367.0, 394.0, 377.0, 350.0, 329.0, 336.0, 282.0, 215.0, 223.0, 197.0, 146.0, 125.0, 134.0, 141.0, 160.0, 175.0, 197.0, 188.0, 232.0, 227.0, 237.0, 239.0, 199.0, 277.0, 222.0, 202.0, 203.0, 216.0, 193.0, 181.0, 201.0, 219.0, 189.0, 186.0, 202.0, 199.0, 221.0, 248.0, 245.0, 231.0, 205.0, 196.0, 187.0, 193.0, 242.0, 203.0, 223.0, 214.0, 173.0, 200.0, 183.0, 195.0, 211.0, 232.0, 220.0, 270.0, 280.0, 271.0, 252.0, 225.0, 260.0, 300.0, 320.0, 311.0, 367.0, 393.0, 407.0, 390.0, 364.0, 333.0, 343.0, 368.0, 325.0, 338.0, 335.0, 333.0, 347.0, 347.0, 362.0, 365.0, 322.0, 304.0, 308.0, 366.0, 319.0, 316.0, 328.0, 343.0, 351.0, 300.0, 301.0, 372.0, 407.0, 365.0, 413.0, 413.0, 434.0, 468.0, 448.0, 403.0, 351.0, 395.0, 430.0, 421.0, 427.0, 408.0, 408.0, 366.0, 355.0, 375.0, 355.0, 343.0, 292.0, 340.0, 327.0, 290.0, 378.0, 340.0, 339.0, 378.0, 411.0, 420.0, 449.0, 434.0, 371.0, 354.0, 367.0, 354.0, 391.0, 364.0, 415.0, 392.0, 351.0, 351.0, 329.0, 322.0, 308.0, 312.0, 316.0, 332.0, 347.0, 333.0, 322.0, 297.0, 308.0, 333.0, 327.0, 298.0, 313.0, 315.0, 317.0, 307.0, 277.0, 250.0, 262.0, 281.0, 297.0, 340.0, 367.0, 408.0, 411.0, 361.0, 373.0, 367.0, 391.0, 353.0, 324.0, 413.0, 361.0, 320.0, 316.0, 368.0, 405.0, 410.0, 405.0, 383.0, 402.0, 463.0, 432.0, 429.0, 412.0, 431.0]"
late plan,57,profile,1,410.1,False,65,266.0,"[350.1, 316.0, 297.0, 341.0, 354.0, 375.0, 378.0, 360.0, 406.0, 423.0, 451.0, 400.0, 406.0, 380.0, 440.0, 420.0, 402.0, 450.0, 433.0, 430.0, 405.0, 449.0, 461.0, 410.0, 410.0, 402.0, 379.0, 370.0, 347.0, 357.0, 350.0, 590.0, 578.0, 607.0, 618.0, 585.0, 582.0, 591.0, 574.0, 582.0, 571.0, 594.0, 573.0, 548.0, 567.0, 564.0, 537.0, 568.0, 533.0, 499.0, 506.0, 560.0, 596.0, 591.0, 541.0, 562.0, 545.0, 544.0, 547.0, 545.0, 563.0, 584.0, 617.0, 634.0, 607.0, 612.0, 654.0, 612.0, 634.0, 652.0, 630.0, 625.0, 632.0, 661.0, 649.0, 656.0, 593.0, 567.0, 557.0, 536.0, 558.0, 546.0, 531.0, 515.0, 475.0, 487.0, 476.0, 474.0, 456.0, 494.0, 497.0, 503.0, 491.0, 468.0, 496.0, 493.0, 483.0, 449.0, 419.0, 392.0, 379.0, 400.0, 387.0, 378.0, 423.0, 463.0, 450.0, 464.0, 496.0, 491.0, 490.0, 446.0, 441.0, 442.0, 430.0, 426.0, 427.0, 469.0, 477.0, 502.0, 478.0, 479.0, 482.0, 458.0, 429.0, 413.0, 422.0, 441.0, 408.0, 374.0, 346.0, 351.0, 324.0, 304.0, 312.0, 358.0, 397.0, 405.0, 401.0, 401.0, 461.0, 470.0, 449.0, 464.0, 438.0, 414.0, 389.0, 380.0, 370.0, 405.0, 361.0, 356.0, 377.0, 378.0, 355.0, 332.0, 327.0, 345.0, 331.0, 333.0, 358.0, 367.0, 394.0, 378.0, 359.0, 394.0, 419.0, 441.0, 420.0, 390.0, 390.0, 384.0, 387.0, 441.0, 437.0, 452.0, 431.0, 439.0, 439.0, 381.0, 397.0, 372.0, 405.0, 392.0, 357.0, 406.0, 389.0, 394.0, 376.0, 401.0, 344.0, 342.0, 307.0, 299.0, 315.0, 319.0, 357.0, 384.0, 372.0, 339.0, 383.0, 393.0, 409.0, 353.0, 328.0, 363.0, 388.0, 382.0, 417.0, 401.0, 437.0, 399.0, 377.0, 385.0, 367.0, 334.0, 298.0, 252.0, 223.0, 225.0, 249.0, 277.0, 299.0, 303.0, 353.0, 359.0, 357.0, 348.0, 372.0, 364.0, 330.0, 325.0, 282.0, 271.0, 267.0, 269.0, 272.0, 326.0, 335.0, 368.0, 318.0, 319.0, 295.0, 349.0, 348.0, 373.0, 414.0, 372.0, 392.0, 412.0, 377.0, 409.0, 389.0, 352.0, 315.0, 347.0, 305.0, 298.0, 273.0, 240.0, 227.0, 202.0, 249.0, 214.0, 184.0, 221.0, 191.0, 221.0, 237.0, 191.0, 199.0, 210.0, 221.0, 253.0, 290.0, 324.0, 306.0, 284.0, 322.0, 334.0, 346.0, 304.0, 291.0, 268.0, 298.0, 276.0, 272.0, 251.0, 252.0, 232.0, 206.0, 210.0, 214.0, 232.0, 197.0, 202.0, 196.0, 142.0, 133.0, 116.0, 135.0, 150.0, 160.0, 185.0, 142.0, 177.0, 197.0, 226.0, 254.0, 228.0, 268.0, 270.0, 286.0, 265.0, 253.0, 217.0, 234.0, 214.0, 204.0, 206.0, 214.0, 194.0, 237.0, 226.0, 270.0, 301.0, 268.0, 296.0, 290.0, 321.0, 320.0, 325.0, 309.0, 304.0, 294.0, 328.0, 266.0]"
late plan,57,profile,2,481.4,False,11,710.0,"[350.1, 350.0, 354.0, 364.0, 412.0, 388.0, 390.0, 376.0, 369.0, 401.0, 378.0, 384.0, 397.0, 436.0, 433.0, 392.0, 407.0, 435.0, 492.0, 449.0, 470.0, 533.0, 545.0, 507.0, 543.0, 569.0, 570.0, 575.0, 558.0, 555.0, 562.0, 802.0, 779.0, 733.0, 725.0, 696.0, 697.0, 647.0, 649.0, 611.0, 575.0, 584.0, 563.0, 495.0, 439.0, 427.0, 462.0, 517.0, 540.0, 517.0, 498.0, 485.0, 480.0, 476.0, 471.0, 522.0, 555.0, 554.0, 556.0, 525.0, 529.0, 543.0, 549.0, 554.0, 581.0, 540.0, 543.0, 517.0, 501.0, 481.0, 446.0, 367.0, 370.0, 392.0, 395.0, 393.0, 415.0, 376.0, 354.0, 367.0, 378.0, 367.0, 394.0, 381.0, 404.0, 417.0, 406.0, 452.0, 433.0, 449.0, 505.0, 535.0, 568.0, 566.0, 537.0, 525.0, 542.0, 483.0, 536.0, 516.0, 507.0, 523.0, 516.0, 521.0, 479.0, 499.0, 490.0, 503.0, 491.0, 505.0, 497.0, 511.0, 474.0, 432.0, 429.0, 374.0, 346.0, 274.0, 291.0, 224.0, 220.0, 239.0, 228.0, 215.0, 226.0, 201.0, 171.0, 170.0, 151.0, 174.0, 184.0, 215.0, 181.0, 179.0, 224.0, 166.0, 169.0, 155.0, 196.0, 214.0, 202.0, 241.0, 233.0, 253.0, 278.0, 256.0, 244.0, 258.0, 278.0, 275.0, 326.0, 307.0, 345.0, 333.0, 337.0, 329.0, 280.0, 273.0, 262.0, 272.0, 255.0, 307.0, 319.0, 344.0, 329.0, 306.0, 329.0, 308.0, 302.0, 358.0, 360.0, 339.0, 278.0, 282.0, 272.0, 237.0, 203.0, 219.0, 252.0, 262.0, 243.0, 253.0, 236.0, 242.0, 243.0, 272.0, 312.0, 291.0, 295.0, 310.0, 305.0, 301.0, 266.0, 244.0, 280.0, 318.0, 310.0, 277.0, 291.0, 311.0, 311.0, 303.0, 340.0, 330.0, 328.0, 332.0, 310.0, 311.0, 313.0, 354.0, 336.0, 336.0, 330.0, 324.0, 296.0, 314.0, 304.0, 242.0, 233.0, 258.0, 288.0, 285.0, 265.0, 242.0, 224.0, 239.0, 243.0, 245.0, 269.0, 239.0, 232.0, 238.0, 283.0, 279.0, 236.0, 240.0, 236.0, 236.0, 199.0, 181.0, 181.0, 158.0, 122.0, 144.0, 146.0, 133.0, 132.0, 158.0, 175.0, 144.0, 151.0, 114.0, 110.0, 126.0, 106.0, 130.0, 144.0, 176.0, 197.0, 176.0, 162.0, 157.0, 162.0, 162.0, 136.0, 151.0, 139.0, 150.0, 170.0, 172.0, 209.0, 237.0, 236.0, 246.0, 202.0, 258.0, 299.0, 294.0, 335.0, 403.0, 426.0, 430.0, 426.0, 449.0, 418.0, 458.0, 423.0, 477.0, 511.0, 490.0, 542.0, 551.0, 547.0, 535.0, 582.0, 584.0, 597.0, 606.0, 566.0, 596.0, 592.0, 528.0, 504.0, 515.0, 489.0, 482.0, 464.0, 461.0, 455.0, 510.0, 528.0, 498.0, 505.0, 487.0, 507.0, 481.0, 520.0, 496.0, 463.0, 481.0, 491.0, 484.0, 453.0, 514.0, 578.0, 577.0, 582.0, 595.0, 607.0, 628.0, 628.0, 637.0, 623.0, 651.0, 689.0, 707.0, 710.0]"
late plan,57,profile,3,474.45,False,51,283.0,"[350.1, 345.0, 372.0, 359.0, 323.0, 323.0, 312.0, 321.0, 300.0, 304.0, 360.0, 369.0, 415.0, 434.0, 451.0, 466.0, 446.0, 470.0, 441.0, 449.0, 504.0, 520.0, 570.0, 606.0, 551.0, 497.0, 502.0, 484.0, 501.0, 453.0, 501.0, 741.0, 669.0, 621.0, 680.0, 626.0, 638.0, 665.0, 654.0, 701.0, 723.0, 749.0, 755.0, 797.0, 767.0, 819.0, 757.0, 760.0, 727.0, 733.0, 664.0, 629.0, 584.0, 565.0, 642.0, 667.0, 665.0, 660.0, 620.0, 614.0, 643.0, 654.0, 694.0, 715.0, 675.0, 639.0, 626.0, 667.0, 646.0, 636.0, 615.0, 562.0, 578.0, 507.0, 539.0, 577.0, 574.0, 539.0, 583.0, 521.0, 588.0, 521.0, 496.0, 529.0, 479.0, 448.0, 483.0, 446.0, 501.0, 477.0, 508.0, 492.0, 517.0, 528.0, 493.0, 507.0, 508.0, 569.0, 598.0, 576.0, 585.0, 564.0, 586.0, 596.0, 524.0, 501.0, 503.0, 476.0, 411.0, 420.0, 466.0, 433.0, 437.0, 364.0, 348.0, 348.0, 331.0, 320.0, 299.0, 296.0, 260.0, 237.0, 245.0, 266.0, 205.0, 185.0, 202.0, 211.0, 222.0, 230.0, 211.0, 221.0, 219.0, 261.0, 236.0, 213.0, 210.0, 204.0, 224.0, 220.0, 217.0, 220.0, 190.0, 166.0, 185.0, 221.0, 267.0, 297.0, 400.0, 368.0, 382.0, 371.0, 352.0, 301.0, 297.0, 290.0, 316.0, 265.0, 263.0, 249.0, 227.0, 248.0, 266.0, 243.0, 270.0, 258.0, 217.0, 283.0, 272.0, 272.0, 256.0, 263.0, 297.0, 291.0, 353.0, 384.0, 327.0, 312.0, 328.0, 324.0, 303.0, 303.0, 326.0, 319.0, 337.0, 271.0, 288.0, 284.0, 295.0, 301.0, 314.0, 275.0, 277.0, 290.0, 311.0, 284.0, 314.0, 341.0, 340.0, 367.0, 391.0, 359.0, 347.0, 359.0, 377.0, 360.0, 353.0, 328.0, 292.0, 258.0, 256.0, 264.0, 293.0, 324.0, 268.0, 227.0, 235.0, 248.0, 266.0, 294.0, 333.0, 347.0, 332.0, 367.0, 352.0, 352.0, 394.0, 415.0, 415.0, 432.0, 438.0, 482.0, 451.0, 446.0, 495.0, 501.0, 482.0, 435.0, 400.0, 336.0, 302.0, 235.0, 237.0, 240.0, 233.0, 232.0, 240.0, 265.0, 278.0, 268.0, 268.0, 253.0, 230.0, 244.0, 201.0, 211.0, 222.0, 221.0, 255.0, 263.0, 248.0, 251.0, 230.0, 215.0, 167.0, 191.0, 234.0, 247.0, 238.0, 265.0, 279.0, 275.0, 250.0, 230.0, 226.0, 243.0, 288.0, 267.0, 280.0, 275.0, 302.0, 299.0, 306.0, 344.0, 338.0, 314.0, 318.0, 313.0, 334.0, 333.0, 368.0, 367.0, 368.0, 393.0, 401.0, 396.0, 374.0, 402.0, 341.0, 309.0, 303.0, 301.0, 301.0, 306.0, 265.0, 287.0, 250.0, 243.0, 249.0, 294.0, 259.0, 258.0, 262.0, 242.0, 280.0, 251.0, 269.0, 265.0, 268.0, 274.0, 300.0, 297.0, 304.0, 276.0, 244.0, 250.0, 253.0, 245.0, 293.0, 238.0, 227.0, 234.0, 238.0, 187.0, 201.0, 254.0, 283.0]"
late plan,57,profile,4,226.0,False,28,320.0,"[350.1, 346.0, 366.0, 342.0, 317.0, 308.0, 335.0, 364.0, 314.0, 276.0, 284.0, 214.0, 220.0, 190.0, 190.0, 221.0, 228.0, 236.0, 197.0, 201.0, 188.0, 227.0, 233.0, 234.0, 234.0, 249.0, 266.0, 267.0, 238.0, 203.0, 193.0, 433.0, 449.0, 409.0, 365.0, 366.0, 300.0, 301.0, 319.0, 306.0, 328.0, 345.0, 371.0, 338.0, 345.0, 333.0, 342.0, 386.0, 407.0, 405.0, 356.0, 354.0, 380.0, 356.0, 352.0, 361.0, 307.0, 342.0, 260.0, 255.0, 245.0, 216.0, 220.0, 258.0, 282.0, 308.0, 252.0, 241.0, 247.0, 262.0, 238.0, 245.0, 243.0, 252.0, 225.0, 200.0, 209.0, 231.0, 204.0, 207.0, 200.0, 201.0, 217.0, 206.0, 251.0, 230.0, 261.0, 235.0, 246.0, 247.0, 258.0, 205.0, 205.0, 226.0, 222.0, 192.0, 200.0, 176.0, 182.0, 199.0, 228.0, 224.0, 241.0, 264.0, 285.0, 306.0, 310.0, 260.0, 275.0, 314.0, 319.0, 314.0, 318.0, 271.0, 241.0, 220.0, 194.0, 210.0, 250.0, 220.0, 200.0, 206.0, 220.0, 262.0, 207.0, 206.0, 202.0, 186.0, 186.0, 195.0, 239.0, 253.0, 278.0, 292.0, 298.0, 317.0, 284.0, 290.0, 275.0, 248.0, 204.0, 227.0, 279.0, 255.0, 296.0, 318.0, 306.0, 314.0, 333.0, 357.0, 380.0, 381.0, 379.0, 408.0, 365.0, 349.0, 303.0, 267.0, 242.0, 292.0, 286.0, 310.0, 289.0, 297.0, 294.0, 251.0, 234.0, 319.0, 275.0, 251.0, 278.0, 285.0, 225.0, 244.0, 220.0, 231.0, 224.0, 200.0, 194.0, 220.0, 204.0, 226.0, 292.0, 278.0, 308.0, 302.0, 332.0, 370.0, 358.0, 375.0, 364.0, 358.0, 378.0, 414.0, 412.0, 418.0, 446.0, 439.0, 474.0, 489.0, 506.0, 537.0, 543.0, 536.0, 619.0, 609.0, 593.0, 581.0, 554.0, 558.0, 569.0, 563.0, 529.0, 492.0, 492.0, 434.0, 406.0, 383.0, 413.0, 386.0, 389.0, 401.0, 397.0, 387.0, 374.0, 388.0, 373.0, 382.0, 361.0, 367.0, 333.0, 299.0, 314.0, 296.0, 310.0, 294.0, 321.0, 263.0, 286.0, 310.0, 352.0, 367.0, 396.0, 430.0, 435.0, 422.0, 404.0, 466.0, 426.0, 444.0, 477.0, 487.0, 487.0, 440.0, 474.0, 481.0, 468.0, 419.0, 333.0, 350.0, 362.0, 350.0, 361.0, 346.0, 353.0, 335.0, 301.0, 278.0, 299.0, 323.0, 291.0, 249.0, 235.0, 229.0, 218.0, 228.0, 193.0, 232.0, 189.0, 209.0, 203.0, 174.0, 186.0, 177.0, 184.0, 159.0, 178.0, 195.0, 162.0, 177.0, 190.0, 189.0, 186.0, 190.0, 248.0, 265.0, 314.0, 338.0, 327.0, 282.0, 312.0, 273.0, 288.0, 302.0, 335.0, 349.0, 321.0, 365.0, 390.0, 346.0, 336.0, 328.0, 344.0, 306.0, 312.0, 323.0, 341.0, 369.0, 357.0, 400.0, 367.0, 354.0, 402.0, 374.0, 352.0, 350.0, 413.0, 400.0, 351.0, 391.0, 403.0, 402.0, 377.0, 356.0, 346.0, 325.0, 320.0]"
late plan,57,profile,5,241.2,False,92,249.0,"[350.1, 302.0, 284.0, 216.0, 195.0, 228.0, 209.0, 191.0, 211.0, 171.0, 187.0, 207.0, 232.0, 272.0, 269.0, 235.0, 223.0, 244.0, 253.0, 260.0, 267.0, 254.0, 275.0, 273.0, 251.0, 231.0, 240.0, 242.0, 194.0, 215.0, 239.0, 479.0, 492.0, 434.0, 429.0, 438.0, 472.0, 474.0, 493.0, 519.0, 483.0, 510.0, 539.0, 571.0, 612.0, 599.0, 612.0, 593.0, 588.0, 587.0, 562.0, 568.0, 510.0, 529.0, 548.0, 569.0, 518.0, 498.0, 519.0, 502.0, 433.0, 475.0, 468.0, 445.0, 460.0, 445.0, 434.0, 478.0, 430.0, 429.0, 442.0, 410.0, 407.0, 373.0, 326.0, 327.0, 326.0, 351.0, 375.0, 393.0, 358.0, 359.0, 361.0, 406.0, 427.0, 441.0, 475.0, 522.0, 514.0, 526.0, 538.0, 554.0, 540.0, 498.0, 462.0, 439.0, 497.0, 506.0, 568.0, 508.0, 488.0, 483.0, 480.0, 463.0, 446.0, 363.0, 313.0, 314.0, 312.0, 296.0, 267.0, 269.0, 247.0, 316.0, 329.0, 300.0, 313.0, 328.0, 341.0, 381.0, 371.0, 331.0, 308.0, 255.0, 286.0, 245.0, 250.0, 225.0, 201.0, 193.0, 234.0, 259.0, 212.0, 224.0, 216.0, 172.0, 141.0, 186.0, 198.0, 201.0, 218.0, 217.0, 232.0, 242.0, 234.0, 206.0, 202.0, 193.0, 139.0, 124.0, 159.0, 135.0, 140.0, 168.0, 191.0, 197.0, 187.0, 206.0, 179.0, 190.0, 220.0, 206.0, 192.0, 150.0, 144.0, 132.0, 144.0, 151.0, 189.0, 229.0, 230.0, 248.0, 266.0, 283.0, 293.0, 307.0, 321.0, 335.0, 411.0, 417.0, 471.0, 518.0, 500.0, 489.0, 503.0, 474.0, 442.0, 407.0, 436.0, 391.0, 408.0, 433.0, 409.0, 444.0, 418.0, 399.0, 404.0, 412.0, 425.0, 407.0, 393.0, 376.0, 358.0, 332.0, 311.0, 309.0, 288.0, 326.0, 288.0, 257.0, 274.0, 250.0, 310.0, 312.0, 272.0, 237.0, 265.0, 280.0, 282.0, 305.0, 302.0, 283.0, 246.0, 253.0, 272.0, 292.0, 294.0, 289.0, 309.0, 353.0, 368.0, 322.0, 347.0, 300.0, 275.0, 280.0, 307.0, 292.0, 252.0, 248.0, 265.0, 277.0, 255.0, 262.0, 275.0, 281.0, 304.0, 330.0, 298.0, 302.0, 320.0, 278.0, 279.0, 279.0, 261.0, 269.0, 315.0, 314.0, 304.0, 323.0, 307.0, 300.0, 318.0, 325.0, 363.0, 399.0, 465.0, 436.0, 464.0, 519.0, 489.0, 557.0, 548.0, 538.0, 454.0, 477.0, 451.0, 449.0, 481.0, 452.0, 432.0, 469.0, 432.0, 433.0, 424.0, 462.0, 486.0, 439.0, 438.0, 446.0, 492.0, 538.0, 442.0, 416.0, 428.0, 465.0, 504.0, 473.0, 462.0, 402.0, 444.0, 432.0, 451.0, 446.0, 429.0, 403.0, 417.0, 409.0, 406.0, 422.0, 381.0, 365.0, 333.0, 320.0, 335.0, 282.0, 263.0, 308.0, 284.0, 299.0, 310.0, 323.0, 359.0, 345.0, 356.0, 281.0, 268.0, 257.0, 244.0, 232.0, 200.0, 183.0, 233.0, 243.0, 240.0, 260.0, 249.0]"
late plan,57,profile,6,248.75,False,43,399.0,"[350.1, 313.0, 312.0, 302.0, 299.0, 322.0, 296.0, 275.0, 309.0, 294.0, 242.0, 245.0, 235.0, 236.0, 226.0, 227.0, 219.0, 207.0, 245.0, 289.0, 320.0, 308.0, 300.0, 310.0, 267.0, 255.0, 241.0, 222.0, 210.0, 171.0, 180.0, 420.0, 402.0, 398.0, 380.0, 341.0, 316.0, 342.0, 304.0, 339.0, 328.0, 290.0, 265.0, 262.0, 277.0, 311.0, 292.0, 276.0, 271.0, 273.0, 277.0, 297.0, 278.0, 268.0, 278.0, 315.0, 350.0, 367.0, 361.0, 358.0, 350.0, 330.0, 298.0, 344.0, 345.0, 354.0, 352.0, 316.0, 292.0, 291.0, 300.0, 318.0, 361.0, 328.0, 326.0, 304.0, 248.0, 226.0, 229.0, 244.0, 226.0, 249.0, 225.0, 211.0, 243.0, 257.0, 262.0, 211.0, 209.0, 260.0, 237.0, 226.0, 200.0, 179.0, 183.0, 213.0, 201.0, 192.0, 211.0, 209.0, 195.0, 202.0, 255.0, 282.0, 269.0, 229.0, 195.0, 166.0, 179.0, 184.0, 195.0, 172.0, 178.0, 163.0, 162.0, 139.0, 107.0, 106.0, 93.0, 116.0, 78.0, 71.0, 119.0, 122.0, 151.0, 164.0, 161.0, 145.0, 186.0, 201.0, 242.0, 277.0, 303.0, 305.0, 337.0, 359.0, 369.0, 401.0, 417.0, 397.0, 464.0, 461.0, 443.0, 482.0, 455.0, 456.0, 421.0, 383.0, 396.0, 398.0, 451.0, 463.0, 468.0, 450.0, 450.0, 513.0, 520.0, 495.0, 515.0, 511.0, 455.0, 424.0, 384.0, 437.0, 499.0, 521.0, 493.0, 495.0, 463.0, 417.0, 414.0, 430.0, 434.0, 433.0, 432.0, 439.0, 463.0, 450.0, 442.0, 430.0, 477.0, 490.0, 444.0, 415.0, 417.0, 381.0, 338.0, 330.0, 343.0, 345.0, 327.0, 296.0, 317.0, 331.0, 333.0, 361.0, 352.0, 344.0, 343.0, 363.0, 355.0, 347.0, 328.0, 332.0, 341.0, 306.0, 319.0, 302.0, 269.0, 265.0, 265.0, 263.0, 265.0, 251.0, 301.0, 328.0, 337.0, 287.0, 308.0, 314.0, 295.0, 296.0, 331.0, 308.0, 309.0, 347.0, 335.0, 343.0, 311.0, 321.0, 279.0, 305.0, 352.0, 325.0, 312.0, 331.0, 333.0, 344.0, 380.0, 409.0, 451.0, 540.0, 631.0, 619.0, 537.0, 576.0, 577.0, 565.0, 536.0, 508.0, 495.0, 551.0, 587.0, 643.0, 618.0, 606.0, 585.0, 620.0, 617.0, 619.0, 584.0, 543.0, 538.0, 536.0, 523.0, 457.0, 445.0, 405.0, 383.0, 385.0, 374.0, 338.0, 355.0, 319.0, 314.0, 370.0, 412.0, 382.0, 339.0, 358.0, 414.0, 430.0, 431.0, 425.0, 385.0, 355.0, 358.0, 348.0, 354.0, 379.0, 340.0, 328.0, 298.0, 285.0, 278.0, 288.0, 325.0, 315.0, 294.0, 301.0, 311.0, 296.0, 298.0, 337.0, 359.0, 377.0, 421.0, 431.0, 413.0, 412.0, 450.0, 430.0, 414.0, 444.0, 439.0, 396.0, 444.0, 421.0, 417.0, 407.0, 404.0, 407.0, 362.0, 374.0, 369.0, 409.0, 423.0, 401.0, 397.0, 403.0, 414.0, 403.0, 391.0, 357.0, 364.0, 386.0, 399.0]"
late plan,57,profile,7,411.85,False,122,422.0,"[350.1, 352.0, 370.0, 327.0, 320.0, 319.0, 301.0, 300.0, 313.0, 301.0, 301.0, 308.0, 307.0, 319.0, 298.0, 300.0, 359.0, 359.0, 430.0, 495.0, 482.0, 472.0, 447.0, 481.0, 479.0, 474.0, 495.0, 492.0, 498.0, 441.0, 446.0, 686.0, 648.0, 619.0, 621.0, 648.0, 636.0, 625.0, 618.0, 648.0, 635.0, 633.0, 580.0, 581.0, 535.0, 574.0, 555.0, 546.0, 576.0, 644.0, 614.0, 610.0, 660.0, 678.0, 629.0, 591.0, 586.0, 593.0, 589.0, 587.0, 539.0, 587.0, 566.0, 583.0, 600.0, 575.0, 517.0, 556.0, 559.0, 531.0, 524.0, 509.0, 516.0, 507.0, 538.0, 547.0, 573.0, 509.0, 522.0, 566.0, 556.0, 573.0, 552.0, 542.0, 547.0, 539.0, 528.0, 495.0, 462.0, 464.0, 484.0, 449.0, 461.0, 436.0, 446.0, 461.0, 482.0, 498.0, 526.0, 563.0, 585.0, 610.0, 641.0, 672.0, 627.0, 613.0, 599.0, 630.0, 670.0, 694.0, 643.0, 669.0, 705.0, 718.0, 707.0, 644.0, 635.0, 606.0, 575.0, 544.0, 583.0, 570.0, 544.0, 553.0, 526.0, 519.0, 527.0, 503.0, 499.0, 525.0, 495.0, 482.0, 515.0, 542.0, 527.0, 495.0, 460.0, 490.0, 499.0, 537.0, 566.0, 601.0, 601.0, 545.0, 525.0, 482.0, 433.0, 417.0, 410.0, 423.0, 462.0, 489.0, 463.0, 444.0, 411.0, 408.0, 459.0, 440.0, 402.0, 374.0, 350.0, 324.0, 299.0, 300.0, 247.0, 230.0, 276.0, 266.0, 275.0, 315.0, 333.0, 320.0, 301.0, 283.0, 274.0, 257.0, 260.0, 250.0, 269.0, 264.0, 257.0, 260.0, 299.0, 310.0, 306.0, 304.0, 284.0, 285.0, 275.0, 225.0, 222.0, 248.0, 257.0, 275.0, 268.0, 333.0, 329.0, 310.0, 286.0, 299.0, 292.0, 261.0, 246.0, 227.0, 261.0, 281.0, 285.0, 311.0, 299.0, 288.0, 257.0, 243.0, 237.0, 227.0, 242.0, 267.0, 263.0, 269.0, 272.0, 239.0, 256.0, 244.0, 269.0, 292.0, 282.0, 235.0, 214.0, 248.0, 237.0, 242.0, 272.0, 261.0, 277.0, 290.0, 334.0, 345.0, 352.0, 337.0, 315.0, 296.0, 335.0, 353.0, 347.0, 321.0, 354.0, 400.0, 409.0, 428.0, 455.0, 415.0, 360.0, 318.0, 312.0, 318.0, 315.0, 284.0, 297.0, 257.0, 287.0, 335.0, 325.0, 358.0, 355.0, 366.0, 372.0, 354.0, 342.0, 358.0, 359.0, 365.0, 441.0, 491.0, 447.0, 446.0, 419.0, 381.0, 353.0, 327.0, 308.0, 301.0, 336.0, 344.0, 349.0, 337.0, 345.0, 323.0, 296.0, 313.0, 302.0, 272.0, 242.0, 243.0, 248.0, 270.0, 309.0, 310.0, 323.0, 372.0, 380.0, 384.0, 352.0, 325.0, 315.0, 353.0, 371.0, 386.0, 422.0, 439.0, 435.0, 381.0, 353.0, 380.0, 402.0, 414.0, 384.0, 399.0, 391.0, 401.0, 389.0, 385.0, 366.0, 331.0, 360.0, 365.0, 357.0, 360.0, 407.0, 445.0, 417.0, 416.0, 406.0, 410.0, 415.0, 430.0, 411.0, 419.0, 422.0]"
late plan,57,profile,8,260.55,False,38,484.0,"[350.1, 329.0, 323.0, 378.0, 400.0, 398.0, 358.0, 333.0, 295.0, 285.0, 212.0, 218.0, 207.0, 187.0, 176.0, 161.0, 149.0, 190.0, 244.0, 246.0, 273.0, 267.0, 261.0, 311.0, 338.0, 338.0, 350.0, 368.0, 341.0, 374.0, 392.0, 632.0, 656.0, 674.0, 672.0, 651.0, 635.0, 661.0, 647.0, 626.0, 623.0, 609.0, 616.0, 572.0, 549.0, 599.0, 571.0, 540.0, 577.0, 595.0, 570.0, 524.0, 450.0, 440.0, 414.0, 361.0, 364.0, 371.0, 402.0, 407.0, 395.0, 374.0, 352.0, 368.0, 418.0, 346.0, 344.0, 350.0, 305.0, 303.0, 327.0, 287.0, 241.0, 266.0, 258.0, 266.0, 273.0, 311.0, 324.0, 290.0, 286.0, 319.0, 312.0, 308.0, 314.0, 335.0, 306.0, 351.0, 366.0, 416.0, 412.0, 449.0, 443.0, 410.0, 373.0, 337.0, 325.0, 317.0, 324.0, 301.0, 306.0, 314.0, 313.0, 406.0, 404.0, 398.0, 415.0, 435.0, 382.0, 345.0, 352.0, 361.0, 331.0, 346.0, 350.0, 345.0, 363.0, 420.0, 414.0, 425.0, 412.0, 437.0, 432.0, 390.0, 415.0, 446.0, 431.0, 335.0, 356.0, 340.0, 362.0, 326.0, 362.0, 371.0, 346.0, 328.0, 327.0, 330.0, 354.0, 279.0, 258.0, 269.0, 284.0, 256.0, 244.0, 304.0, 254.0, 307.0, 276.0, 291.0, 278.0, 287.0, 296.0, 285.0, 264.0, 269.0, 218.0, 225.0, 252.0, 255.0, 221.0, 234.0, 239.0, 290.0, 266.0, 243.0, 277.0, 305.0, 319.0, 280.0, 299.0, 262.0, 207.0, 147.0, 131.0, 156.0, 177.0, 187.0, 147.0, 123.0, 100.0, 113.0, 107.0, 91.0, 114.0, 96.0, 121.0, 120.0, 122.0, 119.0, 144.0, 139.0, 156.0, 130.0, 145.0, 130.0, 123.0, 152.0, 156.0, 160.0, 140.0, 97.0, 121.0, 122.0, 155.0, 174.0, 189.0, 172.0, 152.0, 155.0, 148.0, 150.0, 144.0, 153.0, 149.0, 148.0, 151.0, 116.0, 195.0, 183.0, 174.0, 163.0, 188.0, 194.0, 219.0, 212.0, 216.0, 231.0, 174.0, 158.0, 103.0, 109.0, 100.0, 88.0, 89.0, 91.0, 111.0, 122.0, 107.0, 109.0, 111.0, 140.0, 141.0, 128.0, 154.0, 154.0, 181.0, 186.0, 185.0, 208.0, 242.0, 264.0, 293.0, 300.0, 371.0, 445.0, 471.0, 488.0, 514.0, 498.0, 487.0, 470.0, 489.0, 463.0, 411.0, 470.0, 526.0, 472.0, 404.0, 366.0, 380.0, 395.0, 369.0, 375.0, 354.0, 403.0, 366.0, 337.0, 366.0, 383.0, 383.0, 400.0, 357.0, 355.0, 378.0, 445.0, 391.0, 377.0, 424.0, 413.0, 517.0, 573.0, 591.0, 592.0, 728.0, 705.0, 733.0, 746.0, 743.0, 706.0, 659.0, 614.0, 629.0, 672.0, 677.0, 676.0, 645.0, 645.0, 655.0, 624.0, 674.0, 627.0, 651.0, 684.0, 712.0, 763.0, 722.0, 749.0, 716.0, 680.0, 690.0, 666.0, 628.0, 606.0, 607.0, 607.0, 561.0, 501.0, 485.0, 476.0, 471.0, 473.0, 491.0, 498.0, 493.0, 486.0, 484.0]"
late plan,57,profile,9,269.55,False,46,275.0,"[350.1, 296.0, 272.0, 281.0, 275.0, 262.0, 254.0, 244.0, 239.0, 257.0, 247.0, 266.0, 280.0, 273.0, 283.0, 275.0, 290.0, 306.0, 256.0, 275.0, 274.0, 271.0, 322.0, 295.0, 238.0, 248.0, 261.0, 232.0, 257.0, 242.0, 245.0, 485.0, 493.0, 471.0, 488.0, 481.0, 399.0, 405.0, 395.0, 400.0, 421.0, 429.0, 412.0, 415.0, 394.0, 424.0, 420.0, 421.0, 470.0, 481.0, 512.0, 486.0, 497.0, 501.0, 518.0, 477.0, 472.0, 433.0, 434.0, 425.0, 455.0, 461.0, 474.0, 487.0, 471.0, 482.0, 411.0, 414.0, 394.0, 380.0, 379.0, 373.0, 386.0, 376.0, 321.0, 327.0, 344.0, 305.0, 275.0, 300.0, 298.0, 242.0, 236.0, 234.0, 272.0, 246.0, 232.0, 255.0, 254.0, 252.0, 244.0, 232.0, 229.0, 230.0, 195.0, 161.0, 184.0, 174.0, 205.0, 194.0, 139.0, 144.0, 171.0, 163.0, 147.0, 142.0, 150.0, 123.0, 166.0, 154.0, 177.0, 154.0, 175.0, 161.0, 150.0, 150.0, 141.0, 136.0, 135.0, 113.0, 123.0, 129.0, 142.0, 168.0, 233.0, 241.0, 264.0, 238.0, 229.0, 167.0, 200.0, 179.0, 186.0, 190.0, 204.0, 197.0, 207.0, 221.0, 237.0, 228.0, 193.0, 196.0, 180.0, 192.0, 183.0, 206.0, 158.0, 147.0, 234.0, 218.0, 228.0, 219.0, 215.0, 164.0, 169.0, 129.0, 111.0, 118.0, 144.0, 121.0, 74.0, 122.0, 120.0, 130.0, 131.0, 170.0, 179.0, 210.0, 204.0, 229.0, 234.0, 281.0, 273.0, 278.0, 302.0, 305.0, 283.0, 278.0, 270.0, 278.0, 317.0, 308.0, 374.0, 402.0, 359.0, 344.0, 340.0, 334.0, 356.0, 294.0, 356.0, 358.0, 328.0, 323.0, 330.0, 329.0, 354.0, 310.0, 318.0, 385.0, 340.0, 307.0, 316.0, 307.0, 269.0, 249.0, 255.0, 230.0, 250.0, 261.0, 272.0, 257.0, 289.0, 295.0, 317.0, 294.0, 240.0, 228.0, 250.0, 250.0, 246.0, 267.0, 345.0, 284.0, 276.0, 232.0, 193.0, 191.0, 186.0, 179.0, 214.0, 221.0, 252.0, 291.0, 288.0, 286.0, 279.0, 289.0, 277.0, 270.0, 297.0, 309.0, 310.0, 326.0, 324.0, 332.0, 346.0, 358.0, 364.0, 364.0, 358.0, 352.0, 356.0, 346.0, 375.0, 404.0, 370.0, 414.0, 434.0, 444.0, 395.0, 391.0, 397.0, 363.0, 375.0, 422.0, 440.0, 452.0, 439.0, 428.0, 463.0, 508.0, 488.0, 489.0, 476.0, 473.0, 505.0, 484.0, 440.0, 413.0, 428.0, 419.0, 402.0, 397.0, 348.0, 337.0, 336.0, 316.0, 334.0, 305.0, 346.0, 361.0, 307.0, 325.0, 305.0, 262.0, 270.0, 321.0, 266.0, 299.0, 305.0, 326.0, 302.0, 328.0, 311.0, 294.0, 306.0, 295.0, 302.0, 310.0, 277.0, 289.0, 309.0, 310.0, 297.0, 312.0, 261.0, 284.0, 304.0, 254.0, 286.0, 314.0, 261.0, 220.0, 238.0, 240.0, 253.0, 257.0, 290.0, 291.0, 266.0, 269.0, 281.0, 250.0, 241.0, 215.0, 275.0]"
late plan,57,profile,10,440.0,False,37,246.0,"[350.1, 338.0, 324.0, 329.0, 308.0, 293.0, 352.0, 386.0, 365.0, 433.0, 424.0, 457.0, 442.0, 503.0, 483.0, 499.0, 466.0, 505.0, 497.0, 450.0, 424.0, 405.0, 412.0, 409.0, 424.0, 427.0, 422.0, 388.0, 387.0, 376.0, 375.0, 615.0, 622.0, 578.0, 605.0, 616.0, 655.0, 631.0, 667.0, 728.0, 741.0, 769.0, 723.0, 678.0, 736.0, 709.0, 635.0, 623.0, 605.0, 577.0, 599.0, 606.0, 627.0, 589.0, 544.0, 547.0, 507.0, 524.0, 520.0, 559.0, 515.0, 546.0, 508.0, 500.0, 492.0, 483.0, 511.0, 488.0, 497.0, 494.0, 434.0, 420.0, 415.0, 435.0, 423.0, 424.0, 424.0, 393.0, 384.0, 399.0, 409.0, 416.0, 416.0, 449.0, 477.0, 493.0, 562.0, 592.0, 590.0, 552.0, 591.0, 573.0, 515.0, 500.0, 481.0, 470.0, 484.0, 447.0, 433.0, 391.0, 390.0, 421.0, 420.0, 409.0, 383.0, 362.0, 303.0, 314.0, 303.0, 302.0, 297.0, 320.0, 334.0, 345.0, 364.0, 392.0, 394.0, 377.0, 428.0, 405.0, 452.0, 468.0, 408.0, 343.0, 300.0, 281.0, 210.0, 224.0, 231.0, 201.0, 243.0, 214.0, 239.0, 217.0, 205.0, 209.0, 215.0, 234.0, 254.0, 299.0, 319.0, 317.0, 316.0, 297.0, 286.0, 253.0, 254.0, 233.0, 253.0, 285.0, 277.0, 251.0, 253.0, 273.0, 339.0, 338.0, 338.0, 400.0, 423.0, 419.0, 442.0, 434.0, 405.0, 390.0, 374.0, 375.0, 355.0, 350.0, 325.0, 317.0, 271.0, 274.0, 254.0, 280.0, 296.0, 266.0, 273.0, 277.0, 243.0, 210.0, 226.0, 251.0, 246.0, 228.0, 202.0, 254.0, 230.0, 240.0, 222.0, 235.0, 219.0, 207.0, 170.0, 157.0, 129.0, 99.0, 61.0, 74.0, 86.0, 89.0, 95.0, 77.0, 96.0, 104.0, 126.0, 104.0, 122.0, 144.0, 195.0, 174.0, 210.0, 203.0, 193.0, 195.0, 218.0, 228.0, 215.0, 212.0, 189.0, 166.0, 176.0, 168.0, 203.0, 237.0, 225.0, 256.0, 259.0, 273.0, 301.0, 297.0, 302.0, 349.0, 311.0, 348.0, 316.0, 314.0, 323.0, 323.0, 348.0, 345.0, 343.0, 329.0, 312.0, 306.0, 269.0, 272.0, 288.0, 246.0, 265.0, 296.0, 350.0, 384.0, 337.0, 359.0, 323.0, 335.0, 348.0, 320.0, 340.0, 342.0, 339.0, 365.0, 382.0, 369.0, 389.0, 357.0, 313.0, 259.0, 297.0, 350.0, 401.0, 357.0, 312.0, 311.0, 302.0, 312.0, 319.0, 301.0, 325.0, 337.0, 320.0, 362.0, 350.0, 421.0, 429.0, 406.0, 423.0, 390.0, 397.0, 381.0, 389.0, 380.0, 392.0, 367.0, 317.0, 344.0, 293.0, 292.0, 311.0, 350.0, 356.0, 399.0, 422.0, 442.0, 431.0, 404.0, 363.0, 327.0, 286.0, 239.0, 222.0, 211.0, 195.0, 172.0, 165.0, 198.0, 189.0, 200.0, 182.0, 182.0, 206.0, 229.0, 208.0, 193.0, 178.0, 169.0, 140.0, 133.0, 212.0, 239.0, 247.0, 222.0, 205.0, 223.0, 233.0, 224.0, 246.0]"
late plan,57,profile,11,280.45,False,67,327.0,"[350.1, 341.0, 322.0, 354.0, 362.0, 322.0, 322.0, 313.0, 312.0, 318.0, 296.0, 275.0, 259.0, 234.0, 264.0, 239.0, 228.0, 231.0, 192.0, 246.0, 249.0, 275.0, 277.0, 319.0, 312.0, 326.0, 331.0, 350.0, 352.0, 354.0, 332.0, 572.0, 595.0, 604.0, 537.0, 522.0, 533.0, 524.0, 500.0, 585.0, 552.0, 536.0, 560.0, 556.0, 539.0, 583.0, 561.0, 493.0, 503.0, 486.0, 488.0, 514.0, 504.0, 448.0, 422.0, 410.0, 406.0, 383.0, 436.0, 417.0, 431.0, 405.0, 407.0, 405.0, 440.0, 439.0, 406.0, 427.0, 408.0, 396.0, 396.0, 394.0, 409.0, 414.0, 383.0, 358.0, 401.0, 401.0, 437.0, 503.0, 499.0, 474.0, 543.0, 496.0, 490.0, 509.0, 537.0, 528.0, 478.0, 402.0, 453.0, 434.0, 397.0, 386.0, 404.0, 403.0, 358.0, 340.0, 376.0, 334.0, 304.0, 283.0, 246.0, 237.0, 213.0, 209.0, 227.0, 241.0, 232.0, 263.0, 303.0, 356.0, 423.0, 426.0, 470.0, 506.0, 490.0, 496.0, 501.0, 472.0, 462.0, 422.0, 433.0, 409.0, 430.0, 403.0, 424.0, 438.0, 454.0, 403.0, 396.0, 371.0, 411.0, 370.0, 399.0, 411.0, 400.0, 370.0, 354.0, 356.0, 371.0, 300.0, 323.0, 288.0, 320.0, 357.0, 318.0, 331.0, 318.0, 316.0, 333.0, 310.0, 320.0, 309.0, 283.0, 355.0, 305.0, 294.0, 353.0, 330.0, 341.0, 329.0, 351.0, 407.0, 444.0, 415.0, 437.0, 451.0, 462.0, 479.0, 449.0, 437.0, 414.0, 410.0, 442.0, 436.0, 406.0, 445.0, 491.0, 527.0, 473.0, 496.0, 552.0, 550.0, 534.0, 509.0, 487.0, 503.0, 508.0, 522.0, 531.0, 557.0, 571.0, 536.0, 535.0, 553.0, 509.0, 527.0, 495.0, 433.0, 399.0, 385.0, 428.0, 466.0, 444.0, 433.0, 424.0, 433.0, 426.0, 467.0, 415.0, 444.0, 419.0, 426.0, 444.0, 459.0, 379.0, 330.0, 261.0, 300.0, 293.0, 289.0, 302.0, 344.0, 374.0, 401.0, 387.0, 411.0, 421.0, 374.0, 333.0, 392.0, 395.0, 399.0, 414.0, 391.0, 374.0, 356.0, 366.0, 379.0, 389.0, 390.0, 404.0, 381.0, 369.0, 359.0, 391.0, 405.0, 410.0, 352.0, 359.0, 346.0, 345.0, 355.0, 377.0, 357.0, 367.0, 444.0, 450.0, 422.0, 478.0, 509.0, 493.0, 420.0, 367.0, 385.0, 442.0, 464.0, 469.0, 460.0, 493.0, 473.0, 459.0, 475.0, 460.0, 445.0, 466.0, 500.0, 466.0, 397.0, 347.0, 306.0, 304.0, 316.0, 305.0, 278.0, 269.0, 284.0, 315.0, 331.0, 351.0, 383.0, 408.0, 406.0, 404.0, 421.0, 472.0, 527.0, 526.0, 523.0, 524.0, 507.0, 569.0, 608.0, 588.0, 581.0, 588.0, 556.0, 532.0, 531.0, 548.0, 567.0, 474.0, 453.0, 470.0, 489.0, 469.0, 497.0, 507.0, 451.0, 484.0, 550.0, 513.0, 452.0, 466.0, 452.0, 398.0, 381.0, 297.0, 349.0, 349.0, 347.0, 308.0, 320.0, 300.0, 311.0, 327.0]"
late plan,57,profile,12,282.5,False,100,362.0,"[350.1, 307.0, 313.0, 313.0, 278.0, 273.0, 261.0, 253.0, 249.0, 235.0, 222.0, 218.0, 209.0, 261.0, 232.0, 246.0, 234.0, 213.0, 204.0, 243.0, 249.0, 274.0, 284.0, 328.0, 346.0, 350.0, 374.0, 381.0, 395.0, 387.0, 377.0, 617.0, 559.0, 491.0, 464.0, 470.0, 469.0, 459.0, 438.0, 424.0, 472.0, 500.0, 501.0, 497.0, 570.0, 608.0, 633.0, 621.0, 629.0, 553.0, 500.0, 480.0, 499.0, 508.0, 521.0, 500.0, 507.0, 517.0, 530.0, 465.0, 484.0, 420.0, 416.0, 381.0, 434.0, 415.0, 458.0, 468.0, 451.0, 486.0, 461.0, 415.0, 460.0, 450.0, 501.0, 495.0, 461.0, 460.0, 497.0, 485.0, 491.0, 519.0, 546.0, 555.0, 564.0, 548.0, 538.0, 597.0, 550.0, 559.0, 522.0, 513.0, 495.0, 511.0, 564.0, 501.0, 477.0, 507.0, 513.0, 485.0, 530.0, 506.0, 505.0, 537.0, 536.0, 549.0, 541.0, 492.0, 493.0, 528.0, 513.0, 522.0, 479.0, 416.0, 351.0, 346.0, 372.0, 358.0, 346.0, 345.0, 372.0, 335.0, 332.0, 367.0, 313.0, 336.0, 349.0, 327.0, 328.0, 353.0, 363.0, 364.0, 333.0, 300.0, 274.0, 255.0, 242.0, 229.0, 255.0, 254.0, 270.0, 278.0, 285.0, 264.0, 310.0, 296.0, 340.0, 324.0, 326.0, 321.0, 353.0, 354.0, 377.0, 339.0, 337.0, 300.0, 275.0, 277.0, 279.0, 306.0, 248.0, 278.0, 307.0, 291.0, 237.0, 228.0, 194.0, 202.0, 183.0, 239.0, 201.0, 226.0, 211.0, 264.0, 279.0, 301.0, 313.0, 275.0, 269.0, 264.0, 262.0, 269.0, 284.0, 264.0, 252.0, 283.0, 319.0, 312.0, 325.0, 285.0, 257.0, 283.0, 240.0, 300.0, 304.0, 354.0, 337.0, 348.0, 333.0, 285.0, 293.0, 277.0, 319.0, 323.0, 340.0, 340.0, 423.0, 404.0, 412.0, 429.0, 454.0, 421.0, 413.0, 394.0, 354.0, 358.0, 288.0, 283.0, 252.0, 219.0, 212.0, 209.0, 253.0, 259.0, 255.0, 285.0, 264.0, 257.0, 257.0, 253.0, 299.0, 288.0, 220.0, 230.0, 222.0, 226.0, 232.0, 213.0, 199.0, 188.0, 204.0, 233.0, 207.0, 171.0, 189.0, 179.0, 168.0, 179.0, 156.0, 167.0, 167.0, 148.0, 176.0, 218.0, 188.0, 193.0, 228.0, 204.0, 181.0, 196.0, 234.0, 201.0, 198.0, 201.0, 183.0, 210.0, 131.0, 160.0, 155.0, 148.0, 166.0, 144.0, 121.0, 92.0, 117.0, 113.0, 132.0, 112.0, 107.0, 95.0, 121.0, 144.0, 167.0, 199.0, 243.0, 288.0, 285.0, 237.0, 241.0, 234.0, 233.0, 232.0, 217.0, 235.0, 249.0, 210.0, 222.0, 214.0, 231.0, 246.0, 226.0, 215.0, 239.0, 222.0, 205.0, 187.0, 213.0, 228.0, 241.0, 283.0, 257.0, 237.0, 260.0, 250.0, 297.0, 299.0, 277.0, 273.0, 308.0, 345.0, 379.0, 357.0, 415.0, 371.0, 376.0, 342.0, 347.0, 332.0, 359.0, 360.0, 387.0, 395.0, 414.0, 383.0, 408.0, 365.0, 362.0]"
late plan,57,profile,13,349.9,False,179,419.0,"[350.1, 388.0, 395.0, 390.0, 399.0, 373.0, 348.0, 341.0, 337.0, 373.0, 329.0, 365.0, 341.0, 323.0, 337.0, 400.0, 357.0, 374.0, 379.0, 372.0, 304.0, 328.0, 323.0, 340.0, 319.0, 344.0, 355.0, 372.0, 381.0, 355.0, 371.0, 611.0, 642.0, 637.0, 610.0, 564.0, 566.0, 616.0, 547.0, 565.0, 491.0, 500.0, 521.0, 572.0, 518.0, 508.0, 503.0, 455.0, 455.0, 458.0, 487.0, 550.0, 551.0, 525.0, 544.0, 520.0, 496.0, 508.0, 487.0, 502.0, 536.0, 563.0, 554.0, 589.0, 601.0, 600.0, 611.0, 602.0, 581.0, 553.0, 562.0, 598.0, 573.0, 552.0, 586.0, 568.0, 576.0, 578.0, 555.0, 583.0, 541.0, 537.0, 567.0, 562.0, 540.0, 579.0, 545.0, 548.0, 540.0, 523.0, 523.0, 529.0, 522.0, 542.0, 547.0, 507.0, 483.0, 416.0, 435.0, 458.0, 475.0, 498.0, 520.0, 477.0, 457.0, 472.0, 448.0, 469.0, 530.0, 474.0, 474.0, 501.0, 509.0, 520.0, 587.0, 573.0, 529.0, 554.0, 563.0, 549.0, 558.0, 558.0, 513.0, 485.0, 497.0, 451.0, 488.0, 526.0, 528.0, 516.0, 516.0, 580.0, 560.0, 585.0, 513.0, 532.0, 495.0, 504.0, 451.0, 428.0, 435.0, 429.0, 445.0, 412.0, 429.0, 458.0, 427.0, 460.0, 451.0, 466.0, 452.0, 456.0, 465.0, 503.0, 497.0, 494.0, 488.0, 509.0, 490.0, 465.0, 545.0, 543.0, 582.0, 556.0, 540.0, 496.0, 447.0, 442.0, 381.0, 383.0, 413.0, 409.0, 430.0, 425.0, 415.0, 437.0, 407.0, 401.0, 382.0, 419.0, 441.0, 459.0, 480.0, 475.0, 461.0, 508.0, 520.0, 499.0, 502.0, 443.0, 452.0, 448.0, 411.0, 435.0, 439.0, 404.0, 413.0, 422.0, 397.0, 430.0, 431.0, 440.0, 451.0, 465.0, 466.0, 478.0, 466.0, 427.0, 415.0, 422.0, 369.0, 377.0, 366.0, 372.0, 352.0, 286.0, 282.0, 291.0, 319.0, 382.0, 393.0, 413.0, 401.0, 407.0, 413.0, 456.0, 506.0, 514.0, 490.0, 493.0, 479.0, 427.0, 391.0, 347.0, 334.0, 329.0, 357.0, 289.0, 310.0, 278.0, 288.0, 278.0, 254.0, 274.0, 302.0, 289.0, 312.0, 275.0, 361.0, 350.0, 333.0, 323.0, 340.0, 360.0, 354.0, 289.0, 265.0, 284.0, 301.0, 309.0, 290.0, 279.0, 294.0, 274.0, 248.0, 269.0, 257.0, 282.0, 294.0, 323.0, 352.0, 305.0, 275.0, 316.0, 321.0, 320.0, 304.0, 261.0, 260.0, 264.0, 317.0, 282.0, 307.0, 283.0, 270.0, 291.0, 305.0, 289.0, 279.0, 306.0, 306.0, 309.0, 356.0, 373.0, 388.0, 387.0, 368.0, 388.0, 366.0, 332.0, 369.0, 363.0, 365.0, 338.0, 386.0, 344.0, 347.0, 372.0, 389.0, 388.0, 421.0, 438.0, 444.0, 395.0, 348.0, 405.0, 417.0, 427.0, 450.0, 414.0, 437.0, 460.0, 445.0, 401.0, 419.0, 396.0, 356.0, 345.0, 341.0, 342.0, 324.0, 393.0, 399.0, 432.0, 442.0, 466.0, 419.0]"
late plan,57,profile,14,371.75,False,34,414.0,"[350.1, 302.0, 285.0, 299.0, 341.0, 367.0, 381.0, 377.0, 333.0, 320.0, 325.0, 332.0, 334.0, 403.0, 387.0, 379.0, 399.0, 402.0, 392.0, 424.0, 373.0, 362.0, 372.0, 345.0, 374.0, 382.0, 364.0, 401.0, 351.0, 334.0, 335.0, 575.0, 600.0, 653.0, 627.0, 552.0, 523.0, 531.0, 477.0, 477.0, 487.0, 463.0, 456.0, 436.0, 434.0, 428.0, 533.0, 500.0, 492.0, 467.0, 492.0, 481.0, 510.0, 506.0, 515.0, 532.0, 527.0, 521.0, 521.0, 496.0, 465.0, 458.0, 445.0, 419.0, 396.0, 423.0, 398.0, 405.0, 357.0, 376.0, 323.0, 344.0, 326.0, 335.0, 355.0, 306.0, 374.0, 376.0, 341.0, 315.0, 363.0, 328.0, 332.0, 306.0, 311.0, 328.0, 315.0, 388.0, 424.0, 429.0, 413.0, 406.0, 385.0, 435.0, 451.0, 403.0, 407.0, 453.0, 429.0, 442.0, 451.0, 482.0, 470.0, 500.0, 482.0, 480.0, 478.0, 459.0, 509.0, 533.0, 496.0, 492.0, 526.0, 496.0, 495.0, 468.0, 479.0, 442.0, 425.0, 442.0, 456.0, 451.0, 422.0, 406.0, 399.0, 396.0, 396.0, 403.0, 443.0, 432.0, 465.0, 473.0, 501.0, 464.0, 467.0, 456.0, 501.0, 494.0, 494.0, 494.0, 531.0, 488.0, 522.0, 509.0, 490.0, 492.0, 499.0, 500.0, 483.0, 446.0, 496.0, 461.0, 440.0, 436.0, 446.0, 439.0, 406.0, 365.0, 387.0, 403.0, 359.0, 365.0, 321.0, 323.0, 353.0, 342.0, 358.0, 322.0, 381.0, 368.0, 415.0, 397.0, 392.0, 371.0, 397.0, 363.0, 349.0, 366.0, 378.0, 390.0, 377.0, 357.0, 367.0, 429.0, 411.0, 418.0, 399.0, 388.0, 365.0, 386.0, 337.0, 335.0, 256.0, 241.0, 214.0, 232.0, 227.0, 236.0, 291.0, 289.0, 319.0, 365.0, 410.0, 459.0, 469.0, 461.0, 435.0, 433.0, 449.0, 412.0, 402.0, 406.0, 400.0, 402.0, 451.0, 450.0, 464.0, 491.0, 439.0, 388.0, 366.0, 331.0, 366.0, 371.0, 376.0, 377.0, 400.0, 454.0, 479.0, 477.0, 514.0, 469.0, 452.0, 468.0, 457.0, 493.0, 504.0, 558.0, 570.0, 565.0, 548.0, 521.0, 526.0, 573.0, 587.0, 577.0, 510.0, 491.0, 480.0, 514.0, 561.0, 614.0, 558.0, 531.0, 581.0, 529.0, 472.0, 487.0, 503.0, 528.0, 529.0, 513.0, 466.0, 439.0, 485.0, 520.0, 483.0, 515.0, 524.0, 492.0, 511.0, 513.0, 526.0, 467.0, 471.0, 530.0, 505.0, 508.0, 444.0, 427.0, 451.0, 437.0, 480.0, 490.0, 466.0, 430.0, 448.0, 432.0, 404.0, 421.0, 433.0, 382.0, 359.0, 354.0, 377.0, 344.0, 344.0, 324.0, 344.0, 299.0, 286.0, 259.0, 273.0, 276.0, 302.0, 338.0, 368.0, 368.0, 345.0, 332.0, 304.0, 269.0, 289.0, 355.0, 339.0, 382.0, 413.0, 427.0, 347.0, 379.0, 420.0, 399.0, 425.0, 408.0, 381.0, 375.0, 396.0, 381.0, 417.0, 448.0, 450.0, 452.0, 479.0, 462.0, 444.0, 418.0, 414.0]"
late plan,57,profile,15,187.15,False,247,268.0,"[350.1, 384.0, 345.0, 336.0, 325.0, 275.0, 251.0, 217.0, 197.0, 229.0, 238.0, 214.0, 186.0, 217.0, 210.0, 182.0, 187.0, 205.0, 166.0, 151.0, 168.0, 198.0, 172.0, 186.0, 178.0, 180.0, 168.0, 178.0, 205.0, 154.0, 127.0, 367.0, 335.0, 396.0, 386.0, 410.0, 443.0, 401.0, 370.0, 371.0, 413.0, 391.0, 432.0, 453.0, 438.0, 451.0, 497.0, 476.0, 484.0, 477.0, 452.0, 430.0, 464.0, 489.0, 514.0, 520.0, 575.0, 579.0, 567.0, 538.0, 555.0, 527.0, 516.0, 558.0, 617.0, 652.0, 695.0, 694.0, 705.0, 636.0, 590.0, 552.0, 547.0, 535.0, 544.0, 542.0, 499.0, 488.0, 494.0, 454.0, 437.0, 429.0, 457.0, 506.0, 530.0, 531.0, 529.0, 517.0, 528.0, 493.0, 527.0, 508.0, 489.0, 506.0, 461.0, 456.0, 526.0, 607.0, 580.0, 588.0, 615.0, 620.0, 597.0, 583.0, 568.0, 638.0, 594.0, 596.0, 617.0, 646.0, 617.0, 571.0, 555.0, 551.0, 539.0, 518.0, 554.0, 531.0, 524.0, 541.0, 531.0, 547.0, 525.0, 561.0, 605.0, 541.0, 488.0, 486.0, 467.0, 450.0, 411.0, 413.0, 381.0, 337.0, 325.0, 292.0, 279.0, 256.0, 264.0, 300.0, 312.0, 341.0, 343.0, 326.0, 317.0, 254.0, 254.0, 260.0, 273.0, 268.0, 295.0, 324.0, 323.0, 364.0, 345.0, 357.0, 387.0, 345.0, 333.0, 374.0, 375.0, 332.0, 274.0, 264.0, 255.0, 242.0, 238.0, 197.0, 196.0, 199.0, 229.0, 224.0, 234.0, 224.0, 219.0, 215.0, 237.0, 266.0, 282.0, 238.0, 228.0, 271.0, 254.0, 232.0, 274.0, 261.0, 326.0, 335.0, 306.0, 302.0, 314.0, 311.0, 341.0, 331.0, 360.0, 393.0, 388.0, 391.0, 396.0, 402.0, 432.0, 430.0, 420.0, 383.0, 396.0, 366.0, 386.0, 374.0, 398.0, 376.0, 392.0, 421.0, 446.0, 452.0, 507.0, 494.0, 517.0, 520.0, 478.0, 511.0, 552.0, 522.0, 514.0, 504.0, 512.0, 502.0, 513.0, 548.0, 527.0, 551.0, 533.0, 524.0, 522.0, 546.0, 565.0, 578.0, 559.0, 560.0, 541.0, 486.0, 478.0, 468.0, 458.0, 376.0, 412.0, 465.0, 513.0, 528.0, 555.0, 533.0, 531.0, 502.0, 505.0, 505.0, 479.0, 508.0, 422.0, 400.0, 380.0, 411.0, 421.0, 434.0, 442.0, 456.0, 451.0, 476.0, 457.0, 459.0, 464.0, 430.0, 401.0, 375.0, 337.0, 294.0, 257.0, 220.0, 237.0, 255.0, 235.0, 215.0, 182.0, 175.0, 185.0, 189.0, 203.0, 184.0, 192.0, 160.0, 198.0, 222.0, 225.0, 197.0, 168.0, 174.0, 142.0, 162.0, 162.0, 174.0, 155.0, 134.0, 152.0, 127.0, 93.0, 137.0, 141.0, 137.0, 176.0, 200.0, 227.0, 281.0, 252.0, 264.0, 274.0, 267.0, 256.0, 264.0, 276.0, 325.0, 290.0, 251.0, 214.0, 190.0, 166.0, 155.0, 158.0, 195.0, 191.0, 142.0, 188.0, 204.0, 215.0, 247.0, 248.0, 261.0, 299.0, 296.0, 268.0]"
late plan,57,profile,16,341.45,False,26,373.0,"[350.1, 330.0, 355.0, 355.0, 343.0, 391.0, 374.0, 348.0, 364.0, 371.0, 385.0, 419.0, 429.0, 414.0, 386.0, 391.0, 348.0, 315.0, 334.0, 333.0, 352.0, 356.0, 346.0, 339.0, 326.0, 308.0, 261.0, 285.0, 248.0, 254.0, 233.0, 473.0, 465.0, 434.0, 431.0, 513.0, 541.0, 490.0, 459.0, 414.0, 445.0, 453.0, 488.0, 468.0, 489.0, 492.0, 517.0, 507.0, 544.0, 531.0, 485.0, 469.0, 470.0, 462.0, 427.0, 449.0, 444.0, 386.0, 341.0, 339.0, 351.0, 282.0, 249.0, 237.0, 274.0, 261.0, 271.0, 261.0, 294.0, 299.0, 299.0, 339.0, 347.0, 334.0, 312.0, 331.0, 391.0, 339.0, 326.0, 308.0, 323.0, 299.0, 272.0, 330.0, 304.0, 291.0, 263.0, 298.0, 294.0, 292.0, 289.0, 279.0, 281.0, 271.0, 261.0, 289.0, 281.0, 263.0, 312.0, 347.0, 321.0, 295.0, 270.0, 268.0, 303.0, 340.0, 315.0, 315.0, 290.0, 311.0, 308.0, 379.0, 354.0, 396.0, 351.0, 342.0, 362.0, 391.0, 367.0, 390.0, 406.0, 406.0, 460.0, 430.0, 436.0, 431.0, 398.0, 358.0, 354.0, 379.0, 421.0, 370.0, 344.0, 331.0, 345.0, 332.0, 311.0, 290.0, 316.0, 319.0, 328.0, 266.0, 251.0, 280.0, 303.0, 291.0, 322.0, 339.0, 353.0, 362.0, 365.0, 371.0, 323.0, 347.0, 278.0, 333.0, 353.0, 375.0, 369.0, 381.0, 373.0, 406.0, 462.0, 441.0, 437.0, 422.0, 402.0, 422.0, 430.0, 424.0, 411.0, 414.0, 429.0, 446.0, 437.0, 415.0, 424.0, 418.0, 437.0, 439.0, 397.0, 392.0, 438.0, 462.0, 481.0, 480.0, 516.0, 519.0, 540.0, 505.0, 509.0, 499.0, 547.0, 464.0, 437.0, 426.0, 408.0, 440.0, 458.0, 474.0, 466.0, 445.0, 450.0, 485.0, 539.0, 498.0, 470.0, 422.0, 470.0, 455.0, 468.0, 462.0, 489.0, 480.0, 454.0, 467.0, 445.0, 427.0, 396.0, 399.0, 404.0, 336.0, 318.0, 329.0, 297.0, 280.0, 257.0, 264.0, 274.0, 264.0, 221.0, 207.0, 243.0, 284.0, 340.0, 353.0, 343.0, 361.0, 430.0, 419.0, 425.0, 443.0, 459.0, 445.0, 354.0, 362.0, 427.0, 428.0, 435.0, 422.0, 358.0, 310.0, 324.0, 334.0, 326.0, 333.0, 334.0, 380.0, 386.0, 399.0, 432.0, 399.0, 388.0, 359.0, 415.0, 407.0, 392.0, 411.0, 397.0, 433.0, 468.0, 403.0, 461.0, 489.0, 489.0, 468.0, 451.0, 442.0, 417.0, 418.0, 419.0, 385.0, 355.0, 356.0, 315.0, 325.0, 325.0, 300.0, 321.0, 310.0, 264.0, 276.0, 266.0, 278.0, 241.0, 260.0, 259.0, 217.0, 277.0, 318.0, 333.0, 339.0, 326.0, 325.0, 327.0, 329.0, 352.0, 338.0, 356.0, 355.0, 309.0, 325.0, 313.0, 291.0, 277.0, 294.0, 248.0, 271.0, 275.0, 261.0, 288.0, 280.0, 311.0, 310.0, 312.0, 305.0, 293.0, 280.0, 274.0, 338.0, 350.0, 323.0, 389.0, 328.0, 357.0, 363.0, 373.0]"
late plan,57,profile,17,393.4,False,18,398.0,"[350.1, 365.0, 365.0, 309.0, 371.0, 367.0, 370.0, 326.0, 368.0, 335.0, 339.0, 329.0, 339.0, 345.0, 390.0, 395.0, 404.0, 444.0, 504.0, 437.0, 432.0, 402.0, 401.0, 423.0, 427.0, 391.0, 367.0, 376.0, 373.0, 350.0, 343.0, 583.0, 604.0, 621.0, 505.0, 466.0, 521.0, 493.0, 524.0, 515.0, 543.0, 504.0, 510.0, 470.0, 476.0, 482.0, 480.0, 447.0, 439.0, 427.0, 454.0, 432.0, 371.0, 357.0, 349.0, 336.0, 345.0, 310.0, 316.0, 311.0, 356.0, 411.0, 393.0, 440.0, 450.0, 435.0, 442.0, 459.0, 489.0, 519.0, 525.0, 502.0, 537.0, 528.0, 508.0, 510.0, 516.0, 473.0, 472.0, 447.0, 446.0, 435.0, 389.0, 395.0, 363.0, 391.0, 384.0, 370.0, 377.0, 396.0, 394.0, 399.0, 350.0, 338.0, 361.0, 304.0, 311.0, 328.0, 354.0, 348.0, 396.0, 388.0, 410.0, 370.0, 346.0, 350.0, 333.0, 299.0, 287.0, 297.0, 290.0, 278.0, 284.0, 220.0, 189.0, 203.0, 204.0, 235.0, 295.0, 271.0, 223.0, 209.0, 210.0, 204.0, 195.0, 196.0, 210.0, 207.0, 223.0, 200.0, 200.0, 191.0, 186.0, 191.0, 188.0, 213.0, 226.0, 235.0, 273.0, 275.0, 306.0, 304.0, 283.0, 242.0, 251.0, 250.0, 271.0, 281.0, 266.0, 259.0, 272.0, 250.0, 236.0, 235.0, 252.0, 237.0, 201.0, 209.0, 263.0, 280.0, 293.0, 290.0, 260.0, 247.0, 254.0, 265.0, 239.0, 230.0, 276.0, 255.0, 249.0, 266.0, 295.0, 323.0, 339.0, 309.0, 366.0, 325.0, 327.0, 391.0, 410.0, 367.0, 379.0, 374.0, 396.0, 418.0, 407.0, 354.0, 315.0, 307.0, 258.0, 268.0, 270.0, 259.0, 262.0, 287.0, 261.0, 253.0, 231.0, 238.0, 295.0, 296.0, 325.0, 327.0, 322.0, 313.0, 301.0, 237.0, 208.0, 214.0, 185.0, 180.0, 199.0, 205.0, 219.0, 226.0, 217.0, 202.0, 210.0, 243.0, 200.0, 199.0, 229.0, 276.0, 241.0, 243.0, 267.0, 269.0, 256.0, 271.0, 234.0, 250.0, 221.0, 190.0, 177.0, 169.0, 201.0, 178.0, 193.0, 218.0, 246.0, 296.0, 298.0, 304.0, 307.0, 361.0, 356.0, 349.0, 354.0, 293.0, 309.0, 283.0, 266.0, 274.0, 275.0, 241.0, 298.0, 293.0, 295.0, 283.0, 272.0, 275.0, 250.0, 235.0, 223.0, 227.0, 265.0, 272.0, 284.0, 281.0, 304.0, 295.0, 291.0, 284.0, 285.0, 298.0, 301.0, 342.0, 313.0, 352.0, 358.0, 342.0, 367.0, 336.0, 321.0, 305.0, 333.0, 329.0, 319.0, 338.0, 360.0, 372.0, 369.0, 364.0, 371.0, 365.0, 374.0, 349.0, 278.0, 255.0, 264.0, 271.0, 258.0, 231.0, 195.0, 204.0, 187.0, 189.0, 161.0, 160.0, 184.0, 222.0, 211.0, 209.0, 182.0, 212.0, 215.0, 200.0, 207.0, 220.0, 159.0, 163.0, 195.0, 161.0, 161.0, 156.0, 163.0, 212.0, 258.0, 282.0, 292.0, 323.0, 345.0, 352.0, 374.0, 435.0, 398.0]"
late plan,57,profile,18,430.3,False,53,691.0,"[350.1, 381.0, 374.0, 353.0, 400.0, 396.0, 409.0, 362.0, 378.0, 392.0, 426.0, 433.0, 432.0, 455.0, 435.0, 472.0, 444.0, 438.0, 411.0, 414.0, 469.0, 486.0, 421.0, 419.0, 416.0, 434.0, 419.0, 403.0, 390.0, 389.0, 375.0, 615.0, 657.0, 593.0, 610.0, 602.0, 570.0, 556.0, 554.0, 553.0, 555.0, 576.0, 571.0, 581.0, 560.0, 562.0, 556.0, 530.0, 551.0, 548.0, 533.0, 580.0, 583.0, 508.0, 523.0, 487.0, 472.0, 484.0, 548.0, 610.0, 603.0, 562.0, 545.0, 560.0, 558.0, 551.0, 582.0, 589.0, 539.0, 545.0, 527.0, 538.0, 528.0, 535.0, 532.0, 561.0, 558.0, 559.0, 571.0, 558.0, 510.0, 548.0, 486.0, 503.0, 471.0, 494.0, 472.0, 389.0, 443.0, 381.0, 354.0, 382.0, 333.0, 327.0, 349.0, 327.0, 343.0, 304.0, 271.0, 263.0, 295.0, 255.0, 242.0, 236.0, 189.0, 177.0, 211.0, 235.0, 307.0, 280.0, 258.0, 224.0, 282.0, 241.0, 236.0, 234.0, 265.0, 296.0, 365.0, 397.0, 406.0, 409.0, 438.0, 474.0, 481.0, 476.0, 473.0, 481.0, 468.0, 483.0, 453.0, 480.0, 444.0, 429.0, 426.0, 447.0, 425.0, 401.0, 403.0, 370.0, 354.0, 345.0, 299.0, 267.0, 294.0, 293.0, 288.0, 306.0, 271.0, 260.0, 256.0, 259.0, 259.0, 300.0, 304.0, 297.0, 303.0, 290.0, 299.0, 291.0, 306.0, 254.0, 268.0, 264.0, 286.0, 316.0, 357.0, 426.0, 433.0, 441.0, 439.0, 464.0, 450.0, 408.0, 400.0, 381.0, 358.0, 330.0, 336.0, 297.0, 272.0, 306.0, 270.0, 241.0, 219.0, 215.0, 208.0, 213.0, 188.0, 230.0, 245.0, 216.0, 178.0, 167.0, 153.0, 143.0, 130.0, 155.0, 189.0, 186.0, 171.0, 179.0, 200.0, 232.0, 216.0, 216.0, 220.0, 251.0, 222.0, 215.0, 280.0, 245.0, 269.0, 272.0, 314.0, 368.0, 341.0, 329.0, 365.0, 396.0, 371.0, 409.0, 439.0, 413.0, 410.0, 383.0, 398.0, 370.0, 376.0, 362.0, 344.0, 358.0, 370.0, 361.0, 343.0, 311.0, 297.0, 259.0, 299.0, 254.0, 220.0, 259.0, 249.0, 263.0, 278.0, 272.0, 295.0, 268.0, 286.0, 278.0, 305.0, 303.0, 344.0, 358.0, 377.0, 391.0, 389.0, 383.0, 393.0, 390.0, 346.0, 305.0, 268.0, 296.0, 319.0, 347.0, 379.0, 343.0, 346.0, 322.0, 286.0, 264.0, 284.0, 273.0, 249.0, 235.0, 193.0, 162.0, 177.0, 183.0, 196.0, 177.0, 188.0, 188.0, 208.0, 224.0, 251.0, 319.0, 349.0, 367.0, 333.0, 367.0, 404.0, 414.0, 443.0, 472.0, 483.0, 552.0, 582.0, 646.0, 622.0, 633.0, 656.0, 656.0, 696.0, 626.0, 613.0, 605.0, 572.0, 579.0, 642.0, 619.0, 647.0, 603.0, 577.0, 628.0, 661.0, 583.0, 615.0, 590.0, 623.0, 638.0, 624.0, 603.0, 643.0, 662.0, 665.0, 673.0, 687.0, 707.0, 686.0, 649.0, 622.0, 639.0, 713.0, 701.0, 691.0]"
late plan,57,profile,19,338.2,False,56,410.0,"[350.1, 375.0, 380.0, 388.0, 403.0, 393.0, 405.0, 425.0, 457.0, 482.0, 486.0, 454.0, 438.0, 425.0, 367.0, 379.0, 392.0, 407.0, 423.0, 374.0, 342.0, 303.0, 300.0, 282.0, 259.0, 221.0, 224.0, 222.0, 227.0, 239.0, 183.0, 423.0, 492.0, 463.0, 476.0, 498.0, 469.0, 434.0, 423.0, 429.0, 426.0, 394.0, 441.0, 493.0, 453.0, 478.0, 481.0, 525.0, 527.0, 540.0, 508.0, 508.0, 541.0, 559.0, 497.0, 549.0, 505.0, 550.0, 564.0, 575.0, 592.0, 600.0, 604.0, 623.0, 626.0, 676.0, 645.0, 605.0, 642.0, 648.0, 650.0, 578.0, 627.0, 586.0, 578.0, 640.0, 648.0, 649.0, 583.0, 570.0, 581.0, 574.0, 582.0, 541.0, 513.0, 510.0, 461.0, 484.0, 415.0, 349.0, 292.0, 232.0, 220.0, 235.0, 288.0, 307.0, 303.0, 353.0, 341.0, 342.0, 340.0, 339.0, 339.0, 320.0, 307.0, 315.0, 259.0, 256.0, 274.0, 327.0, 282.0, 320.0, 325.0, 340.0, 328.0, 358.0, 357.0, 359.0, 398.0, 420.0, 452.0, 464.0, 436.0, 408.0, 361.0, 327.0, 323.0, 309.0, 304.0, 318.0, 304.0, 306.0, 326.0, 291.0, 303.0, 281.0, 277.0, 264.0, 280.0, 313.0, 348.0, 408.0, 440.0, 433.0, 487.0, 500.0, 468.0, 464.0, 429.0, 415.0, 409.0, 400.0, 407.0, 408.0, 397.0, 414.0, 436.0, 481.0, 493.0, 462.0, 511.0, 492.0, 493.0, 506.0, 493.0, 481.0, 467.0, 466.0, 487.0, 447.0, 448.0, 485.0, 440.0, 434.0, 461.0, 462.0, 467.0, 441.0, 448.0, 459.0, 442.0, 409.0, 421.0, 394.0, 359.0, 320.0, 333.0, 388.0, 395.0, 435.0, 455.0, 452.0, 472.0, 461.0, 457.0, 419.0, 427.0, 401.0, 390.0, 400.0, 410.0, 430.0, 456.0, 426.0, 400.0, 423.0, 427.0, 425.0, 414.0, 375.0, 362.0, 367.0, 348.0, 371.0, 334.0, 355.0, 312.0, 373.0, 362.0, 335.0, 363.0, 373.0, 371.0, 399.0, 390.0, 387.0, 400.0, 379.0, 365.0, 327.0, 381.0, 392.0, 388.0, 421.0, 382.0, 441.0, 427.0, 418.0, 442.0, 437.0, 455.0, 419.0, 387.0, 399.0, 418.0, 429.0, 460.0, 488.0, 436.0, 390.0, 376.0, 386.0, 347.0, 284.0, 311.0, 309.0, 295.0, 300.0, 334.0, 276.0, 295.0, 318.0, 363.0, 336.0, 295.0, 280.0, 260.0, 245.0, 240.0, 254.0, 211.0, 240.0, 241.0, 231.0, 254.0, 251.0, 252.0, 257.0, 253.0, 293.0, 256.0, 252.0, 274.0, 281.0, 270.0, 316.0, 314.0, 340.0, 321.0, 313.0, 272.0, 245.0, 222.0, 199.0, 181.0, 233.0, 180.0, 216.0, 218.0, 230.0, 248.0, 256.0, 239.0, 247.0, 259.0, 236.0, 210.0, 202.0, 164.0, 215.0, 179.0, 187.0, 171.0, 203.0, 224.0, 239.0, 248.0, 240.0, 296.0, 278.0, 252.0, 268.0, 274.0, 262.0, 257.0, 255.0, 257.0, 313.0, 296.0, 299.0, 323.0, 343.0, 351.0, 410.0, 378.0, 379.0, 410.0]"
late plan,57,opening,0,610.35,True,,1243.0,"[0.0, 16.0, 53.0, 63.0, 141.0, 176.0, 199.0, 237.0, 266.0, 267.0, 299.0, 323.0, 326.0, 339.0, 398.0, 431.0, 511.0, 555.0, 607.0, 664.0, 681.0, 721.0, 712.0, 721.0, 766.0, 793.0, 804.0, 817.0, 873.0, 866.0, 858.0, 1098.0, 1107.0, 1147.0, 1143.0, 1140.0, 1106.0, 1062.0, 1074.0, 1100.0, 1167.0, 1111.0, 1114.0, 1175.0, 1195.0, 1243.0]"
late plan,57,opening,1,666.2,True,,1206.0,"[0.0, 24.0, 41.0, 75.0, 107.0, 154.0, 164.0, 176.0, 242.0, 289.0, 341.0, 364.0, 390.0, 406.0, 451.0, 504.0, 526.0, 603.0, 656.0, 700.0, 739.0, 784.0, 802.0, 789.0, 855.0, 885.0, 892.0, 892.0, 858.0, 887.0, 946.0, 1186.0, 1206.0]"
late plan,57,opening,2,643.1,True,,1277.0,"[0.0, 33.0, 59.0, 78.0, 104.0, 146.0, 184.0, 204.0, 230.0, 280.0, 304.0, 346.0, 398.0, 425.0, 465.0, 464.0, 514.0, 545.0, 581.0, 568.0, 620.0, 671.0, 699.0, 736.0, 827.0, 861.0, 936.0, 945.0, 955.0, 1002.0, 1037.0, 1277.0]"
late plan,57,opening,3,576.4,True,,1229.0,"[0.0, 32.0, 62.0, 77.0, 111.0, 126.0, 173.0, 220.0, 243.0, 243.0, 301.0, 298.0, 343.0, 423.0, 440.0, 474.0, 462.0, 473.0, 504.0, 583.0, 646.0, 678.0, 730.0, 757.0, 723.0, 744.0, 744.0, 740.0, 737.0, 728.0, 776.0, 1016.0, 1003.0, 983.0, 1057.0, 1144.0, 1229.0]"
late plan,57,opening,4,500.4,True,,1201.0,"[0.0, 24.0, 89.0, 110.0, 124.0, 152.0, 206.0, 259.0, 255.0, 275.0, 293.0, 297.0, 339.0, 371.0, 377.0, 433.0, 445.0, 461.0, 453.0, 460.0, 491.0, 514.0, 542.0, 557.0, 594.0, 625.0, 673.0, 702.0, 685.0, 696.0, 720.0, 960.0, 1009.0, 1021.0, 960.0, 991.0, 904.0, 964.0, 1008.0, 1023.0, 1067.0, 1068.0, 1105.0, 1064.0, 1088.0, 1057.0, 1060.0, 1116.0, 1117.0, 1120.0, 1098.0, 1129.0, 1201.0]"
late plan,57,opening,5,465.65,True,,1233.0,"[0.0, 9.0, 46.0, 59.0, 98.0, 147.0, 168.0, 196.0, 224.0, 214.0, 231.0, 265.0, 303.0, 348.0, 389.0, 402.0, 418.0, 455.0, 471.0, 505.0, 505.0, 530.0, 550.0, 555.0, 505.0, 503.0, 566.0, 611.0, 577.0, 624.0, 633.0, 873.0, 894.0, 862.0, 852.0, 864.0, 925.0, 934.0, 969.0, 1041.0, 1050.0, 1094.0, 1144.0, 1233.0]"
late plan,57,opening,6,558.6,True,,1204.0,"[0.0, 44.0, 84.0, 123.0, 139.0, 219.0, 248.0, 261.0, 324.0, 349.0, 364.0, 369.0, 381.0, 434.0, 438.0, 476.0, 502.0, 496.0, 552.0, 566.0, 596.0, 597.0, 610.0, 664.0, 707.0, 724.0, 701.0, 663.0, 667.0, 665.0, 700.0, 940.0, 973.0, 1030.0, 1058.0, 1061.0, 1023.0, 1110.0, 1167.0, 1180.0, 1204.0]"
late plan,57,opening,7,548.55,True,,1219.0,"[0.0, 31.0, 76.0, 92.0, 101.0, 130.0, 165.0, 181.0, 198.0, 209.0, 238.0, 260.0, 281.0, 344.0, 367.0, 413.0, 450.0, 456.0, 516.0, 580.0, 643.0, 646.0, 670.0, 704.0, 737.0, 741.0, 731.0, 723.0, 752.0, 719.0, 716.0, 956.0, 980.0, 1009.0, 1006.0, 1070.0, 1162.0, 1219.0]"
late plan,57,opening,8,468.3,True,,1201.0,"[0.0, 25.0, 41.0, 84.0, 129.0, 156.0, 165.0, 195.0, 229.0, 245.0, 229.0, 238.0, 262.0, 257.0, 264.0, 279.0, 301.0, 336.0, 374.0, 396.0, 450.0, 448.0, 473.0, 564.0, 613.0, 651.0, 723.0, 797.0, 831.0, 880.0, 961.0, 1201.0]"
late plan,57,opening,9,499.75,True,,1236.0,"[0.0, 11.0, 52.0, 63.0, 69.0, 88.0, 134.0, 160.0, 187.0, 203.0, 248.0, 275.0, 300.0, 303.0, 327.0, 369.0, 424.0, 470.0, 436.0, 457.0, 457.0, 515.0, 576.0, 589.0, 613.0, 687.0, 709.0, 722.0, 749.0, 769.0, 767.0, 1007.0, 1053.0, 1081.0, 1081.0, 1118.0, 1088.0, 1090.0, 1124.0, 1178.0, 1236.0]"
late plan,57,opening,10,695.75,True,,1225.0,"[0.0, 59.0, 71.0, 81.0, 115.0, 111.0, 188.0, 242.0, 269.0, 323.0, 361.0, 447.0, 529.0, 590.0, 605.0, 636.0, 652.0, 654.0, 623.0, 634.0, 661.0, 686.0, 722.0, 765.0, 832.0, 887.0, 891.0, 895.0, 937.0, 908.0, 933.0, 1173.0, 1180.0, 1174.0, 1225.0]"
late plan,57,opening,11,630.3,True,,1218.0,"[0.0, 31.0, 76.0, 127.0, 164.0, 194.0, 272.0, 300.0, 312.0, 360.0, 381.0, 405.0, 412.0, 428.0, 446.0, 446.0, 501.0, 547.0, 563.0, 589.0, 608.0, 676.0, 703.0, 751.0, 762.0, 809.0, 810.0, 877.0, 917.0, 975.0, 978.0, 1218.0]"
late plan,57,opening,12,490.15,True,,1246.0,"[0.0, 30.0, 50.0, 64.0, 71.0, 102.0, 134.0, 171.0, 195.0, 229.0, 240.0, 255.0, 283.0, 319.0, 332.0, 315.0, 352.0, 356.0, 370.0, 435.0, 494.0, 505.0, 551.0, 621.0, 646.0, 697.0, 720.0, 739.0, 789.0, 784.0, 817.0, 1057.0, 1033.0, 978.0, 993.0, 1006.0, 1022.0, 1051.0, 1038.0, 1045.0, 1144.0, 1196.0, 1185.0, 1246.0]"
late plan,57,opening,13,390.9,True,,1224.0,"[0.0, 41.0, 67.0, 72.0, 102.0, 92.0, 126.0, 142.0, 134.0, 165.0, 210.0, 270.0, 271.0, 282.0, 285.0, 334.0, 342.0, 353.0, 361.0, 383.0, 347.0, 400.0, 388.0, 444.0, 443.0, 465.0, 538.0, 557.0, 555.0, 590.0, 575.0, 815.0, 828.0, 895.0, 906.0, 931.0, 971.0, 1057.0, 987.0, 1046.0, 1038.0, 1073.0, 1143.0, 1224.0]"
late plan,57,opening,14,444.3,True,,1226.0,"[0.0, 27.0, 66.0, 96.0, 155.0, 199.0, 246.0, 276.0, 261.0, 305.0, 283.0, 295.0, 309.0, 322.0, 339.0, 343.0, 404.0, 434.0, 428.0, 452.0, 437.0, 472.0, 507.0, 511.0, 547.0, 563.0, 558.0, 590.0, 555.0, 537.0, 567.0, 807.0, 832.0, 897.0, 920.0, 906.0, 917.0, 941.0, 968.0, 963.0, 963.0, 980.0, 1024.0, 1047.0, 1088.0, 1124.0, 1190.0, 1176.0, 1164.0, 1226.0]"
late plan,57,opening,15,372.6,True,,1249.0,"[0.0, 29.0, 59.0, 81.0, 119.0, 126.0, 158.0, 146.0, 159.0, 206.0, 225.0, 235.0, 252.0, 303.0, 278.0, 284.0, 321.0, 344.0, 344.0, 341.0, 361.0, 412.0, 428.0, 422.0, 443.0, 424.0, 479.0, 487.0, 516.0, 553.0, 527.0, 767.0, 766.0, 816.0, 851.0, 898.0, 975.0, 961.0, 972.0, 976.0, 995.0, 980.0, 1007.0, 1022.0, 1034.0, 1044.0, 1106.0, 1100.0, 1095.0, 1091.0, 1052.0, 1052.0, 1129.0, 1147.0, 1199.0, 1249.0]"
late plan,57,opening,16,463.15,True,,1270.0,"[0.0, 17.0, 44.0, 101.0, 121.0, 187.0, 204.0, 202.0, 266.0, 291.0, 304.0, 340.0, 383.0, 386.0, 397.0, 444.0, 425.0, 423.0, 442.0, 459.0, 482.0, 502.0, 501.0, 518.0, 520.0, 517.0, 483.0, 562.0, 569.0, 606.0, 586.0, 826.0, 875.0, 873.0, 891.0, 979.0, 1040.0, 1030.0, 1048.0, 1001.0, 1043.0, 1093.0, 1136.0, 1189.0, 1270.0]"
late plan,57,opening,17,564.2,True,,1202.0,"[0.0, 44.0, 99.0, 103.0, 140.0, 197.0, 241.0, 241.0, 281.0, 286.0, 286.0, 314.0, 358.0, 396.0, 412.0, 410.0, 457.0, 496.0, 528.0, 510.0, 593.0, 593.0, 608.0, 667.0, 704.0, 735.0, 728.0, 789.0, 840.0, 860.0, 893.0, 1133.0, 1202.0]"
late plan,57,opening,18,671.75,True,,1228.0,"[0.0, 58.0, 80.0, 91.0, 147.0, 184.0, 203.0, 218.0, 244.0, 274.0, 321.0, 370.0, 384.0, 405.0, 452.0, 502.0, 525.0, 535.0, 615.0, 647.0, 720.0, 739.0, 738.0, 801.0, 905.0, 942.0, 941.0, 967.0, 958.0, 968.0, 988.0, 1228.0]"
late plan,57,opening,19,524.2,True,,1212.0,"[0.0, 31.0, 52.0, 90.0, 118.0, 128.0, 150.0, 200.0, 232.0, 264.0, 289.0, 327.0, 327.0, 328.0, 339.0, 397.0, 456.0, 501.0, 547.0, 569.0, 543.0, 558.0, 614.0, 617.0, 607.0, 661.0, 682.0, 695.0, 714.0, 713.0, 685.0, 925.0, 1007.0, 1035.0, 1078.0, 1184.0, 1162.0, 1174.0, 1168.0, 1191.0, 1197.0, 1212.0]"
