office,alpha,patience,rule,explore,history,period,hours_run,new_hours,new_plan,failures_per_day,paid_hours_per_day,fitted_family,fitted_mean,fitted_cv,oracle_hours
R8,0.1,exp30,A,False,0,1,81,73,"[10, 13, 8, 6, 6, 10, 12, 8]",6.07,81.0,exp,32.1,1.0,73
R8,0.1,exp30,A,False,0,2,73,73,"[10, 13, 8, 6, 6, 10, 12, 8]",15.03,73.0,exp,30.5,1.0,73
R8,0.1,exp30,A,False,0,3,73,73,"[10, 13, 8, 6, 6, 10, 12, 8]",14.67,73.0,exp,30.7,1.0,73
R8,0.1,exp30,A,False,0,4,73,73,"[10, 13, 8, 6, 6, 10, 12, 8]",17.37,73.0,exp,30.9,1.0,73
R8,0.1,exp30,A,False,0,5,73,73,"[10, 13, 8, 6, 6, 10, 12, 8]",15.87,73.0,exp,31.1,1.0,73
R8,0.1,exp30,A,False,0,6,73,73,"[10, 13, 8, 6, 6, 10, 12, 8]",13.83,73.0,exp,30.9,1.0,73
R8,0.1,exp30,A,False,0,7,73,73,"[10, 13, 8, 6, 6, 10, 12, 8]",13.1,73.0,exp,30.9,1.0,73
R8,0.1,exp30,A,False,0,8,73,73,"[10, 13, 8, 6, 6, 10, 12, 8]",14.47,73.0,exp,30.6,1.0,73
R8,0.1,exp30,A,False,1,1,81,73,"[10, 13, 8, 6, 6, 10, 12, 8]",6.47,81.0,exp,32.3,1.0,73
R8,0.1,exp30,A,False,1,2,73,73,"[10, 13, 8, 6, 6, 10, 12, 8]",19.37,73.0,exp,31.8,1.0,73
R8,0.1,exp30,A,False,1,3,73,73,"[10, 13, 8, 6, 6, 10, 12, 8]",14.63,73.0,exp,31.0,1.0,73
R8,0.1,exp30,A,False,1,4,73,73,"[10, 13, 8, 6, 6, 10, 12, 8]",14.63,73.0,exp,31.0,1.0,73
R8,0.1,exp30,A,False,1,5,73,73,"[10, 13, 8, 6, 6, 10, 12, 8]",14.13,73.0,exp,30.8,1.0,73
R8,0.1,exp30,A,False,1,6,73,73,"[10, 13, 8, 6, 6, 10, 12, 8]",16.73,73.0,exp,30.5,1.0,73
R8,0.1,exp30,A,False,1,7,73,73,"[10, 13, 8, 6, 6, 10, 12, 8]",15.53,73.0,exp,30.5,1.0,73
R8,0.1,exp30,A,False,1,8,73,73,"[10, 13, 8, 6, 6, 10, 12, 8]",14.53,73.0,exp,30.8,1.0,73
R8,0.1,exp30,A,False,2,1,81,73,"[10, 13, 8, 6, 6, 10, 12, 8]",7.67,81.0,exp,28.5,1.0,73
R8,0.1,exp30,A,False,2,2,73,73,"[10, 13, 8, 6, 6, 10, 12, 8]",13.23,73.0,exp,28.7,1.0,73
R8,0.1,exp30,A,False,2,3,73,73,"[10, 13, 8, 6, 6, 10, 12, 8]",14.03,73.0,exp,30.3,1.0,73
R8,0.1,exp30,A,False,2,4,73,73,"[10, 13, 8, 6, 6, 10, 12, 8]",13.6,73.0,exp,30.5,1.0,73
R8,0.1,exp30,A,False,2,5,73,73,"[10, 13, 8, 6, 6, 10, 12, 8]",17.4,73.0,exp,30.4,1.0,73
R8,0.1,exp30,A,False,2,6,73,73,"[10, 13, 8, 6, 6, 10, 12, 8]",14.73,73.0,exp,29.9,1.0,73
R8,0.1,exp30,A,False,2,7,73,73,"[10, 13, 8, 6, 6, 10, 12, 8]",13.87,73.0,exp,30.0,1.0,73
R8,0.1,exp30,A,False,2,8,73,73,"[10, 13, 8, 6, 6, 10, 12, 8]",19.43,73.0,exp,30.0,1.0,73
R8,0.1,exp30,A,False,3,1,81,73,"[10, 13, 8, 6, 6, 10, 12, 8]",5.57,81.0,exp,34.1,1.0,73
R8,0.1,exp30,A,False,3,2,73,73,"[10, 13, 8, 6, 6, 10, 12, 8]",17.03,73.0,exp,32.0,1.0,73
R8,0.1,exp30,A,False,3,3,73,73,"[10, 13, 8, 6, 6, 10, 12, 8]",16.5,73.0,exp,30.8,1.0,73
R8,0.1,exp30,A,False,3,4,73,73,"[10, 13, 8, 6, 6, 10, 12, 8]",15.27,73.0,exp,30.6,1.0,73
R8,0.1,exp30,A,False,3,5,73,73,"[10, 13, 8, 6, 6, 10, 12, 8]",16.73,73.0,exp,30.9,1.0,73
R8,0.1,exp30,A,False,3,6,73,73,"[10, 13, 8, 6, 6, 10, 12, 8]",14.23,73.0,exp,30.6,1.0,73
R8,0.1,exp30,A,False,3,7,73,73,"[10, 13, 8, 6, 6, 10, 12, 8]",14.0,73.0,exp,30.8,1.0,73
R8,0.1,exp30,A,False,3,8,73,73,"[10, 13, 8, 6, 6, 10, 12, 8]",17.83,73.0,exp,30.9,1.0,73
R8,0.1,exp30,A,False,4,1,81,73,"[10, 13, 8, 6, 6, 10, 12, 8]",6.13,81.0,exp,29.4,1.0,73
R8,0.1,exp30,A,False,4,2,73,73,"[10, 13, 8, 6, 6, 10, 12, 8]",11.63,73.0,exp,29.4,1.0,73
R8,0.1,exp30,A,False,4,3,73,73,"[10, 13, 8, 6, 6, 10, 12, 8]",11.63,73.0,exp,29.7,1.0,73
R8,0.1,exp30,A,False,4,4,73,73,"[10, 13, 8, 6, 6, 10, 12, 8]",11.47,73.0,exp,30.3,1.0,73
R8,0.1,exp30,A,False,4,5,73,73,"[10, 13, 8, 6, 6, 10, 12, 8]",13.47,73.0,exp,30.5,1.0,73
R8,0.1,exp30,A,False,4,6,73,73,"[10, 13, 8, 6, 6, 10, 12, 8]",15.23,73.0,exp,30.4,1.0,73
R8,0.1,exp30,A,False,4,7,73,73,"[10, 13, 8, 6, 6, 10, 12, 8]",12.33,73.0,exp,30.5,1.0,73
R8,0.1,exp30,A,False,4,8,73,73,"[10, 13, 8, 6, 6, 10, 12, 8]",16.0,73.0,exp,30.5,1.0,73
R8,0.1,exp30,A,False,5,1,81,73,"[10, 13, 8, 6, 6, 10, 12, 8]",8.6,81.0,exp,31.4,1.0,73
R8,0.1,exp30,A,False,5,2,73,73,"[10, 13, 8, 6, 6, 10, 12, 8]",12.7,73.0,exp,32.8,1.0,73
R8,0.1,exp30,A,False,5,3,73,73,"[10, 13, 8, 6, 6, 10, 12, 8]",13.63,73.0,exp,31.4,1.0,73
R8,0.1,exp30,A,False,5,4,73,73,"[10, 13, 8, 6, 6, 10, 12, 8]",15.07,73.0,exp,30.2,1.0,73
R8,0.1,exp30,A,False,5,5,73,73,"[10, 13, 8, 6, 6, 10, 12, 8]",16.23,73.0,exp,30.3,1.0,73
R8,0.1,exp30,A,False,5,6,73,73,"[10, 13, 8, 6, 6, 10, 12, 8]",17.03,73.0,exp,30.1,1.0,73
R8,0.1,exp30,A,False,5,7,73,73,"[10, 13, 8, 6, 6, 10, 12, 8]",18.43,73.0,exp,29.9,1.0,73
R8,0.1,exp30,A,False,5,8,73,73,"[10, 13, 8, 6, 6, 10, 12, 8]",15.3,73.0,exp,29.8,1.0,73
R8,0.1,exp30,A,False,6,1,81,73,"[10, 13, 8, 6, 6, 10, 12, 8]",6.97,81.0,exp,29.5,1.0,73
R8,0.1,exp30,A,False,6,2,73,73,"[10, 13, 8, 6, 6, 10, 12, 8]",13.93,73.0,exp,29.5,1.0,73
R8,0.1,exp30,A,False,6,3,73,73,"[10, 13, 8, 6, 6, 10, 12, 8]",15.9,73.0,exp,30.4,1.0,73
R8,0.1,exp30,A,False,6,4,73,73,"[10, 13, 8, 6, 6, 10, 12, 8]",13.53,73.0,exp,31.6,1.0,73
R8,0.1,exp30,A,False,6,5,73,73,"[10, 13, 8, 6, 6, 10, 12, 8]",17.93,73.0,exp,31.0,1.0,73
R8,0.1,exp30,A,False,6,6,73,73,"[10, 13, 8, 6, 6, 10, 12, 8]",13.33,73.0,exp,30.6,1.0,73
R8,0.1,exp30,A,False,6,7,73,73,"[10, 13, 8, 6, 6, 10, 12, 8]",10.87,73.0,exp,30.7,1.0,73
R8,0.1,exp30,A,False,6,8,73,73,"[10, 13, 8, 6, 6, 10, 12, 8]",16.9,73.0,exp,30.3,1.0,73
R8,0.1,exp30,A,False,7,1,81,73,"[10, 13, 8, 6, 6, 10, 12, 8]",9.17,81.0,exp,34.6,1.0,73
R8,0.1,exp30,A,False,7,2,73,73,"[10, 13, 8, 6, 6, 10, 12, 8]",19.6,73.0,exp,32.5,1.0,73
R8,0.1,exp30,A,False,7,3,73,73,"[10, 13, 8, 6, 6, 10, 12, 8]",12.73,73.0,exp,32.1,1.0,73
R8,0.1,exp30,A,False,7,4,73,73,"[10, 13, 8, 6, 6, 10, 12, 8]",12.53,73.0,exp,31.7,1.0,73
R8,0.1,exp30,A,False,7,5,73,73,"[10, 13, 8, 6, 6, 10, 12, 8]",16.37,73.0,exp,31.4,1.0,73
R8,0.1,exp30,A,False,7,6,73,73,"[10, 13, 8, 6, 6, 10, 12, 8]",15.77,73.0,exp,31.1,1.0,73
R8,0.1,exp30,A,False,7,7,73,73,"[10, 13, 8, 6, 6, 10, 12, 8]",13.9,73.0,exp,30.7,1.0,73
R8,0.1,exp30,A,False,7,8,73,73,"[10, 13, 8, 6, 6, 10, 12, 8]",16.43,73.0,exp,30.3,1.0,73
R8,0.1,exp30,A,False,8,1,81,73,"[10, 13, 8, 6, 6, 10, 12, 8]",7.87,81.0,exp,33.8,1.0,73
R8,0.1,exp30,A,False,8,2,73,73,"[10, 13, 8, 6, 6, 10, 12, 8]",15.9,73.0,exp,31.1,1.0,73
R8,0.1,exp30,A,False,8,3,73,73,"[10, 13, 8, 6, 6, 10, 12, 8]",14.87,73.0,exp,30.6,1.0,73
R8,0.1,exp30,A,False,8,4,73,73,"[10, 13, 8, 6, 6, 10, 12, 8]",15.7,73.0,exp,30.4,1.0,73
R8,0.1,exp30,A,False,8,5,73,73,"[10, 13, 8, 6, 6, 10, 12, 8]",14.93,73.0,exp,30.6,1.0,73
R8,0.1,exp30,A,False,8,6,73,73,"[10, 13, 8, 6, 6, 10, 12, 8]",12.93,73.0,exp,30.9,1.0,73
R8,0.1,exp30,A,False,8,7,73,73,"[10, 13, 8, 6, 6, 10, 12, 8]",13.77,73.0,exp,30.8,1.0,73
R8,0.1,exp30,A,False,8,8,73,73,"[10, 13, 8, 6, 6, 10, 12, 8]",18.13,73.0,exp,30.8,1.0,73
R8,0.1,exp30,A,False,9,1,81,73,"[10, 13, 8, 6, 6, 10, 12, 8]",7.77,81.0,exp,29.5,1.0,73
R8,0.1,exp30,A,False,9,2,73,73,"[10, 13, 8, 6, 6, 10, 12, 8]",10.63,73.0,exp,28.7,1.0,73
R8,0.1,exp30,A,False,9,3,73,73,"[10, 13, 8, 6, 6, 10, 12, 8]",13.67,73.0,exp,30.3,1.0,73
R8,0.1,exp30,A,False,9,4,73,73,"[10, 13, 8, 6, 6, 10, 12, 8]",16.93,73.0,exp,30.0,1.0,73
R8,0.1,exp30,A,False,9,5,73,73,"[10, 13, 8, 6, 6, 10, 12, 8]",19.17,73.0,exp,30.3,1.0,73
R8,0.1,exp30,A,False,9,6,73,73,"[10, 13, 8, 6, 6, 10, 12, 8]",13.73,73.0,exp,30.2,1.0,73
R8,0.1,exp30,A,False,9,7,73,73,"[10, 13, 8, 6, 6, 10, 12, 8]",15.37,73.0,exp,29.6,1.0,73
R8,0.1,exp30,A,False,9,8,73,73,"[10, 13, 8, 6, 6, 10, 12, 8]",14.97,73.0,exp,29.6,1.0,73
R8,0.1,exp30,B,False,0,1,81,73,"[10, 13, 8, 6, 6, 10, 12, 8]",6.07,81.0,exp,32.1,1.0,73
R8,0.1,exp30,B,False,0,2,73,73,"[10, 13, 8, 6, 6, 10, 12, 8]",15.03,73.0,exp,30.5,1.0,73
R8,0.1,exp30,B,False,0,3,73,73,"[10, 13, 8, 6, 6, 10, 12, 8]",14.67,73.0,exp,30.7,1.0,73
R8,0.1,exp30,B,False,0,4,73,73,"[10, 13, 8, 6, 6, 10, 12, 8]",17.37,73.0,exp,30.9,1.0,73
R8,0.1,exp30,B,False,0,5,73,73,"[10, 13, 8, 6, 6, 10, 12, 8]",15.87,73.0,exp,31.1,1.0,73
R8,0.1,exp30,B,False,0,6,73,73,"[10, 13, 8, 6, 6, 10, 12, 8]",13.83,73.0,exp,30.9,1.0,73
R8,0.1,exp30,B,False,0,7,73,73,"[10, 13, 8, 6, 6, 10, 12, 8]",13.1,73.0,exp,30.9,1.0,73
R8,0.1,exp30,B,False,0,8,73,73,"[10, 13, 8, 6, 6, 10, 12, 8]",14.47,73.0,exp,30.6,1.0,73
R8,0.1,exp30,B,False,1,1,81,73,"[10, 13, 8, 6, 6, 10, 12, 8]",6.47,81.0,exp,32.3,1.0,73
R8,0.1,exp30,B,False,1,2,73,73,"[10, 13, 8, 6, 6, 10, 12, 8]",19.37,73.0,exp,31.8,1.0,73
R8,0.1,exp30,B,False,1,3,73,73,"[10, 13, 8, 6, 6, 10, 12, 8]",14.63,73.0,exp,31.0,1.0,73
R8,0.1,exp30,B,False,1,4,73,73,"[10, 13, 8, 6, 6, 10, 12, 8]",14.63,73.0,exp,31.0,1.0,73
R8,0.1,exp30,B,False,1,5,73,73,"[10, 13, 8, 6, 6, 10, 12, 8]",14.13,73.0,exp,30.8,1.0,73
R8,0.1,exp30,B,False,1,6,73,73,"[10, 13, 8, 6, 6, 10, 12, 8]",16.73,73.0,exp,30.5,1.0,73
R8,0.1,exp30,B,False,1,7,73,73,"[10, 13, 8, 6, 6, 10, 12, 8]",15.53,73.0,exp,30.5,1.0,73
R8,0.1,exp30,B,False,1,8,73,73,"[10, 13, 8, 6, 6, 10, 12, 8]",14.53,73.0,exp,30.8,1.0,73
R8,0.1,exp30,B,False,2,1,81,73,"[10, 13, 8, 6, 6, 10, 12, 8]",7.67,81.0,exp,28.5,1.0,73
R8,0.1,exp30,B,False,2,2,73,73,"[10, 13, 8, 6, 6, 10, 12, 8]",13.23,73.0,exp,28.7,1.0,73
R8,0.1,exp30,B,False,2,3,73,73,"[10, 13, 8, 6, 6, 10, 12, 8]",14.03,73.0,exp,30.3,1.0,73
R8,0.1,exp30,B,False,2,4,73,73,"[10, 13, 8, 6, 6, 10, 12, 8]",13.6,73.0,exp,30.5,1.0,73
R8,0.1,exp30,B,False,2,5,73,73,"[10, 13, 8, 6, 6, 10, 12, 8]",17.4,73.0,exp,30.4,1.0,73
R8,0.1,exp30,B,False,2,6,73,73,"[10, 13, 8, 6, 6, 10, 12, 8]",14.73,73.0,exp,29.9,1.0,73
R8,0.1,exp30,B,False,2,7,73,73,"[10, 13, 8, 6, 6, 10, 12, 8]",13.87,73.0,exp,30.0,1.0,73
R8,0.1,exp30,B,False,2,8,73,73,"[10, 13, 8, 6, 6, 10, 12, 8]",19.43,73.0,exp,30.0,1.0,73
R8,0.1,exp30,B,False,3,1,81,73,"[10, 13, 8, 6, 6, 10, 12, 8]",5.57,81.0,exp,34.1,1.0,73
R8,0.1,exp30,B,False,3,2,73,73,"[10, 13, 8, 6, 6, 10, 12, 8]",17.03,73.0,exp,32.0,1.0,73
R8,0.1,exp30,B,False,3,3,73,73,"[10, 13, 8, 6, 6, 10, 12, 8]",16.5,73.0,exp,30.8,1.0,73
R8,0.1,exp30,B,False,3,4,73,73,"[10, 13, 8, 6, 6, 10, 12, 8]",15.27,73.0,exp,30.6,1.0,73
R8,0.1,exp30,B,False,3,5,73,73,"[10, 13, 8, 6, 6, 10, 12, 8]",16.73,73.0,exp,30.9,1.0,73
R8,0.1,exp30,B,False,3,6,73,73,"[10, 13, 8, 6, 6, 10, 12, 8]",14.23,73.0,exp,30.6,1.0,73
R8,0.1,exp30,B,False,3,7,73,73,"[10, 13, 8, 6, 6, 10, 12, 8]",14.0,73.0,exp,30.8,1.0,73
R8,0.1,exp30,B,False,3,8,73,73,"[10, 13, 8, 6, 6, 10, 12, 8]",17.83,73.0,exp,30.9,1.0,73
R8,0.1,exp30,B,False,4,1,81,73,"[10, 13, 8, 6, 6, 10, 12, 8]",6.13,81.0,exp,29.4,1.0,73
R8,0.1,exp30,B,False,4,2,73,73,"[10, 13, 8, 6, 6, 10, 12, 8]",11.63,73.0,exp,29.4,1.0,73
R8,0.1,exp30,B,False,4,3,73,73,"[10, 13, 8, 6, 6, 10, 12, 8]",11.63,73.0,exp,29.7,1.0,73
R8,0.1,exp30,B,False,4,4,73,73,"[10, 13, 8, 6, 6, 10, 12, 8]",11.47,73.0,exp,30.3,1.0,73
R8,0.1,exp30,B,False,4,5,73,73,"[10, 13, 8, 6, 6, 10, 12, 8]",13.47,73.0,exp,30.5,1.0,73
R8,0.1,exp30,B,False,4,6,73,73,"[10, 13, 8, 6, 6, 10, 12, 8]",15.23,73.0,exp,30.4,1.0,73
R8,0.1,exp30,B,False,4,7,73,73,"[10, 13, 8, 6, 6, 10, 12, 8]",12.33,73.0,exp,30.5,1.0,73
R8,0.1,exp30,B,False,4,8,73,73,"[10, 13, 8, 6, 6, 10, 12, 8]",16.0,73.0,exp,30.5,1.0,73
R8,0.1,exp30,B,False,5,1,81,73,"[10, 13, 8, 6, 6, 10, 12, 8]",8.6,81.0,exp,31.4,1.0,73
R8,0.1,exp30,B,False,5,2,73,73,"[10, 13, 8, 6, 6, 10, 12, 8]",12.7,73.0,exp,32.8,1.0,73
R8,0.1,exp30,B,False,5,3,73,73,"[10, 13, 8, 6, 6, 10, 12, 8]",13.63,73.0,exp,31.4,1.0,73
R8,0.1,exp30,B,False,5,4,73,73,"[10, 13, 8, 6, 6, 10, 12, 8]",15.07,73.0,exp,30.2,1.0,73
R8,0.1,exp30,B,False,5,5,73,73,"[10, 13, 8, 6, 6, 10, 12, 8]",16.23,73.0,exp,30.3,1.0,73
R8,0.1,exp30,B,False,5,6,73,73,"[10, 13, 8, 6, 6, 10, 12, 8]",17.03,73.0,exp,30.1,1.0,73
R8,0.1,exp30,B,False,5,7,73,73,"[10, 13, 8, 6, 6, 10, 12, 8]",18.43,73.0,exp,29.9,1.0,73
R8,0.1,exp30,B,False,5,8,73,73,"[10, 13, 8, 6, 6, 10, 12, 8]",15.3,73.0,exp,29.8,1.0,73
R8,0.1,exp30,B,False,6,1,81,74,"[10, 14, 8, 6, 6, 10, 12, 8]",6.97,81.0,lognormal,415.1,9.896,73
R8,0.1,exp30,B,False,6,2,74,73,"[10, 13, 8, 6, 6, 10, 12, 8]",12.53,74.0,exp,30.5,1.0,73
R8,0.1,exp30,B,False,6,3,73,73,"[10, 13, 8, 6, 6, 10, 12, 8]",15.9,73.0,lognormal,248.3,6.934,73
R8,0.1,exp30,B,False,6,4,73,73,"[10, 13, 8, 6, 6, 10, 12, 8]",13.53,73.0,exp,32.1,1.0,73
R8,0.1,exp30,B,False,6,5,73,73,"[10, 13, 8, 6, 6, 10, 12, 8]",17.93,73.0,exp,31.4,1.0,73
R8,0.1,exp30,B,False,6,6,73,73,"[10, 13, 8, 6, 6, 10, 12, 8]",13.33,73.0,exp,30.9,1.0,73
R8,0.1,exp30,B,False,6,7,73,73,"[10, 13, 8, 6, 6, 10, 12, 8]",10.87,73.0,exp,30.9,1.0,73
R8,0.1,exp30,B,False,6,8,73,73,"[10, 13, 8, 6, 6, 10, 12, 8]",16.9,73.0,exp,30.5,1.0,73
R8,0.1,exp30,B,False,7,1,81,73,"[10, 13, 8, 6, 6, 10, 12, 8]",9.17,81.0,lognormal,198.3,5.55,73
R8,0.1,exp30,B,False,7,2,73,73,"[10, 13, 8, 6, 6, 10, 12, 8]",19.6,73.0,exp,32.5,1.0,73
R8,0.1,exp30,B,False,7,3,73,73,"[10, 13, 8, 6, 6, 10, 12, 8]",12.73,73.0,exp,32.1,1.0,73
R8,0.1,exp30,B,False,7,4,73,73,"[10, 13, 8, 6, 6, 10, 12, 8]",12.53,73.0,exp,31.7,1.0,73
R8,0.1,exp30,B,False,7,5,73,73,"[10, 13, 8, 6, 6, 10, 12, 8]",16.37,73.0,exp,31.4,1.0,73
R8,0.1,exp30,B,False,7,6,73,73,"[10, 13, 8, 6, 6, 10, 12, 8]",15.77,73.0,exp,31.1,1.0,73
R8,0.1,exp30,B,False,7,7,73,73,"[10, 13, 8, 6, 6, 10, 12, 8]",13.9,73.0,exp,30.7,1.0,73
R8,0.1,exp30,B,False,7,8,73,73,"[10, 13, 8, 6, 6, 10, 12, 8]",16.43,73.0,exp,30.3,1.0,73
R8,0.1,exp30,B,False,8,1,81,73,"[10, 13, 8, 6, 6, 10, 12, 8]",7.87,81.0,lognormal,80.6,3.04,73
R8,0.1,exp30,B,False,8,2,73,73,"[10, 13, 8, 6, 6, 10, 12, 8]",15.9,73.0,exp,31.1,1.0,73
R8,0.1,exp30,B,False,8,3,73,73,"[10, 13, 8, 6, 6, 10, 12, 8]",14.87,73.0,exp,30.6,1.0,73
R8,0.1,exp30,B,False,8,4,73,73,"[10, 13, 8, 6, 6, 10, 12, 8]",15.7,73.0,exp,30.4,1.0,73
R8,0.1,exp30,B,False,8,5,73,73,"[10, 13, 8, 6, 6, 10, 12, 8]",14.93,73.0,exp,30.6,1.0,73
R8,0.1,exp30,B,False,8,6,73,73,"[10, 13, 8, 6, 6, 10, 12, 8]",12.93,73.0,exp,30.9,1.0,73
R8,0.1,exp30,B,False,8,7,73,73,"[10, 13, 8, 6, 6, 10, 12, 8]",13.77,73.0,exp,30.8,1.0,73
R8,0.1,exp30,B,False,8,8,73,73,"[10, 13, 8, 6, 6, 10, 12, 8]",18.13,73.0,exp,30.8,1.0,73
R8,0.1,exp30,B,False,9,1,81,73,"[10, 13, 8, 6, 6, 10, 12, 8]",7.77,81.0,exp,29.5,1.0,73
R8,0.1,exp30,B,False,9,2,73,73,"[10, 13, 8, 6, 6, 10, 12, 8]",10.63,73.0,exp,28.7,1.0,73
R8,0.1,exp30,B,False,9,3,73,73,"[10, 13, 8, 6, 6, 10, 12, 8]",13.67,73.0,exp,30.3,1.0,73
R8,0.1,exp30,B,False,9,4,73,73,"[10, 13, 8, 6, 6, 10, 12, 8]",16.93,73.0,exp,30.0,1.0,73
R8,0.1,exp30,B,False,9,5,73,73,"[10, 13, 8, 6, 6, 10, 12, 8]",19.17,73.0,exp,30.3,1.0,73
R8,0.1,exp30,B,False,9,6,73,73,"[10, 13, 8, 6, 6, 10, 12, 8]",13.73,73.0,exp,30.2,1.0,73
R8,0.1,exp30,B,False,9,7,73,73,"[10, 13, 8, 6, 6, 10, 12, 8]",15.37,73.0,exp,29.6,1.0,73
R8,0.1,exp30,B,False,9,8,73,73,"[10, 13, 8, 6, 6, 10, 12, 8]",14.97,73.0,exp,29.6,1.0,73
R8,0.1,exp30,A,True,0,1,81,73,"[10, 13, 8, 6, 6, 10, 12, 8]",7.1,80.2,exp,32.2,1.0,73
R8,0.1,exp30,A,True,0,2,73,73,"[10, 13, 8, 6, 6, 10, 12, 8]",17.47,72.2,exp,30.7,1.0,73
R8,0.1,exp30,A,True,0,3,73,73,"[10, 13, 8, 6, 6, 10, 12, 8]",15.8,72.2,exp,30.8,1.0,73
R8,0.1,exp30,A,True,0,4,73,73,"[10, 13, 8, 6, 6, 10, 12, 8]",18.37,72.2,exp,30.9,1.0,73
R8,0.1,exp30,A,True,0,5,73,73,"[10, 13, 8, 6, 6, 10, 12, 8]",17.07,72.2,exp,31.2,1.0,73
R8,0.1,exp30,A,True,0,6,73,73,"[10, 13, 8, 6, 6, 10, 12, 8]",15.17,72.2,exp,31.1,1.0,73
R8,0.1,exp30,A,True,0,7,73,73,"[10, 13, 8, 6, 6, 10, 12, 8]",14.03,72.2,exp,31.0,1.0,73
R8,0.1,exp30,A,True,0,8,73,73,"[10, 13, 8, 6, 6, 10, 12, 8]",15.27,72.2,exp,30.8,1.0,73
R8,0.1,exp30,A,True,1,1,81,73,"[10, 13, 8, 6, 6, 10, 12, 8]",7.47,80.2,exp,31.2,1.0,73
R8,0.1,exp30,A,True,1,2,73,73,"[10, 13, 8, 6, 6, 10, 12, 8]",20.63,72.2,exp,31.0,1.0,73
R8,0.1,exp30,A,True,1,3,73,73,"[10, 13, 8, 6, 6, 10, 12, 8]",15.7,72.2,exp,30.4,1.0,73
R8,0.1,exp30,A,True,1,4,73,73,"[10, 13, 8, 6, 6, 10, 12, 8]",16.0,72.2,exp,30.6,1.0,73
R8,0.1,exp30,A,True,1,5,73,73,"[10, 13, 8, 6, 6, 10, 12, 8]",16.1,72.2,exp,30.5,1.0,73
R8,0.1,exp30,A,True,1,6,73,73,"[10, 13, 8, 6, 6, 10, 12, 8]",17.77,72.2,exp,30.2,1.0,73
R8,0.1,exp30,A,True,1,7,73,73,"[10, 13, 8, 6, 6, 10, 12, 8]",16.63,72.2,exp,30.2,1.0,73
R8,0.1,exp30,A,True,1,8,73,73,"[10, 13, 8, 6, 6, 10, 12, 8]",15.67,72.2,exp,30.6,1.0,73
R8,0.1,exp30,A,True,2,1,81,73,"[10, 13, 8, 6, 6, 10, 12, 8]",8.53,80.2,exp,27.8,1.0,73
R8,0.1,exp30,A,True,2,2,73,73,"[10, 13, 8, 6, 6, 10, 12, 8]",13.67,72.2,exp,28.7,1.0,73
R8,0.1,exp30,A,True,2,3,73,73,"[10, 13, 8, 6, 6, 10, 12, 8]",15.27,72.2,exp,30.6,1.0,73
R8,0.1,exp30,A,True,2,4,73,73,"[10, 13, 8, 6, 6, 10, 12, 8]",14.03,72.2,exp,30.8,1.0,73
R8,0.1,exp30,A,True,2,5,73,73,"[10, 13, 8, 6, 6, 10, 12, 8]",18.77,72.2,exp,30.5,1.0,73
R8,0.1,exp30,A,True,2,6,73,73,"[10, 13, 8, 6, 6, 10, 12, 8]",15.6,72.2,exp,30.0,1.0,73
R8,0.1,exp30,A,True,2,7,73,73,"[10, 13, 8, 6, 6, 10, 12, 8]",14.53,72.2,exp,30.1,1.0,73
R8,0.1,exp30,A,True,2,8,73,73,"[10, 13, 8, 6, 6, 10, 12, 8]",21.2,72.2,exp,30.1,1.0,73
R8,0.1,exp30,A,True,3,1,81,73,"[10, 13, 8, 6, 6, 10, 12, 8]",5.77,80.2,exp,34.1,1.0,73
R8,0.1,exp30,A,True,3,2,73,73,"[10, 13, 8, 6, 6, 10, 12, 8]",18.27,72.2,exp,32.1,1.0,73
R8,0.1,exp30,A,True,3,3,73,73,"[10, 13, 8, 6, 6, 10, 12, 8]",17.3,72.2,exp,30.9,1.0,73
R8,0.1,exp30,A,True,3,4,73,73,"[10, 13, 8, 6, 6, 10, 12, 8]",16.57,72.2,exp,30.5,1.0,73
R8,0.1,exp30,A,True,3,5,73,73,"[10, 13, 8, 6, 6, 10, 12, 8]",18.13,72.2,exp,30.8,1.0,73
R8,0.1,exp30,A,True,3,6,73,73,"[10, 13, 8, 6, 6, 10, 12, 8]",15.23,72.2,exp,30.4,1.0,73
R8,0.1,exp30,A,True,3,7,73,73,"[10, 13, 8, 6, 6, 10, 12, 8]",15.13,72.2,exp,30.7,1.0,73
R8,0.1,exp30,A,True,3,8,73,73,"[10, 13, 8, 6, 6, 10, 12, 8]",19.2,72.2,exp,30.9,1.0,73
R8,0.1,exp30,A,True,4,1,81,73,"[10, 13, 8, 6, 6, 10, 12, 8]",6.8,80.2,exp,29.0,1.0,73
R8,0.1,exp30,A,True,4,2,73,73,"[10, 13, 8, 6, 6, 10, 12, 8]",12.17,72.2,exp,29.1,1.0,73
R8,0.1,exp30,A,True,4,3,73,73,"[10, 13, 8, 6, 6, 10, 12, 8]",12.43,72.2,exp,29.9,1.0,73
R8,0.1,exp30,A,True,4,4,73,73,"[10, 13, 8, 6, 6, 10, 12, 8]",11.93,72.2,exp,30.5,1.0,73
R8,0.1,exp30,A,True,4,5,73,73,"[10, 13, 8, 6, 6, 10, 12, 8]",14.83,72.2,exp,30.4,1.0,73
R8,0.1,exp30,A,True,4,6,73,73,"[10, 13, 8, 6, 6, 10, 12, 8]",16.03,72.2,exp,30.4,1.0,73
R8,0.1,exp30,A,True,4,7,73,73,"[10, 13, 8, 6, 6, 10, 12, 8]",13.03,72.2,exp,30.6,1.0,73
R8,0.1,exp30,A,True,4,8,73,73,"[10, 13, 8, 6, 6, 10, 12, 8]",17.33,72.2,exp,30.6,1.0,73
R8,0.1,exp30,A,True,5,1,81,73,"[10, 13, 8, 6, 6, 10, 12, 8]",9.73,80.2,exp,31.6,1.0,73
R8,0.1,exp30,A,True,5,2,73,73,"[10, 13, 8, 6, 6, 10, 12, 8]",13.4,72.2,exp,32.9,1.0,73
R8,0.1,exp30,A,True,5,3,73,73,"[10, 13, 8, 6, 6, 10, 12, 8]",14.57,72.2,exp,31.4,1.0,73
R8,0.1,exp30,A,True,5,4,73,73,"[10, 13, 8, 6, 6, 10, 12, 8]",16.9,72.2,exp,30.3,1.0,73
R8,0.1,exp30,A,True,5,5,73,73,"[10, 13, 8, 6, 6, 10, 12, 8]",17.83,72.2,exp,30.5,1.0,73
R8,0.1,exp30,A,True,5,6,73,73,"[10, 13, 8, 6, 6, 10, 12, 8]",18.23,72.2,exp,30.3,1.0,73
R8,0.1,exp30,A,True,5,7,73,73,"[10, 13, 8, 6, 6, 10, 12, 8]",19.93,72.2,exp,30.2,1.0,73
R8,0.1,exp30,A,True,5,8,73,73,"[10, 13, 8, 6, 6, 10, 12, 8]",16.77,72.2,exp,30.1,1.0,73
R8,0.1,exp30,A,True,6,1,81,73,"[10, 13, 8, 6, 6, 10, 12, 8]",7.57,80.2,exp,29.1,1.0,73
R8,0.1,exp30,A,True,6,2,73,73,"[10, 13, 8, 6, 6, 10, 12, 8]",14.47,72.2,exp,29.2,1.0,73
R8,0.1,exp30,A,True,6,3,73,73,"[10, 13, 8, 6, 6, 10, 12, 8]",17.47,72.2,exp,30.3,1.0,73
R8,0.1,exp30,A,True,6,4,73,73,"[10, 13, 8, 6, 6, 10, 12, 8]",14.5,72.2,exp,31.5,1.0,73
R8,0.1,exp30,A,True,6,5,73,73,"[10, 13, 8, 6, 6, 10, 12, 8]",19.1,72.2,exp,31.1,1.0,73
R8,0.1,exp30,A,True,6,6,73,73,"[10, 13, 8, 6, 6, 10, 12, 8]",14.5,72.2,exp,30.7,1.0,73
R8,0.1,exp30,A,True,6,7,73,73,"[10, 13, 8, 6, 6, 10, 12, 8]",11.57,72.2,exp,30.8,1.0,73
R8,0.1,exp30,A,True,6,8,73,73,"[10, 13, 8, 6, 6, 10, 12, 8]",17.9,72.2,exp,30.4,1.0,73
R8,0.1,exp30,A,True,7,1,81,73,"[10, 13, 8, 6, 6, 10, 12, 8]",9.83,80.2,exp,33.8,1.0,73
R8,0.1,exp30,A,True,7,2,73,73,"[10, 13, 8, 6, 6, 10, 12, 8]",20.73,72.2,exp,32.0,1.0,73
R8,0.1,exp30,A,True,7,3,73,73,"[10, 13, 8, 6, 6, 10, 12, 8]",14.03,72.2,exp,31.7,1.0,73
R8,0.1,exp30,A,True,7,4,73,73,"[10, 13, 8, 6, 6, 10, 12, 8]",13.9,72.2,exp,31.6,1.0,73
R8,0.1,exp30,A,True,7,5,73,73,"[10, 13, 8, 6, 6, 10, 12, 8]",17.13,72.2,exp,31.3,1.0,73
R8,0.1,exp30,A,True,7,6,73,73,"[10, 13, 8, 6, 6, 10, 12, 8]",17.17,72.2,exp,30.9,1.0,73
R8,0.1,exp30,A,True,7,7,73,73,"[10, 13, 8, 6, 6, 10, 12, 8]",15.2,72.2,exp,30.6,1.0,73
R8,0.1,exp30,A,True,7,8,73,73,"[10, 13, 8, 6, 6, 10, 12, 8]",17.6,72.2,exp,30.2,1.0,73
R8,0.1,exp30,A,True,8,1,81,73,"[10, 13, 8, 6, 6, 10, 12, 8]",8.4,80.2,exp,33.6,1.0,73
R8,0.1,exp30,A,True,8,2,73,73,"[10, 13, 8, 6, 6, 10, 12, 8]",16.7,72.2,exp,30.9,1.0,73
R8,0.1,exp30,A,True,8,3,73,73,"[10, 13, 8, 6, 6, 10, 12, 8]",16.37,72.2,exp,30.8,1.0,73
R8,0.1,exp30,A,True,8,4,73,73,"[10, 13, 8, 6, 6, 10, 12, 8]",16.53,72.2,exp,30.6,1.0,73
R8,0.1,exp30,A,True,8,5,73,73,"[10, 13, 8, 6, 6, 10, 12, 8]",16.17,72.2,exp,30.7,1.0,73
R8,0.1,exp30,A,True,8,6,73,73,"[10, 13, 8, 6, 6, 10, 12, 8]",14.03,72.2,exp,30.9,1.0,73
R8,0.1,exp30,A,True,8,7,73,73,"[10, 13, 8, 6, 6, 10, 12, 8]",14.63,72.2,exp,30.9,1.0,73
R8,0.1,exp30,A,True,8,8,73,73,"[10, 13, 8, 6, 6, 10, 12, 8]",18.97,72.2,exp,30.7,1.0,73
R8,0.1,exp30,A,True,9,1,81,73,"[10, 13, 8, 6, 6, 10, 12, 8]",8.47,80.2,exp,29.4,1.0,73
R8,0.1,exp30,A,True,9,2,73,73,"[10, 13, 8, 6, 6, 10, 12, 8]",11.63,72.2,exp,28.5,1.0,73
R8,0.1,exp30,A,True,9,3,73,73,"[10, 13, 8, 6, 6, 10, 12, 8]",14.97,72.2,exp,29.7,1.0,73
R8,0.1,exp30,A,True,9,4,73,73,"[10, 13, 8, 6, 6, 10, 12, 8]",17.93,72.2,exp,29.8,1.0,73
R8,0.1,exp30,A,True,9,5,73,73,"[10, 13, 8, 6, 6, 10, 12, 8]",20.83,72.2,exp,30.0,1.0,73
R8,0.1,exp30,A,True,9,6,73,73,"[10, 13, 8, 6, 6, 10, 12, 8]",15.3,72.2,exp,30.1,1.0,73
R8,0.1,exp30,A,True,9,7,73,73,"[10, 13, 8, 6, 6, 10, 12, 8]",16.3,72.2,exp,29.7,1.0,73
R8,0.1,exp30,A,True,9,8,73,73,"[10, 13, 8, 6, 6, 10, 12, 8]",16.33,72.2,exp,29.6,1.0,73
R8,0.1,logn30,A,False,0,1,81,80,"[11, 15, 9, 6, 6, 11, 13, 9]",3.73,81.0,exp,366.4,1.0,77
R8,0.1,logn30,A,False,0,2,80,80,"[11, 15, 9, 6, 6, 11, 13, 9]",5.37,80.0,exp,308.0,1.0,77
R8,0.1,logn30,A,False,0,3,80,78,"[11, 15, 8, 6, 6, 11, 13, 8]",5.0,80.0,exp,252.2,1.0,77
R8,0.1,logn30,A,False,0,4,78,78,"[11, 15, 8, 6, 6, 11, 13, 8]",9.93,78.0,exp,222.2,1.0,77
R8,0.1,logn30,A,False,0,5,78,77,"[11, 14, 8, 6, 6, 11, 13, 8]",9.13,78.0,exp,210.6,1.0,77
R8,0.1,logn30,A,False,0,6,77,77,"[11, 14, 8, 6, 6, 11, 13, 8]",9.5,77.0,exp,204.7,1.0,77
R8,0.1,logn30,A,False,0,7,77,77,"[11, 14, 8, 6, 6, 11, 13, 8]",6.03,77.0,exp,206.5,1.0,77
R8,0.1,logn30,A,False,0,8,77,77,"[11, 14, 8, 6, 6, 11, 13, 8]",12.17,77.0,exp,194.8,1.0,77
R8,0.1,logn30,A,False,1,1,81,78,"[11, 15, 8, 6, 6, 11, 13, 8]",4.13,81.0,exp,216.9,1.0,77
R8,0.1,logn30,A,False,1,2,78,77,"[11, 14, 8, 6, 6, 11, 13, 8]",15.63,78.0,exp,157.6,1.0,77
R8,0.1,logn30,A,False,1,3,77,77,"[11, 14, 8, 6, 6, 11, 13, 8]",10.1,77.0,exp,152.2,1.0,77
R8,0.1,logn30,A,False,1,4,77,77,"[11, 14, 8, 6, 6, 11, 13, 8]",10.63,77.0,exp,152.6,1.0,77
R8,0.1,logn30,A,False,1,5,77,77,"[11, 14, 8, 6, 6, 11, 13, 8]",10.67,77.0,exp,157.5,1.0,77
R8,0.1,logn30,A,False,1,6,77,77,"[11, 14, 8, 6, 6, 11, 13, 8]",10.13,77.0,exp,160.3,1.0,77
R8,0.1,logn30,A,False,1,7,77,77,"[11, 14, 8, 6, 6, 11, 13, 8]",8.93,77.0,exp,160.8,1.0,77
R8,0.1,logn30,A,False,1,8,77,77,"[11, 14, 8, 6, 6, 11, 13, 8]",8.53,77.0,exp,163.0,1.0,77
R8,0.1,logn30,A,False,2,1,81,80,"[11, 15, 9, 6, 6, 11, 13, 9]",3.83,81.0,exp,341.5,1.0,77
R8,0.1,logn30,A,False,2,2,80,80,"[11, 15, 9, 6, 6, 11, 13, 9]",3.53,80.0,exp,325.6,1.0,77
R8,0.1,logn30,A,False,2,3,80,80,"[11, 15, 9, 6, 6, 11, 13, 9]",3.9,80.0,exp,299.8,1.0,77
R8,0.1,logn30,A,False,2,4,80,78,"[11, 15, 8, 6, 6, 11, 13, 8]",5.97,80.0,exp,270.5,1.0,77
R8,0.1,logn30,A,False,2,5,78,78,"[11, 15, 8, 6, 6, 11, 13, 8]",9.5,78.0,exp,232.0,1.0,77
R8,0.1,logn30,A,False,2,6,78,78,"[11, 15, 8, 6, 6, 11, 13, 8]",6.4,78.0,exp,221.6,1.0,77
R8,0.1,logn30,A,False,2,7,78,78,"[11, 15, 8, 6, 6, 11, 13, 8]",6.03,78.0,exp,219.3,1.0,77
R8,0.1,logn30,A,False,2,8,78,78,"[11, 15, 8, 6, 6, 11, 13, 8]",10.2,78.0,exp,210.8,1.0,77
R8,0.1,logn30,A,False,3,1,81,78,"[11, 15, 8, 6, 6, 11, 13, 8]",2.97,81.0,exp,271.4,1.0,77
R8,0.1,logn30,A,False,3,2,78,77,"[11, 14, 8, 6, 6, 11, 13, 8]",10.33,78.0,exp,185.0,1.0,77
R8,0.1,logn30,A,False,3,3,77,77,"[11, 14, 8, 6, 6, 11, 13, 8]",10.93,77.0,exp,180.3,1.0,77
R8,0.1,logn30,A,False,3,4,77,77,"[11, 14, 8, 6, 6, 11, 13, 8]",12.33,77.0,exp,166.6,1.0,77
R8,0.1,logn30,A,False,3,5,77,77,"[11, 14, 8, 6, 6, 11, 13, 8]",9.93,77.0,exp,165.4,1.0,77
R8,0.1,logn30,A,False,3,6,77,77,"[11, 14, 8, 6, 6, 11, 13, 8]",8.97,77.0,exp,173.3,1.0,77
R8,0.1,logn30,A,False,3,7,77,77,"[11, 14, 8, 6, 6, 11, 13, 8]",8.03,77.0,exp,174.9,1.0,77
R8,0.1,logn30,A,False,3,8,77,77,"[11, 14, 8, 6, 6, 11, 13, 8]",12.9,77.0,exp,169.4,1.0,77
R8,0.1,logn30,A,False,4,1,81,80,"[11, 15, 9, 6, 6, 11, 13, 9]",2.7,81.0,exp,316.2,1.0,77
R8,0.1,logn30,A,False,4,2,80,80,"[11, 15, 9, 6, 6, 11, 13, 9]",3.93,80.0,exp,288.6,1.0,77
R8,0.1,logn30,A,False,4,3,80,80,"[11, 15, 9, 6, 6, 11, 13, 9]",3.27,80.0,exp,310.1,1.0,77
R8,0.1,logn30,A,False,4,4,80,80,"[11, 15, 9, 6, 6, 11, 13, 9]",3.17,80.0,exp,307.4,1.0,77
R8,0.1,logn30,A,False,4,5,80,80,"[11, 15, 9, 6, 6, 11, 13, 9]",5.3,80.0,exp,292.1,1.0,77
R8,0.1,logn30,A,False,4,6,80,80,"[11, 15, 9, 6, 6, 11, 13, 9]",4.0,80.0,exp,275.6,1.0,77
R8,0.1,logn30,A,False,4,7,80,80,"[11, 15, 9, 6, 6, 11, 13, 9]",2.87,80.0,exp,280.7,1.0,77
R8,0.1,logn30,A,False,4,8,80,78,"[11, 15, 8, 6, 6, 11, 13, 8]",6.1,80.0,exp,263.1,1.0,77
R8,0.1,logn30,A,False,5,1,81,78,"[11, 15, 8, 6, 6, 11, 13, 8]",5.6,81.0,exp,214.3,1.0,77
R8,0.1,logn30,A,False,5,2,78,77,"[11, 14, 8, 6, 6, 11, 13, 8]",7.4,78.0,exp,198.1,1.0,77
R8,0.1,logn30,A,False,5,3,77,77,"[11, 14, 8, 6, 6, 11, 13, 8]",7.53,77.0,exp,203.4,1.0,77
R8,0.1,logn30,A,False,5,4,77,77,"[11, 14, 8, 6, 6, 11, 13, 8]",7.27,77.0,exp,205.8,1.0,77
R8,0.1,logn30,A,False,5,5,77,77,"[11, 14, 8, 6, 6, 11, 13, 8]",9.17,77.0,exp,207.6,1.0,77
R8,0.1,logn30,A,False,5,6,77,77,"[11, 14, 8, 6, 6, 11, 13, 8]",10.13,77.0,exp,199.6,1.0,77
R8,0.1,logn30,A,False,5,7,77,77,"[11, 14, 8, 6, 6, 11, 13, 8]",12.3,77.0,exp,193.2,1.0,77
R8,0.1,logn30,A,False,5,8,77,77,"[11, 14, 8, 6, 6, 11, 13, 8]",9.23,77.0,exp,194.4,1.0,77
R8,0.1,logn30,A,False,6,1,81,80,"[11, 15, 9, 6, 6, 11, 13, 9]",3.73,81.0,exp,358.4,1.0,77
R8,0.1,logn30,A,False,6,2,80,78,"[11, 15, 8, 6, 6, 11, 13, 8]",5.87,80.0,exp,271.1,1.0,77
R8,0.1,logn30,A,False,6,3,78,78,"[11, 15, 8, 6, 6, 11, 13, 8]",8.0,78.0,exp,228.4,1.0,77
R8,0.1,logn30,A,False,6,4,78,78,"[11, 15, 8, 6, 6, 11, 13, 8]",7.1,78.0,exp,221.3,1.0,77
R8,0.1,logn30,A,False,6,5,78,77,"[11, 14, 8, 6, 6, 11, 13, 8]",10.4,78.0,exp,205.4,1.0,77
R8,0.1,logn30,A,False,6,6,77,77,"[11, 14, 8, 6, 6, 11, 13, 8]",8.17,77.0,exp,209.2,1.0,77
R8,0.1,logn30,A,False,6,7,77,77,"[11, 14, 8, 6, 6, 11, 13, 8]",6.9,77.0,exp,205.9,1.0,77
R8,0.1,logn30,A,False,6,8,77,77,"[11, 14, 8, 6, 6, 11, 13, 8]",10.27,77.0,exp,203.5,1.0,77
R8,0.1,logn30,A,False,7,1,81,78,"[11, 15, 8, 6, 6, 11, 13, 8]",5.93,81.0,exp,210.7,1.0,77
R8,0.1,logn30,A,False,7,2,78,77,"[11, 14, 8, 6, 6, 11, 13, 8]",14.2,78.0,exp,174.8,1.0,77
R8,0.1,logn30,A,False,7,3,77,77,"[11, 14, 8, 6, 6, 11, 13, 8]",8.37,77.0,exp,180.7,1.0,77
R8,0.1,logn30,A,False,7,4,77,77,"[11, 14, 8, 6, 6, 11, 13, 8]",4.67,77.0,exp,202.4,1.0,77
R8,0.1,logn30,A,False,7,5,77,77,"[11, 14, 8, 6, 6, 11, 13, 8]",11.57,77.0,exp,193.1,1.0,77
R8,0.1,logn30,A,False,7,6,77,77,"[11, 14, 8, 6, 6, 11, 13, 8]",10.23,77.0,exp,193.7,1.0,77
R8,0.1,logn30,A,False,7,7,77,77,"[11, 14, 8, 6, 6, 11, 13, 8]",9.2,77.0,exp,193.2,1.0,77
R8,0.1,logn30,A,False,7,8,77,77,"[11, 14, 8, 6, 6, 11, 13, 8]",12.27,77.0,exp,186.6,1.0,77
R8,0.1,logn30,A,False,8,1,81,80,"[11, 15, 9, 6, 6, 11, 13, 9]",4.53,81.0,exp,274.8,1.0,77
R8,0.1,logn30,A,False,8,2,80,78,"[11, 15, 8, 6, 6, 11, 13, 8]",5.4,80.0,exp,247.2,1.0,77
R8,0.1,logn30,A,False,8,3,78,77,"[11, 14, 8, 6, 6, 11, 13, 8]",11.7,78.0,exp,197.6,1.0,77
R8,0.1,logn30,A,False,8,4,77,77,"[11, 14, 8, 6, 6, 11, 13, 8]",8.97,77.0,exp,199.5,1.0,77
R8,0.1,logn30,A,False,8,5,77,77,"[11, 14, 8, 6, 6, 11, 13, 8]",9.7,77.0,exp,202.0,1.0,77
R8,0.1,logn30,A,False,8,6,77,77,"[11, 14, 8, 6, 6, 11, 13, 8]",7.13,77.0,exp,200.8,1.0,77
R8,0.1,logn30,A,False,8,7,77,77,"[11, 14, 8, 6, 6, 11, 13, 8]",6.7,77.0,exp,210.4,1.0,77
R8,0.1,logn30,A,False,8,8,77,77,"[11, 14, 8, 6, 6, 11, 13, 8]",14.13,77.0,exp,194.5,1.0,77
R8,0.1,logn30,A,False,9,1,81,78,"[11, 15, 8, 6, 6, 11, 13, 8]",5.2,81.0,exp,216.0,1.0,77
R8,0.1,logn30,A,False,9,2,78,78,"[11, 15, 8, 6, 6, 11, 13, 8]",5.23,78.0,exp,227.6,1.0,77
R8,0.1,logn30,A,False,9,3,78,78,"[11, 15, 8, 6, 6, 11, 13, 8]",4.43,78.0,exp,246.6,1.0,77
R8,0.1,logn30,A,False,9,4,78,77,"[11, 14, 8, 6, 6, 11, 13, 8]",9.7,78.0,exp,199.6,1.0,77
R8,0.1,logn30,A,False,9,5,77,77,"[11, 14, 8, 6, 6, 11, 13, 8]",12.47,77.0,exp,197.9,1.0,77
R8,0.1,logn30,A,False,9,6,77,77,"[11, 14, 8, 6, 6, 11, 13, 8]",8.47,77.0,exp,200.6,1.0,77
R8,0.1,logn30,A,False,9,7,77,77,"[11, 14, 8, 6, 6, 11, 13, 8]",10.47,77.0,exp,198.0,1.0,77
R8,0.1,logn30,A,False,9,8,77,77,"[11, 14, 8, 6, 6, 11, 13, 8]",10.6,77.0,exp,190.6,1.0,77
R8,0.1,logn30,B,False,0,1,81,77,"[11, 14, 8, 6, 6, 11, 13, 8]",3.73,81.0,lognormal,28.5,0.415,77
R8,0.1,logn30,B,False,0,2,77,77,"[11, 14, 8, 6, 6, 11, 13, 8]",9.87,77.0,lognormal,29.4,0.459,77
R8,0.1,logn30,B,False,0,3,77,77,"[11, 14, 8, 6, 6, 11, 13, 8]",7.57,77.0,lognormal,28.1,0.445,77
R8,0.1,logn30,B,False,0,4,77,77,"[11, 14, 8, 6, 6, 11, 13, 8]",11.03,77.0,lognormal,28.9,0.46,77
R8,0.1,logn30,B,False,0,5,77,77,"[11, 14, 8, 6, 6, 11, 13, 8]",11.33,77.0,lognormal,29.7,0.486,77
R8,0.1,logn30,B,False,0,6,77,77,"[11, 14, 8, 6, 6, 11, 13, 8]",9.5,77.0,lognormal,29.9,0.495,77
R8,0.1,logn30,B,False,0,7,77,77,"[11, 14, 8, 6, 6, 11, 13, 8]",6.03,77.0,lognormal,29.9,0.495,77
R8,0.1,logn30,B,False,0,8,77,77,"[11, 14, 8, 6, 6, 11, 13, 8]",12.17,77.0,lognormal,29.8,0.495,77
R8,0.1,logn30,B,False,1,1,81,75,"[10, 14, 8, 6, 6, 10, 13, 8]",4.13,81.0,lognormal,32.3,0.585,77
R8,0.1,logn30,B,False,1,2,75,77,"[11, 14, 8, 6, 6, 11, 13, 8]",18.93,75.0,lognormal,30.0,0.508,77
R8,0.1,logn30,B,False,1,3,77,75,"[10, 14, 8, 6, 6, 10, 13, 8]",10.1,77.0,lognormal,28.8,0.481,77
R8,0.1,logn30,B,False,1,4,75,75,"[10, 14, 8, 6, 6, 10, 13, 8]",9.67,75.0,lognormal,28.3,0.472,77
R8,0.1,logn30,B,False,1,5,75,75,"[10, 14, 8, 6, 6, 10, 13, 8]",10.33,75.0,lognormal,29.0,0.484,77
R8,0.1,logn30,B,False,1,6,75,77,"[11, 14, 8, 6, 6, 11, 13, 8]",10.6,75.0,lognormal,29.4,0.491,77
R8,0.1,logn30,B,False,1,7,77,77,"[11, 14, 8, 6, 6, 11, 13, 8]",8.93,77.0,lognormal,29.0,0.482,77
R8,0.1,logn30,B,False,1,8,77,77,"[11, 14, 8, 6, 6, 11, 13, 8]",8.53,77.0,lognormal,29.1,0.487,77
R8,0.1,logn30,B,False,2,1,81,77,"[11, 14, 8, 6, 6, 11, 13, 8]",3.83,81.0,lognormal,34.9,0.563,77
R8,0.1,logn30,B,False,2,2,77,77,"[11, 14, 8, 6, 6, 11, 13, 8]",7.27,77.0,lognormal,29.8,0.493,77
R8,0.1,logn30,B,False,2,3,77,75,"[10, 14, 8, 6, 6, 10, 13, 8]",6.07,77.0,lognormal,29.0,0.487,77
R8,0.1,logn30,B,False,2,4,75,77,"[11, 14, 8, 6, 6, 11, 13, 8]",10.9,75.0,lognormal,29.1,0.484,77
R8,0.1,logn30,B,False,2,5,77,75,"[10, 14, 8, 6, 6, 10, 13, 8]",12.4,77.0,lognormal,28.6,0.482,77
R8,0.1,logn30,B,False,2,6,75,75,"[10, 14, 8, 6, 6, 10, 13, 8]",7.7,75.0,lognormal,28.4,0.471,77
R8,0.1,logn30,B,False,2,7,75,75,"[10, 14, 8, 6, 6, 10, 13, 8]",8.37,75.0,lognormal,28.1,0.458,77
R8,0.1,logn30,B,False,2,8,75,77,"[11, 14, 8, 6, 6, 11, 13, 8]",13.4,75.0,lognormal,28.9,0.478,77
R8,0.1,logn30,B,False,3,1,81,75,"[10, 14, 8, 6, 6, 10, 13, 8]",2.97,81.0,lognormal,23.4,0.349,77
R8,0.1,logn30,B,False,3,2,75,75,"[10, 14, 8, 6, 6, 10, 13, 8]",11.77,75.0,lognormal,25.8,0.398,77
R8,0.1,logn30,B,False,3,3,75,75,"[10, 14, 8, 6, 6, 10, 13, 8]",10.63,75.0,lognormal,26.2,0.408,77
R8,0.1,logn30,B,False,3,4,75,75,"[10, 14, 8, 6, 6, 10, 13, 8]",13.63,75.0,lognormal,27.5,0.439,77
R8,0.1,logn30,B,False,3,5,75,75,"[10, 14, 8, 6, 6, 10, 13, 8]",10.8,75.0,lognormal,27.9,0.451,77
R8,0.1,logn30,B,False,3,6,75,77,"[11, 14, 8, 6, 6, 11, 13, 8]",9.13,75.0,lognormal,27.8,0.447,77
R8,0.1,logn30,B,False,3,7,77,75,"[10, 14, 8, 6, 6, 10, 13, 8]",8.03,77.0,lognormal,28.1,0.458,77
R8,0.1,logn30,B,False,3,8,75,75,"[10, 14, 8, 6, 6, 10, 13, 8]",13.83,75.0,lognormal,28.3,0.465,77
R8,0.1,logn30,B,False,4,1,81,75,"[10, 14, 8, 6, 6, 10, 13, 8]",2.7,81.0,lognormal,30.8,0.546,77
R8,0.1,logn30,B,False,4,2,75,77,"[11, 14, 8, 6, 6, 11, 13, 8]",6.97,75.0,lognormal,30.2,0.515,77
R8,0.1,logn30,B,False,4,3,77,75,"[10, 14, 8, 6, 6, 10, 13, 8]",5.5,77.0,lognormal,29.5,0.499,77
R8,0.1,logn30,B,False,4,4,75,77,"[11, 14, 8, 6, 6, 11, 13, 8]",7.43,75.0,lognormal,29.3,0.492,77
R8,0.1,logn30,B,False,4,5,77,77,"[11, 14, 8, 6, 6, 11, 13, 8]",8.1,77.0,lognormal,29.3,0.489,77
R8,0.1,logn30,B,False,4,6,77,75,"[10, 14, 8, 6, 6, 10, 13, 8]",9.1,77.0,lognormal,28.5,0.473,77
R8,0.1,logn30,B,False,4,7,75,75,"[10, 14, 8, 6, 6, 10, 13, 8]",5.4,75.0,lognormal,27.8,0.458,77
R8,0.1,logn30,B,False,4,8,75,75,"[10, 14, 8, 6, 6, 10, 13, 8]",10.53,75.0,lognormal,27.9,0.457,77
R8,0.1,logn30,B,False,5,1,81,77,"[11, 14, 8, 6, 6, 11, 13, 8]",5.6,81.0,lognormal,28.2,0.436,77
R8,0.1,logn30,B,False,5,2,77,77,"[11, 14, 8, 6, 6, 11, 13, 8]",8.33,77.0,lognormal,28.3,0.446,77
R8,0.1,logn30,B,False,5,3,77,77,"[11, 14, 8, 6, 6, 11, 13, 8]",7.53,77.0,lognormal,29.3,0.476,77
R8,0.1,logn30,B,False,5,4,77,77,"[11, 14, 8, 6, 6, 11, 13, 8]",7.27,77.0,lognormal,29.3,0.485,77
R8,0.1,logn30,B,False,5,5,77,77,"[11, 14, 8, 6, 6, 11, 13, 8]",9.17,77.0,lognormal,29.2,0.474,77
R8,0.1,logn30,B,False,5,6,77,77,"[11, 14, 8, 6, 6, 11, 13, 8]",10.13,77.0,lognormal,28.8,0.467,77
R8,0.1,logn30,B,False,5,7,77,77,"[11, 14, 8, 6, 6, 11, 13, 8]",12.3,77.0,lognormal,28.9,0.468,77
R8,0.1,logn30,B,False,5,8,77,77,"[11, 14, 8, 6, 6, 11, 13, 8]",9.23,77.0,lognormal,28.8,0.464,77
R8,0.1,logn30,B,False,6,1,81,77,"[11, 14, 8, 6, 6, 11, 13, 8]",3.73,81.0,lognormal,30.4,0.487,77
R8,0.1,logn30,B,False,6,2,77,75,"[10, 14, 8, 6, 6, 10, 13, 8]",9.6,77.0,lognormal,28.7,0.476,77
R8,0.1,logn30,B,False,6,3,75,75,"[10, 14, 8, 6, 6, 10, 13, 8]",11.97,75.0,lognormal,28.2,0.462,77
R8,0.1,logn30,B,False,6,4,75,77,"[11, 14, 8, 6, 6, 11, 13, 8]",9.2,75.0,lognormal,28.8,0.477,77
R8,0.1,logn30,B,False,6,5,77,75,"[10, 14, 8, 6, 6, 10, 13, 8]",11.93,77.0,lognormal,28.9,0.484,77
R8,0.1,logn30,B,False,6,6,75,77,"[11, 14, 8, 6, 6, 11, 13, 8]",8.3,75.0,lognormal,29.1,0.484,77
R8,0.1,logn30,B,False,6,7,77,75,"[10, 14, 8, 6, 6, 10, 13, 8]",6.9,77.0,lognormal,29.0,0.485,77
R8,0.1,logn30,B,False,6,8,75,75,"[10, 14, 8, 6, 6, 10, 13, 8]",10.87,75.0,lognormal,29.1,0.487,77
R8,0.1,logn30,B,False,7,1,81,77,"[11, 14, 8, 6, 6, 11, 13, 8]",5.93,81.0,lognormal,30.2,0.479,77
R8,0.1,logn30,B,False,7,2,77,77,"[11, 14, 8, 6, 6, 11, 13, 8]",17.3,77.0,lognormal,28.9,0.465,77
R8,0.1,logn30,B,False,7,3,77,77,"[11, 14, 8, 6, 6, 11, 13, 8]",8.37,77.0,lognormal,30.1,0.487,77
R8,0.1,logn30,B,False,7,4,77,77,"[11, 14, 8, 6, 6, 11, 13, 8]",4.67,77.0,lognormal,30.7,0.498,77
R8,0.1,logn30,B,False,7,5,77,77,"[11, 14, 8, 6, 6, 11, 13, 8]",11.57,77.0,lognormal,30.9,0.505,77
R8,0.1,logn30,B,False,7,6,77,77,"[11, 14, 8, 6, 6, 11, 13, 8]",10.23,77.0,lognormal,31.7,0.524,77
R8,0.1,logn30,B,False,7,7,77,77,"[11, 14, 8, 6, 6, 11, 13, 8]",9.2,77.0,lognormal,31.7,0.522,77
R8,0.1,logn30,B,False,7,8,77,77,"[11, 14, 8, 6, 6, 11, 13, 8]",12.27,77.0,lognormal,31.6,0.52,77
R8,0.1,logn30,B,False,8,1,81,77,"[11, 14, 8, 6, 6, 11, 13, 8]",4.53,81.0,lognormal,35.3,0.566,77
R8,0.1,logn30,B,False,8,2,77,77,"[11, 14, 8, 6, 6, 11, 13, 8]",10.17,77.0,lognormal,35.9,0.614,77
R8,0.1,logn30,B,False,8,3,77,77,"[11, 14, 8, 6, 6, 11, 13, 8]",12.7,77.0,lognormal,33.5,0.56,77
R8,0.1,logn30,B,False,8,4,77,77,"[11, 14, 8, 6, 6, 11, 13, 8]",8.97,77.0,lognormal,31.7,0.518,77
R8,0.1,logn30,B,False,8,5,77,77,"[11, 14, 8, 6, 6, 11, 13, 8]",9.7,77.0,lognormal,31.1,0.505,77
R8,0.1,logn30,B,False,8,6,77,77,"[11, 14, 8, 6, 6, 11, 13, 8]",7.13,77.0,lognormal,31.0,0.509,77
R8,0.1,logn30,B,False,8,7,77,77,"[11, 14, 8, 6, 6, 11, 13, 8]",6.7,77.0,lognormal,30.6,0.498,77
R8,0.1,logn30,B,False,8,8,77,77,"[11, 14, 8, 6, 6, 11, 13, 8]",14.13,77.0,lognormal,30.2,0.494,77
R8,0.1,logn30,B,False,9,1,81,75,"[10, 14, 8, 6, 6, 10, 13, 8]",5.2,81.0,lognormal,31.1,0.563,77
R8,0.1,logn30,B,False,9,2,75,75,"[10, 14, 8, 6, 6, 10, 13, 8]",6.33,75.0,lognormal,29.1,0.491,77
R8,0.1,logn30,B,False,9,3,75,77,"[11, 14, 8, 6, 6, 11, 13, 8]",6.17,75.0,lognormal,29.3,0.492,77
R8,0.1,logn30,B,False,9,4,77,75,"[10, 14, 8, 6, 6, 10, 13, 8]",12.37,77.0,lognormal,28.6,0.476,77
R8,0.1,logn30,B,False,9,5,75,77,"[11, 14, 8, 6, 6, 11, 13, 8]",13.63,75.0,lognormal,29.2,0.488,77
R8,0.1,logn30,B,False,9,6,77,77,"[11, 14, 8, 6, 6, 11, 13, 8]",8.47,77.0,lognormal,29.8,0.503,77
R8,0.1,logn30,B,False,9,7,77,77,"[11, 14, 8, 6, 6, 11, 13, 8]",10.47,77.0,lognormal,30.1,0.506,77
R8,0.1,logn30,B,False,9,8,77,77,"[11, 14, 8, 6, 6, 11, 13, 8]",10.6,77.0,lognormal,30.0,0.505,77
R8,0.1,logn30,A,True,0,1,81,80,"[11, 15, 9, 6, 6, 11, 13, 9]",4.47,80.2,exp,338.9,1.0,77
R8,0.1,logn30,A,True,0,2,80,78,"[11, 15, 8, 6, 6, 11, 13, 8]",6.83,79.2,exp,273.4,1.0,77
R8,0.1,logn30,A,True,0,3,78,78,"[11, 15, 8, 6, 6, 11, 13, 8]",8.5,77.2,exp,212.2,1.0,77
R8,0.1,logn30,A,True,0,4,78,77,"[11, 14, 8, 6, 6, 11, 13, 8]",11.0,77.2,exp,196.7,1.0,77
R8,0.1,logn30,A,True,0,5,77,77,"[11, 14, 8, 6, 6, 11, 13, 8]",13.6,76.2,exp,179.6,1.0,77
R8,0.1,logn30,A,True,0,6,77,77,"[11, 14, 8, 6, 6, 11, 13, 8]",12.07,76.2,exp,176.5,1.0,77
R8,0.1,logn30,A,True,0,7,77,77,"[11, 14, 8, 6, 6, 11, 13, 8]",8.1,76.2,exp,177.6,1.0,77
R8,0.1,logn30,A,True,0,8,77,77,"[11, 14, 8, 6, 6, 11, 13, 8]",14.03,76.2,exp,170.3,1.0,77
R8,0.1,logn30,A,True,1,1,81,77,"[11, 14, 8, 6, 6, 11, 13, 8]",5.17,80.2,exp,182.4,1.0,77
R8,0.1,logn30,A,True,1,2,77,77,"[11, 14, 8, 6, 6, 11, 13, 8]",17.9,76.2,exp,146.1,1.0,77
R8,0.1,logn30,A,True,1,3,77,77,"[11, 14, 8, 6, 6, 11, 13, 8]",10.53,76.2,exp,146.9,1.0,77
R8,0.1,logn30,A,True,1,4,77,77,"[11, 14, 8, 6, 6, 11, 13, 8]",12.77,76.2,exp,144.0,1.0,77
R8,0.1,logn30,A,True,1,5,77,77,"[11, 14, 8, 6, 6, 11, 13, 8]",12.17,76.2,exp,149.9,1.0,77
R8,0.1,logn30,A,True,1,6,77,77,"[11, 14, 8, 6, 6, 11, 13, 8]",11.33,76.2,exp,151.8,1.0,77
R8,0.1,logn30,A,True,1,7,77,77,"[11, 14, 8, 6, 6, 11, 13, 8]",10.47,76.2,exp,152.6,1.0,77
R8,0.1,logn30,A,True,1,8,77,77,"[11, 14, 8, 6, 6, 11, 13, 8]",8.93,76.2,exp,155.6,1.0,77
R8,0.1,logn30,A,True,2,1,81,80,"[11, 15, 9, 6, 6, 11, 13, 9]",5.03,80.2,exp,303.2,1.0,77
R8,0.1,logn30,A,True,2,2,80,80,"[11, 15, 9, 6, 6, 11, 13, 9]",4.87,79.2,exp,280.4,1.0,77
R8,0.1,logn30,A,True,2,3,80,78,"[11, 15, 8, 6, 6, 11, 13, 8]",4.5,79.2,exp,271.4,1.0,77
R8,0.1,logn30,A,True,2,4,78,78,"[11, 15, 8, 6, 6, 11, 13, 8]",8.83,77.2,exp,248.0,1.0,77
R8,0.1,logn30,A,True,2,5,78,78,"[11, 15, 8, 6, 6, 11, 13, 8]",11.5,77.2,exp,213.3,1.0,77
R8,0.1,logn30,A,True,2,6,78,77,"[11, 14, 8, 6, 6, 11, 13, 8]",7.83,77.2,exp,204.8,1.0,77
R8,0.1,logn30,A,True,2,7,77,77,"[11, 14, 8, 6, 6, 11, 13, 8]",7.93,76.2,exp,203.2,1.0,77
R8,0.1,logn30,A,True,2,8,77,77,"[11, 14, 8, 6, 6, 11, 13, 8]",14.37,76.2,exp,192.0,1.0,77
R8,0.1,logn30,A,True,3,1,81,80,"[11, 15, 9, 6, 6, 11, 13, 9]",3.13,80.2,exp,283.2,1.0,77
R8,0.1,logn30,A,True,3,2,80,77,"[11, 14, 8, 6, 6, 11, 13, 8]",8.27,79.2,exp,205.7,1.0,77
R8,0.1,logn30,A,True,3,3,77,77,"[11, 14, 8, 6, 6, 11, 13, 8]",11.8,76.2,exp,189.3,1.0,77
R8,0.1,logn30,A,True,3,4,77,77,"[11, 14, 8, 6, 6, 11, 13, 8]",14.1,76.2,exp,165.3,1.0,77
R8,0.1,logn30,A,True,3,5,77,77,"[11, 14, 8, 6, 6, 11, 13, 8]",13.7,76.2,exp,161.1,1.0,77
R8,0.1,logn30,A,True,3,6,77,77,"[11, 14, 8, 6, 6, 11, 13, 8]",9.93,76.2,exp,167.4,1.0,77
R8,0.1,logn30,A,True,3,7,77,77,"[11, 14, 8, 6, 6, 11, 13, 8]",9.3,76.2,exp,168.8,1.0,77
R8,0.1,logn30,A,True,3,8,77,77,"[11, 14, 8, 6, 6, 11, 13, 8]",13.57,76.2,exp,163.7,1.0,77
R8,0.1,logn30,A,True,4,1,81,80,"[11, 15, 9, 6, 6, 11, 13, 9]",2.9,80.2,exp,300.5,1.0,77
R8,0.1,logn30,A,True,4,2,80,80,"[11, 15, 9, 6, 6, 11, 13, 9]",4.07,79.2,exp,289.7,1.0,77
R8,0.1,logn30,A,True,4,3,80,80,"[11, 15, 9, 6, 6, 11, 13, 9]",4.2,79.2,exp,309.0,1.0,77
R8,0.1,logn30,A,True,4,4,80,80,"[11, 15, 9, 6, 6, 11, 13, 9]",3.53,79.2,exp,301.4,1.0,77
R8,0.1,logn30,A,True,4,5,80,78,"[11, 15, 8, 6, 6, 11, 13, 8]",6.53,79.2,exp,271.4,1.0,77
R8,0.1,logn30,A,True,4,6,78,78,"[11, 15, 8, 6, 6, 11, 13, 8]",8.67,77.2,exp,241.1,1.0,77
R8,0.1,logn30,A,True,4,7,78,78,"[11, 15, 8, 6, 6, 11, 13, 8]",4.1,77.2,exp,241.0,1.0,77
R8,0.1,logn30,A,True,4,8,78,78,"[11, 15, 8, 6, 6, 11, 13, 8]",10.2,77.2,exp,225.9,1.0,77
R8,0.1,logn30,A,True,5,1,81,77,"[11, 14, 8, 6, 6, 11, 13, 8]",7.73,80.2,exp,175.6,1.0,77
R8,0.1,logn30,A,True,5,2,77,77,"[11, 14, 8, 6, 6, 11, 13, 8]",9.57,76.2,exp,173.3,1.0,77
R8,0.1,logn30,A,True,5,3,77,77,"[11, 14, 8, 6, 6, 11, 13, 8]",8.47,76.2,exp,186.3,1.0,77
R8,0.1,logn30,A,True,5,4,77,77,"[11, 14, 8, 6, 6, 11, 13, 8]",9.4,76.2,exp,181.8,1.0,77
R8,0.1,logn30,A,True,5,5,77,77,"[11, 14, 8, 6, 6, 11, 13, 8]",10.93,76.2,exp,186.8,1.0,77
R8,0.1,logn30,A,True,5,6,77,77,"[11, 14, 8, 6, 6, 11, 13, 8]",11.23,76.2,exp,183.9,1.0,77
R8,0.1,logn30,A,True,5,7,77,77,"[11, 14, 8, 6, 6, 11, 13, 8]",14.0,76.2,exp,178.8,1.0,77
R8,0.1,logn30,A,True,5,8,77,77,"[11, 14, 8, 6, 6, 11, 13, 8]",12.0,76.2,exp,181.0,1.0,77
R8,0.1,logn30,A,True,6,1,81,80,"[11, 15, 9, 6, 6, 11, 13, 9]",4.2,80.2,exp,316.1,1.0,77
R8,0.1,logn30,A,True,6,2,80,78,"[11, 15, 8, 6, 6, 11, 13, 8]",6.03,79.2,exp,262.1,1.0,77
R8,0.1,logn30,A,True,6,3,78,78,"[11, 15, 8, 6, 6, 11, 13, 8]",9.23,77.2,exp,212.6,1.0,77
R8,0.1,logn30,A,True,6,4,78,77,"[11, 14, 8, 6, 6, 11, 13, 8]",7.83,77.2,exp,209.0,1.0,77
R8,0.1,logn30,A,True,6,5,77,77,"[11, 14, 8, 6, 6, 11, 13, 8]",13.9,76.2,exp,191.3,1.0,77
R8,0.1,logn30,A,True,6,6,77,77,"[11, 14, 8, 6, 6, 11, 13, 8]",9.17,76.2,exp,197.3,1.0,77
R8,0.1,logn30,A,True,6,7,77,77,"[11, 14, 8, 6, 6, 11, 13, 8]",7.47,76.2,exp,197.0,1.0,77
R8,0.1,logn30,A,True,6,8,77,77,"[11, 14, 8, 6, 6, 11, 13, 8]",11.87,76.2,exp,194.6,1.0,77
R8,0.1,logn30,A,True,7,1,81,77,"[11, 14, 8, 6, 6, 11, 13, 8]",6.27,80.2,exp,184.6,1.0,77
R8,0.1,logn30,A,True,7,2,77,77,"[11, 14, 8, 6, 6, 11, 13, 8]",18.57,76.2,exp,159.6,1.0,77
R8,0.1,logn30,A,True,7,3,77,77,"[11, 14, 8, 6, 6, 11, 13, 8]",10.07,76.2,exp,162.4,1.0,77
R8,0.1,logn30,A,True,7,4,77,77,"[11, 14, 8, 6, 6, 11, 13, 8]",6.07,76.2,exp,176.7,1.0,77
R8,0.1,logn30,A,True,7,5,77,77,"[11, 14, 8, 6, 6, 11, 13, 8]",12.57,76.2,exp,174.3,1.0,77
R8,0.1,logn30,A,True,7,6,77,77,"[11, 14, 8, 6, 6, 11, 13, 8]",10.7,76.2,exp,176.2,1.0,77
R8,0.1,logn30,A,True,7,7,77,77,"[11, 14, 8, 6, 6, 11, 13, 8]",9.83,76.2,exp,176.8,1.0,77
R8,0.1,logn30,A,True,7,8,77,77,"[11, 14, 8, 6, 6, 11, 13, 8]",12.1,76.2,exp,174.4,1.0,77
R8,0.1,logn30,A,True,8,1,81,78,"[11, 15, 8, 6, 6, 11, 13, 8]",4.83,80.2,exp,246.9,1.0,77
R8,0.1,logn30,A,True,8,2,78,77,"[11, 14, 8, 6, 6, 11, 13, 8]",9.47,77.2,exp,198.3,1.0,77
R8,0.1,logn30,A,True,8,3,77,77,"[11, 14, 8, 6, 6, 11, 13, 8]",13.77,76.2,exp,171.0,1.0,77
R8,0.1,logn30,A,True,8,4,77,77,"[11, 14, 8, 6, 6, 11, 13, 8]",10.33,76.2,exp,174.4,1.0,77
R8,0.1,logn30,A,True,8,5,77,77,"[11, 14, 8, 6, 6, 11, 13, 8]",12.7,76.2,exp,173.6,1.0,77
R8,0.1,logn30,A,True,8,6,77,77,"[11, 14, 8, 6, 6, 11, 13, 8]",8.8,76.2,exp,174.3,1.0,77
R8,0.1,logn30,A,True,8,7,77,77,"[11, 14, 8, 6, 6, 11, 13, 8]",7.67,76.2,exp,184.7,1.0,77
R8,0.1,logn30,A,True,8,8,77,77,"[11, 14, 8, 6, 6, 11, 13, 8]",15.23,76.2,exp,175.3,1.0,77
R8,0.1,logn30,A,True,9,1,81,78,"[11, 15, 8, 6, 6, 11, 13, 8]",5.6,80.2,exp,212.8,1.0,77
R8,0.1,logn30,A,True,9,2,78,78,"[11, 15, 8, 6, 6, 11, 13, 8]",5.6,77.2,exp,223.7,1.0,77
R8,0.1,logn30,A,True,9,3,78,78,"[11, 15, 8, 6, 6, 11, 13, 8]",5.87,77.2,exp,227.6,1.0,77
R8,0.1,logn30,A,True,9,4,78,77,"[11, 14, 8, 6, 6, 11, 13, 8]",11.8,77.2,exp,185.7,1.0,77
R8,0.1,logn30,A,True,9,5,77,77,"[11, 14, 8, 6, 6, 11, 13, 8]",15.8,76.2,exp,174.9,1.0,77
R8,0.1,logn30,A,True,9,6,77,77,"[11, 14, 8, 6, 6, 11, 13, 8]",10.43,76.2,exp,176.3,1.0,77
R8,0.1,logn30,A,True,9,7,77,77,"[11, 14, 8, 6, 6, 11, 13, 8]",11.2,76.2,exp,177.4,1.0,77
R8,0.1,logn30,A,True,9,8,77,77,"[11, 14, 8, 6, 6, 11, 13, 8]",12.93,76.2,exp,169.4,1.0,77
R8,0.2,exp30,A,False,0,1,78,65,"[9, 12, 7, 5, 5, 9, 11, 7]",8.6,78.0,exp,31.8,1.0,65
R8,0.2,exp30,A,False,0,2,65,65,"[9, 12, 7, 5, 5, 9, 11, 7]",28.2,65.0,exp,30.5,1.0,65
R8,0.2,exp30,A,False,0,3,65,65,"[9, 12, 7, 5, 5, 9, 11, 7]",24.57,65.0,exp,30.6,1.0,65
R8,0.2,exp30,A,False,0,4,65,65,"[9, 12, 7, 5, 5, 9, 11, 7]",30.27,65.0,exp,31.0,1.0,65
R8,0.2,exp30,A,False,0,5,65,65,"[9, 12, 7, 5, 5, 9, 11, 7]",29.0,65.0,exp,31.4,1.0,65
R8,0.2,exp30,A,False,0,6,65,65,"[9, 12, 7, 5, 5, 9, 11, 7]",24.27,65.0,exp,30.9,1.0,65
R8,0.2,exp30,A,False,0,7,65,65,"[9, 12, 7, 5, 5, 9, 11, 7]",23.67,65.0,exp,30.9,1.0,65
R8,0.2,exp30,A,False,0,8,65,65,"[9, 12, 7, 5, 5, 9, 11, 7]",25.53,65.0,exp,30.7,1.0,65
R8,0.2,exp30,A,False,1,1,78,65,"[9, 12, 7, 5, 5, 9, 11, 7]",8.77,78.0,exp,32.2,1.0,65
R8,0.2,exp30,A,False,1,2,65,65,"[9, 12, 7, 5, 5, 9, 11, 7]",33.93,65.0,exp,30.7,1.0,65
R8,0.2,exp30,A,False,1,3,65,65,"[9, 12, 7, 5, 5, 9, 11, 7]",28.4,65.0,exp,30.2,1.0,65
R8,0.2,exp30,A,False,1,4,65,65,"[9, 12, 7, 5, 5, 9, 11, 7]",25.3,65.0,exp,30.2,1.0,65
R8,0.2,exp30,A,False,1,5,65,65,"[9, 12, 7, 5, 5, 9, 11, 7]",26.3,65.0,exp,30.0,1.0,65
R8,0.2,exp30,A,False,1,6,65,65,"[9, 12, 7, 5, 5, 9, 11, 7]",29.23,65.0,exp,29.7,1.0,65
R8,0.2,exp30,A,False,1,7,65,65,"[9, 12, 7, 5, 5, 9, 11, 7]",27.5,65.0,exp,29.7,1.0,65
R8,0.2,exp30,A,False,1,8,65,65,"[9, 12, 7, 5, 5, 9, 11, 7]",26.7,65.0,exp,30.0,1.0,65
R8,0.2,exp30,A,False,2,1,78,65,"[9, 12, 7, 5, 5, 9, 11, 7]",9.73,78.0,exp,28.2,1.0,65
R8,0.2,exp30,A,False,2,2,65,65,"[9, 12, 7, 5, 5, 9, 11, 7]",25.57,65.0,exp,28.9,1.0,65
R8,0.2,exp30,A,False,2,3,65,65,"[9, 12, 7, 5, 5, 9, 11, 7]",25.47,65.0,exp,30.1,1.0,65
R8,0.2,exp30,A,False,2,4,65,65,"[9, 12, 7, 5, 5, 9, 11, 7]",24.27,65.0,exp,30.0,1.0,65
R8,0.2,exp30,A,False,2,5,65,65,"[9, 12, 7, 5, 5, 9, 11, 7]",29.33,65.0,exp,30.0,1.0,65
R8,0.2,exp30,A,False,2,6,65,65,"[9, 12, 7, 5, 5, 9, 11, 7]",24.57,65.0,exp,29.8,1.0,65
R8,0.2,exp30,A,False,2,7,65,65,"[9, 12, 7, 5, 5, 9, 11, 7]",24.4,65.0,exp,29.8,1.0,65
R8,0.2,exp30,A,False,2,8,65,65,"[9, 12, 7, 5, 5, 9, 11, 7]",33.23,65.0,exp,30.0,1.0,65
R8,0.2,exp30,A,False,3,1,78,65,"[9, 12, 7, 5, 5, 9, 11, 7]",7.97,78.0,exp,33.5,1.0,65
R8,0.2,exp30,A,False,3,2,65,65,"[9, 12, 7, 5, 5, 9, 11, 7]",28.5,65.0,exp,31.8,1.0,65
R8,0.2,exp30,A,False,3,3,65,65,"[9, 12, 7, 5, 5, 9, 11, 7]",28.13,65.0,exp,30.3,1.0,65
R8,0.2,exp30,A,False,3,4,65,65,"[9, 12, 7, 5, 5, 9, 11, 7]",27.5,65.0,exp,30.2,1.0,65
R8,0.2,exp30,A,False,3,5,65,65,"[9, 12, 7, 5, 5, 9, 11, 7]",30.2,65.0,exp,30.2,1.0,65
R8,0.2,exp30,A,False,3,6,65,65,"[9, 12, 7, 5, 5, 9, 11, 7]",25.77,65.0,exp,29.9,1.0,65
R8,0.2,exp30,A,False,3,7,65,65,"[9, 12, 7, 5, 5, 9, 11, 7]",26.13,65.0,exp,30.1,1.0,65
R8,0.2,exp30,A,False,3,8,65,65,"[9, 12, 7, 5, 5, 9, 11, 7]",30.53,65.0,exp,30.2,1.0,65
R8,0.2,exp30,A,False,4,1,78,65,"[9, 12, 7, 5, 5, 9, 11, 7]",8.1,78.0,exp,30.2,1.0,65
R8,0.2,exp30,A,False,4,2,65,65,"[9, 12, 7, 5, 5, 9, 11, 7]",21.33,65.0,exp,30.4,1.0,65
R8,0.2,exp30,A,False,4,3,65,65,"[9, 12, 7, 5, 5, 9, 11, 7]",22.47,65.0,exp,30.5,1.0,65
R8,0.2,exp30,A,False,4,4,65,65,"[9, 12, 7, 5, 5, 9, 11, 7]",22.6,65.0,exp,30.9,1.0,65
R8,0.2,exp30,A,False,4,5,65,65,"[9, 12, 7, 5, 5, 9, 11, 7]",24.27,65.0,exp,30.8,1.0,65
R8,0.2,exp30,A,False,4,6,65,65,"[9, 12, 7, 5, 5, 9, 11, 7]",26.03,65.0,exp,30.7,1.0,65
R8,0.2,exp30,A,False,4,7,65,65,"[9, 12, 7, 5, 5, 9, 11, 7]",23.07,65.0,exp,30.6,1.0,65
R8,0.2,exp30,A,False,4,8,65,65,"[9, 12, 7, 5, 5, 9, 11, 7]",27.03,65.0,exp,30.4,1.0,65
R8,0.2,exp30,A,False,5,1,78,65,"[9, 12, 7, 5, 5, 9, 11, 7]",12.63,78.0,exp,31.8,1.0,65
R8,0.2,exp30,A,False,5,2,65,65,"[9, 12, 7, 5, 5, 9, 11, 7]",24.87,65.0,exp,32.4,1.0,65
R8,0.2,exp30,A,False,5,3,65,65,"[9, 12, 7, 5, 5, 9, 11, 7]",22.8,65.0,exp,31.2,1.0,65
R8,0.2,exp30,A,False,5,4,65,65,"[9, 12, 7, 5, 5, 9, 11, 7]",26.97,65.0,exp,30.5,1.0,65
R8,0.2,exp30,A,False,5,5,65,65,"[9, 12, 7, 5, 5, 9, 11, 7]",28.3,65.0,exp,30.7,1.0,65
R8,0.2,exp30,A,False,5,6,65,65,"[9, 12, 7, 5, 5, 9, 11, 7]",29.73,65.0,exp,30.8,1.0,65
R8,0.2,exp30,A,False,5,7,65,65,"[9, 12, 7, 5, 5, 9, 11, 7]",30.9,65.0,exp,30.6,1.0,65
R8,0.2,exp30,A,False,5,8,65,65,"[9, 12, 7, 5, 5, 9, 11, 7]",28.37,65.0,exp,30.5,1.0,65
R8,0.2,exp30,A,False,6,1,78,65,"[9, 12, 7, 5, 5, 9, 11, 7]",9.2,78.0,exp,30.2,1.0,65
R8,0.2,exp30,A,False,6,2,65,65,"[9, 12, 7, 5, 5, 9, 11, 7]",25.43,65.0,exp,29.4,1.0,65
R8,0.2,exp30,A,False,6,3,65,65,"[9, 12, 7, 5, 5, 9, 11, 7]",28.9,65.0,exp,30.2,1.0,65
R8,0.2,exp30,A,False,6,4,65,65,"[9, 12, 7, 5, 5, 9, 11, 7]",25.5,65.0,exp,31.0,1.0,65
R8,0.2,exp30,A,False,6,5,65,65,"[9, 12, 7, 5, 5, 9, 11, 7]",30.87,65.0,exp,30.8,1.0,65
R8,0.2,exp30,A,False,6,6,65,65,"[9, 12, 7, 5, 5, 9, 11, 7]",25.53,65.0,exp,30.3,1.0,65
R8,0.2,exp30,A,False,6,7,65,65,"[9, 12, 7, 5, 5, 9, 11, 7]",21.97,65.0,exp,30.3,1.0,65
R8,0.2,exp30,A,False,6,8,65,65,"[9, 12, 7, 5, 5, 9, 11, 7]",29.97,65.0,exp,30.1,1.0,65
R8,0.2,exp30,A,False,7,1,78,65,"[9, 12, 7, 5, 5, 9, 11, 7]",11.83,78.0,exp,33.1,1.0,65
R8,0.2,exp30,A,False,7,2,65,65,"[9, 12, 7, 5, 5, 9, 11, 7]",36.2,65.0,exp,31.7,1.0,65
R8,0.2,exp30,A,False,7,3,65,65,"[9, 12, 7, 5, 5, 9, 11, 7]",24.47,65.0,exp,31.3,1.0,65
R8,0.2,exp30,A,False,7,4,65,65,"[9, 12, 7, 5, 5, 9, 11, 7]",24.63,65.0,exp,30.8,1.0,65
R8,0.2,exp30,A,False,7,5,65,65,"[9, 12, 7, 5, 5, 9, 11, 7]",26.97,65.0,exp,30.9,1.0,65
R8,0.2,exp30,A,False,7,6,65,65,"[9, 12, 7, 5, 5, 9, 11, 7]",29.6,65.0,exp,30.6,1.0,65
R8,0.2,exp30,A,False,7,7,65,65,"[9, 12, 7, 5, 5, 9, 11, 7]",24.13,65.0,exp,30.4,1.0,65
R8,0.2,exp30,A,False,7,8,65,65,"[9, 12, 7, 5, 5, 9, 11, 7]",27.73,65.0,exp,30.0,1.0,65
R8,0.2,exp30,A,False,8,1,78,65,"[9, 12, 7, 5, 5, 9, 11, 7]",10.73,78.0,exp,34.5,1.0,65
R8,0.2,exp30,A,False,8,2,65,65,"[9, 12, 7, 5, 5, 9, 11, 7]",26.6,65.0,exp,31.0,1.0,65
R8,0.2,exp30,A,False,8,3,65,65,"[9, 12, 7, 5, 5, 9, 11, 7]",29.23,65.0,exp,31.2,1.0,65
R8,0.2,exp30,A,False,8,4,65,65,"[9, 12, 7, 5, 5, 9, 11, 7]",26.67,65.0,exp,31.0,1.0,65
R8,0.2,exp30,A,False,8,5,65,65,"[9, 12, 7, 5, 5, 9, 11, 7]",26.7,65.0,exp,30.7,1.0,65
R8,0.2,exp30,A,False,8,6,65,65,"[9, 12, 7, 5, 5, 9, 11, 7]",23.97,65.0,exp,30.6,1.0,65
R8,0.2,exp30,A,False,8,7,65,65,"[9, 12, 7, 5, 5, 9, 11, 7]",25.4,65.0,exp,30.5,1.0,65
R8,0.2,exp30,A,False,8,8,65,65,"[9, 12, 7, 5, 5, 9, 11, 7]",30.23,65.0,exp,30.5,1.0,65
R8,0.2,exp30,A,False,9,1,78,65,"[9, 12, 7, 5, 5, 9, 11, 7]",10.4,78.0,exp,29.2,1.0,65
R8,0.2,exp30,A,False,9,2,65,65,"[9, 12, 7, 5, 5, 9, 11, 7]",20.13,65.0,exp,30.1,1.0,65
R8,0.2,exp30,A,False,9,3,65,65,"[9, 12, 7, 5, 5, 9, 11, 7]",25.67,65.0,exp,30.4,1.0,65
R8,0.2,exp30,A,False,9,4,65,65,"[9, 12, 7, 5, 5, 9, 11, 7]",28.97,65.0,exp,30.2,1.0,65
R8,0.2,exp30,A,False,9,5,65,65,"[9, 12, 7, 5, 5, 9, 11, 7]",34.5,65.0,exp,30.3,1.0,65
R8,0.2,exp30,A,False,9,6,65,65,"[9, 12, 7, 5, 5, 9, 11, 7]",27.5,65.0,exp,30.5,1.0,65
R8,0.2,exp30,A,False,9,7,65,65,"[9, 12, 7, 5, 5, 9, 11, 7]",26.47,65.0,exp,30.2,1.0,65
R8,0.2,exp30,A,False,9,8,65,65,"[9, 12, 7, 5, 5, 9, 11, 7]",27.57,65.0,exp,30.1,1.0,65
R8,0.2,exp30,B,False,0,1,78,65,"[9, 12, 7, 5, 5, 9, 11, 7]",8.6,78.0,exp,31.8,1.0,65
R8,0.2,exp30,B,False,0,2,65,65,"[9, 12, 7, 5, 5, 9, 11, 7]",28.2,65.0,exp,30.5,1.0,65
R8,0.2,exp30,B,False,0,3,65,65,"[9, 12, 7, 5, 5, 9, 11, 7]",24.57,65.0,exp,30.6,1.0,65
R8,0.2,exp30,B,False,0,4,65,65,"[9, 12, 7, 5, 5, 9, 11, 7]",30.27,65.0,exp,31.0,1.0,65
R8,0.2,exp30,B,False,0,5,65,65,"[9, 12, 7, 5, 5, 9, 11, 7]",29.0,65.0,exp,31.4,1.0,65
R8,0.2,exp30,B,False,0,6,65,65,"[9, 12, 7, 5, 5, 9, 11, 7]",24.27,65.0,exp,30.9,1.0,65
R8,0.2,exp30,B,False,0,7,65,65,"[9, 12, 7, 5, 5, 9, 11, 7]",23.67,65.0,exp,30.9,1.0,65
R8,0.2,exp30,B,False,0,8,65,65,"[9, 12, 7, 5, 5, 9, 11, 7]",25.53,65.0,exp,30.7,1.0,65
R8,0.2,exp30,B,False,1,1,78,65,"[9, 12, 7, 5, 5, 9, 11, 7]",8.77,78.0,exp,32.2,1.0,65
R8,0.2,exp30,B,False,1,2,65,65,"[9, 12, 7, 5, 5, 9, 11, 7]",33.93,65.0,exp,30.7,1.0,65
R8,0.2,exp30,B,False,1,3,65,65,"[9, 12, 7, 5, 5, 9, 11, 7]",28.4,65.0,exp,30.2,1.0,65
R8,0.2,exp30,B,False,1,4,65,65,"[9, 12, 7, 5, 5, 9, 11, 7]",25.3,65.0,exp,30.2,1.0,65
R8,0.2,exp30,B,False,1,5,65,65,"[9, 12, 7, 5, 5, 9, 11, 7]",26.3,65.0,exp,30.0,1.0,65
R8,0.2,exp30,B,False,1,6,65,65,"[9, 12, 7, 5, 5, 9, 11, 7]",29.23,65.0,exp,29.7,1.0,65
R8,0.2,exp30,B,False,1,7,65,65,"[9, 12, 7, 5, 5, 9, 11, 7]",27.5,65.0,exp,29.7,1.0,65
R8,0.2,exp30,B,False,1,8,65,65,"[9, 12, 7, 5, 5, 9, 11, 7]",26.7,65.0,exp,30.0,1.0,65
R8,0.2,exp30,B,False,2,1,78,65,"[9, 12, 7, 5, 5, 9, 11, 7]",9.73,78.0,exp,28.2,1.0,65
R8,0.2,exp30,B,False,2,2,65,65,"[9, 12, 7, 5, 5, 9, 11, 7]",25.57,65.0,exp,28.9,1.0,65
R8,0.2,exp30,B,False,2,3,65,65,"[9, 12, 7, 5, 5, 9, 11, 7]",25.47,65.0,exp,30.1,1.0,65
R8,0.2,exp30,B,False,2,4,65,65,"[9, 12, 7, 5, 5, 9, 11, 7]",24.27,65.0,exp,30.0,1.0,65
R8,0.2,exp30,B,False,2,5,65,65,"[9, 12, 7, 5, 5, 9, 11, 7]",29.33,65.0,exp,30.0,1.0,65
R8,0.2,exp30,B,False,2,6,65,65,"[9, 12, 7, 5, 5, 9, 11, 7]",24.57,65.0,exp,29.8,1.0,65
R8,0.2,exp30,B,False,2,7,65,65,"[9, 12, 7, 5, 5, 9, 11, 7]",24.4,65.0,exp,29.8,1.0,65
R8,0.2,exp30,B,False,2,8,65,65,"[9, 12, 7, 5, 5, 9, 11, 7]",33.23,65.0,exp,30.0,1.0,65
R8,0.2,exp30,B,False,3,1,78,65,"[9, 12, 7, 5, 5, 9, 11, 7]",7.97,78.0,exp,33.5,1.0,65
R8,0.2,exp30,B,False,3,2,65,65,"[9, 12, 7, 5, 5, 9, 11, 7]",28.5,65.0,exp,31.8,1.0,65
R8,0.2,exp30,B,False,3,3,65,65,"[9, 12, 7, 5, 5, 9, 11, 7]",28.13,65.0,exp,30.3,1.0,65
R8,0.2,exp30,B,False,3,4,65,65,"[9, 12, 7, 5, 5, 9, 11, 7]",27.5,65.0,exp,30.2,1.0,65
R8,0.2,exp30,B,False,3,5,65,65,"[9, 12, 7, 5, 5, 9, 11, 7]",30.2,65.0,exp,30.2,1.0,65
R8,0.2,exp30,B,False,3,6,65,65,"[9, 12, 7, 5, 5, 9, 11, 7]",25.77,65.0,exp,29.9,1.0,65
R8,0.2,exp30,B,False,3,7,65,65,"[9, 12, 7, 5, 5, 9, 11, 7]",26.13,65.0,exp,30.1,1.0,65
R8,0.2,exp30,B,False,3,8,65,65,"[9, 12, 7, 5, 5, 9, 11, 7]",30.53,65.0,exp,30.2,1.0,65
R8,0.2,exp30,B,False,4,1,78,65,"[9, 12, 7, 5, 5, 9, 11, 7]",8.1,78.0,exp,30.2,1.0,65
R8,0.2,exp30,B,False,4,2,65,65,"[9, 12, 7, 5, 5, 9, 11, 7]",21.33,65.0,exp,30.4,1.0,65
R8,0.2,exp30,B,False,4,3,65,65,"[9, 12, 7, 5, 5, 9, 11, 7]",22.47,65.0,exp,30.5,1.0,65
R8,0.2,exp30,B,False,4,4,65,65,"[9, 12, 7, 5, 5, 9, 11, 7]",22.6,65.0,exp,30.9,1.0,65
R8,0.2,exp30,B,False,4,5,65,65,"[9, 12, 7, 5, 5, 9, 11, 7]",24.27,65.0,exp,30.8,1.0,65
R8,0.2,exp30,B,False,4,6,65,65,"[9, 12, 7, 5, 5, 9, 11, 7]",26.03,65.0,exp,30.7,1.0,65
R8,0.2,exp30,B,False,4,7,65,65,"[9, 12, 7, 5, 5, 9, 11, 7]",23.07,65.0,exp,30.6,1.0,65
R8,0.2,exp30,B,False,4,8,65,65,"[9, 12, 7, 5, 5, 9, 11, 7]",27.03,65.0,exp,30.4,1.0,65
R8,0.2,exp30,B,False,5,1,78,65,"[9, 12, 7, 5, 5, 9, 11, 7]",12.63,78.0,exp,31.8,1.0,65
R8,0.2,exp30,B,False,5,2,65,65,"[9, 12, 7, 5, 5, 9, 11, 7]",24.87,65.0,exp,32.4,1.0,65
R8,0.2,exp30,B,False,5,3,65,65,"[9, 12, 7, 5, 5, 9, 11, 7]",22.8,65.0,exp,31.2,1.0,65
R8,0.2,exp30,B,False,5,4,65,65,"[9, 12, 7, 5, 5, 9, 11, 7]",26.97,65.0,exp,30.5,1.0,65
R8,0.2,exp30,B,False,5,5,65,65,"[9, 12, 7, 5, 5, 9, 11, 7]",28.3,65.0,exp,30.7,1.0,65
R8,0.2,exp30,B,False,5,6,65,65,"[9, 12, 7, 5, 5, 9, 11, 7]",29.73,65.0,exp,30.8,1.0,65
R8,0.2,exp30,B,False,5,7,65,65,"[9, 12, 7, 5, 5, 9, 11, 7]",30.9,65.0,exp,30.6,1.0,65
R8,0.2,exp30,B,False,5,8,65,65,"[9, 12, 7, 5, 5, 9, 11, 7]",28.37,65.0,exp,30.5,1.0,65
R8,0.2,exp30,B,False,6,1,78,65,"[9, 12, 7, 5, 5, 9, 11, 7]",9.2,78.0,exp,30.2,1.0,65
R8,0.2,exp30,B,False,6,2,65,65,"[9, 12, 7, 5, 5, 9, 11, 7]",25.43,65.0,exp,29.4,1.0,65
R8,0.2,exp30,B,False,6,3,65,65,"[9, 12, 7, 5, 5, 9, 11, 7]",28.9,65.0,exp,30.2,1.0,65
R8,0.2,exp30,B,False,6,4,65,65,"[9, 12, 7, 5, 5, 9, 11, 7]",25.5,65.0,exp,31.0,1.0,65
R8,0.2,exp30,B,False,6,5,65,65,"[9, 12, 7, 5, 5, 9, 11, 7]",30.87,65.0,exp,30.8,1.0,65
R8,0.2,exp30,B,False,6,6,65,65,"[9, 12, 7, 5, 5, 9, 11, 7]",25.53,65.0,exp,30.3,1.0,65
R8,0.2,exp30,B,False,6,7,65,65,"[9, 12, 7, 5, 5, 9, 11, 7]",21.97,65.0,exp,30.3,1.0,65
R8,0.2,exp30,B,False,6,8,65,65,"[9, 12, 7, 5, 5, 9, 11, 7]",29.97,65.0,exp,30.1,1.0,65
R8,0.2,exp30,B,False,7,1,78,65,"[9, 12, 7, 5, 5, 9, 11, 7]",11.83,78.0,exp,33.1,1.0,65
R8,0.2,exp30,B,False,7,2,65,65,"[9, 12, 7, 5, 5, 9, 11, 7]",36.2,65.0,exp,31.7,1.0,65
R8,0.2,exp30,B,False,7,3,65,65,"[9, 12, 7, 5, 5, 9, 11, 7]",24.47,65.0,exp,31.3,1.0,65
R8,0.2,exp30,B,False,7,4,65,65,"[9, 12, 7, 5, 5, 9, 11, 7]",24.63,65.0,exp,30.8,1.0,65
R8,0.2,exp30,B,False,7,5,65,65,"[9, 12, 7, 5, 5, 9, 11, 7]",26.97,65.0,exp,30.9,1.0,65
R8,0.2,exp30,B,False,7,6,65,65,"[9, 12, 7, 5, 5, 9, 11, 7]",29.6,65.0,exp,30.6,1.0,65
R8,0.2,exp30,B,False,7,7,65,65,"[9, 12, 7, 5, 5, 9, 11, 7]",24.13,65.0,exp,30.4,1.0,65
R8,0.2,exp30,B,False,7,8,65,65,"[9, 12, 7, 5, 5, 9, 11, 7]",27.73,65.0,exp,30.0,1.0,65
R8,0.2,exp30,B,False,8,1,78,65,"[9, 12, 7, 5, 5, 9, 11, 7]",10.73,78.0,exp,34.5,1.0,65
R8,0.2,exp30,B,False,8,2,65,65,"[9, 12, 7, 5, 5, 9, 11, 7]",26.6,65.0,exp,31.0,1.0,65
R8,0.2,exp30,B,False,8,3,65,65,"[9, 12, 7, 5, 5, 9, 11, 7]",29.23,65.0,exp,31.2,1.0,65
R8,0.2,exp30,B,False,8,4,65,65,"[9, 12, 7, 5, 5, 9, 11, 7]",26.67,65.0,exp,31.0,1.0,65
R8,0.2,exp30,B,False,8,5,65,65,"[9, 12, 7, 5, 5, 9, 11, 7]",26.7,65.0,exp,30.7,1.0,65
R8,0.2,exp30,B,False,8,6,65,65,"[9, 12, 7, 5, 5, 9, 11, 7]",23.97,65.0,exp,30.6,1.0,65
R8,0.2,exp30,B,False,8,7,65,65,"[9, 12, 7, 5, 5, 9, 11, 7]",25.4,65.0,exp,30.5,1.0,65
R8,0.2,exp30,B,False,8,8,65,65,"[9, 12, 7, 5, 5, 9, 11, 7]",30.23,65.0,exp,30.5,1.0,65
R8,0.2,exp30,B,False,9,1,78,65,"[9, 12, 7, 5, 5, 9, 11, 7]",10.4,78.0,exp,29.2,1.0,65
R8,0.2,exp30,B,False,9,2,65,65,"[9, 12, 7, 5, 5, 9, 11, 7]",20.13,65.0,exp,30.1,1.0,65
R8,0.2,exp30,B,False,9,3,65,65,"[9, 12, 7, 5, 5, 9, 11, 7]",25.67,65.0,exp,30.4,1.0,65
R8,0.2,exp30,B,False,9,4,65,65,"[9, 12, 7, 5, 5, 9, 11, 7]",28.97,65.0,exp,30.2,1.0,65
R8,0.2,exp30,B,False,9,5,65,65,"[9, 12, 7, 5, 5, 9, 11, 7]",34.5,65.0,exp,30.3,1.0,65
R8,0.2,exp30,B,False,9,6,65,65,"[9, 12, 7, 5, 5, 9, 11, 7]",27.5,65.0,exp,30.5,1.0,65
R8,0.2,exp30,B,False,9,7,65,65,"[9, 12, 7, 5, 5, 9, 11, 7]",26.47,65.0,exp,30.2,1.0,65
R8,0.2,exp30,B,False,9,8,65,65,"[9, 12, 7, 5, 5, 9, 11, 7]",27.57,65.0,exp,30.1,1.0,65
R8,0.2,exp30,A,True,0,1,78,65,"[9, 12, 7, 5, 5, 9, 11, 7]",9.43,77.2,exp,31.8,1.0,65
R8,0.2,exp30,A,True,0,2,65,65,"[9, 12, 7, 5, 5, 9, 11, 7]",29.53,64.2,exp,30.3,1.0,65
R8,0.2,exp30,A,True,0,3,65,65,"[9, 12, 7, 5, 5, 9, 11, 7]",25.4,64.2,exp,30.5,1.0,65
R8,0.2,exp30,A,True,0,4,65,65,"[9, 12, 7, 5, 5, 9, 11, 7]",31.83,64.2,exp,31.0,1.0,65
R8,0.2,exp30,A,True,0,5,65,65,"[9, 12, 7, 5, 5, 9, 11, 7]",30.83,64.2,exp,31.4,1.0,65
R8,0.2,exp30,A,True,0,6,65,65,"[9, 12, 7, 5, 5, 9, 11, 7]",27.67,64.2,exp,31.0,1.0,65
R8,0.2,exp30,A,True,0,7,65,65,"[9, 12, 7, 5, 5, 9, 11, 7]",26.0,64.2,exp,31.0,1.0,65
R8,0.2,exp30,A,True,0,8,65,65,"[9, 12, 7, 5, 5, 9, 11, 7]",28.6,64.2,exp,30.8,1.0,65
R8,0.2,exp30,A,True,1,1,78,65,"[9, 12, 7, 5, 5, 9, 11, 7]",9.63,77.2,exp,32.1,1.0,65
R8,0.2,exp30,A,True,1,2,65,65,"[9, 12, 7, 5, 5, 9, 11, 7]",35.17,64.2,exp,30.4,1.0,65
R8,0.2,exp30,A,True,1,3,65,65,"[9, 12, 7, 5, 5, 9, 11, 7]",29.33,64.2,exp,30.1,1.0,65
R8,0.2,exp30,A,True,1,4,65,65,"[9, 12, 7, 5, 5, 9, 11, 7]",28.23,64.2,exp,30.1,1.0,65
R8,0.2,exp30,A,True,1,5,65,65,"[9, 12, 7, 5, 5, 9, 11, 7]",28.13,64.2,exp,30.0,1.0,65
R8,0.2,exp30,A,True,1,6,65,65,"[9, 12, 7, 5, 5, 9, 11, 7]",31.33,64.2,exp,29.7,1.0,65
R8,0.2,exp30,A,True,1,7,65,65,"[9, 12, 7, 5, 5, 9, 11, 7]",29.43,64.2,exp,29.7,1.0,65
R8,0.2,exp30,A,True,1,8,65,65,"[9, 12, 7, 5, 5, 9, 11, 7]",28.77,64.2,exp,30.0,1.0,65
R8,0.2,exp30,A,True,2,1,78,65,"[9, 12, 7, 5, 5, 9, 11, 7]",10.73,77.2,exp,27.7,1.0,65
R8,0.2,exp30,A,True,2,2,65,65,"[9, 12, 7, 5, 5, 9, 11, 7]",27.77,64.2,exp,28.3,1.0,65
R8,0.2,exp30,A,True,2,3,65,65,"[9, 12, 7, 5, 5, 9, 11, 7]",27.47,64.2,exp,29.7,1.0,65
R8,0.2,exp30,A,True,2,4,65,65,"[9, 12, 7, 5, 5, 9, 11, 7]",25.73,64.2,exp,29.6,1.0,65
R8,0.2,exp30,A,True,2,5,65,65,"[9, 12, 7, 5, 5, 9, 11, 7]",30.9,64.2,exp,29.7,1.0,65
R8,0.2,exp30,A,True,2,6,65,65,"[9, 12, 7, 5, 5, 9, 11, 7]",26.77,64.2,exp,29.5,1.0,65
R8,0.2,exp30,A,True,2,7,65,65,"[9, 12, 7, 5, 5, 9, 11, 7]",26.33,64.2,exp,29.6,1.0,65
R8,0.2,exp30,A,True,2,8,65,65,"[9, 12, 7, 5, 5, 9, 11, 7]",36.0,64.2,exp,29.9,1.0,65
R8,0.2,exp30,A,True,3,1,78,65,"[9, 12, 7, 5, 5, 9, 11, 7]",8.37,77.2,exp,34.8,1.0,65
R8,0.2,exp30,A,True,3,2,65,65,"[9, 12, 7, 5, 5, 9, 11, 7]",29.97,64.2,exp,32.0,1.0,65
R8,0.2,exp30,A,True,3,3,65,65,"[9, 12, 7, 5, 5, 9, 11, 7]",29.77,64.2,exp,30.4,1.0,65
R8,0.2,exp30,A,True,3,4,65,65,"[9, 12, 7, 5, 5, 9, 11, 7]",29.57,64.2,exp,30.4,1.0,65
R8,0.2,exp30,A,True,3,5,65,65,"[9, 12, 7, 5, 5, 9, 11, 7]",33.97,64.2,exp,30.3,1.0,65
R8,0.2,exp30,A,True,3,6,65,65,"[9, 12, 7, 5, 5, 9, 11, 7]",27.8,64.2,exp,30.0,1.0,65
R8,0.2,exp30,A,True,3,7,65,65,"[9, 12, 7, 5, 5, 9, 11, 7]",27.77,64.2,exp,30.2,1.0,65
R8,0.2,exp30,A,True,3,8,65,65,"[9, 12, 7, 5, 5, 9, 11, 7]",33.1,64.2,exp,30.1,1.0,65
R8,0.2,exp30,A,True,4,1,78,65,"[9, 12, 7, 5, 5, 9, 11, 7]",8.9,77.2,exp,30.2,1.0,65
R8,0.2,exp30,A,True,4,2,65,65,"[9, 12, 7, 5, 5, 9, 11, 7]",22.17,64.2,exp,30.6,1.0,65
R8,0.2,exp30,A,True,4,3,65,65,"[9, 12, 7, 5, 5, 9, 11, 7]",23.83,64.2,exp,30.4,1.0,65
R8,0.2,exp30,A,True,4,4,65,65,"[9, 12, 7, 5, 5, 9, 11, 7]",24.1,64.2,exp,30.7,1.0,65
R8,0.2,exp30,A,True,4,5,65,65,"[9, 12, 7, 5, 5, 9, 11, 7]",25.7,64.2,exp,30.7,1.0,65
R8,0.2,exp30,A,True,4,6,65,65,"[9, 12, 7, 5, 5, 9, 11, 7]",28.9,64.2,exp,30.5,1.0,65
R8,0.2,exp30,A,True,4,7,65,65,"[9, 12, 7, 5, 5, 9, 11, 7]",24.4,64.2,exp,30.5,1.0,65
R8,0.2,exp30,A,True,4,8,65,65,"[9, 12, 7, 5, 5, 9, 11, 7]",30.47,64.2,exp,30.4,1.0,65
R8,0.2,exp30,A,True,5,1,78,65,"[9, 12, 7, 5, 5, 9, 11, 7]",14.2,77.2,exp,32.5,1.0,65
R8,0.2,exp30,A,True,5,2,65,65,"[9, 12, 7, 5, 5, 9, 11, 7]",26.23,64.2,exp,32.1,1.0,65
R8,0.2,exp30,A,True,5,3,65,65,"[9, 12, 7, 5, 5, 9, 11, 7]",24.57,64.2,exp,30.9,1.0,65
R8,0.2,exp30,A,True,5,4,65,65,"[9, 12, 7, 5, 5, 9, 11, 7]",28.7,64.2,exp,30.2,1.0,65
R8,0.2,exp30,A,True,5,5,65,65,"[9, 12, 7, 5, 5, 9, 11, 7]",31.6,64.2,exp,30.4,1.0,65
R8,0.2,exp30,A,True,5,6,65,65,"[9, 12, 7, 5, 5, 9, 11, 7]",31.73,64.2,exp,30.6,1.0,65
R8,0.2,exp30,A,True,5,7,65,65,"[9, 12, 7, 5, 5, 9, 11, 7]",33.53,64.2,exp,30.4,1.0,65
R8,0.2,exp30,A,True,5,8,65,65,"[9, 12, 7, 5, 5, 9, 11, 7]",30.1,64.2,exp,30.3,1.0,65
R8,0.2,exp30,A,True,6,1,78,65,"[9, 12, 7, 5, 5, 9, 11, 7]",9.63,77.2,exp,30.4,1.0,65
R8,0.2,exp30,A,True,6,2,65,65,"[9, 12, 7, 5, 5, 9, 11, 7]",26.47,64.2,exp,29.2,1.0,65
R8,0.2,exp30,A,True,6,3,65,65,"[9, 12, 7, 5, 5, 9, 11, 7]",30.73,64.2,exp,29.7,1.0,65
R8,0.2,exp30,A,True,6,4,65,65,"[9, 12, 7, 5, 5, 9, 11, 7]",26.8,64.2,exp,30.7,1.0,65
R8,0.2,exp30,A,True,6,5,65,65,"[9, 12, 7, 5, 5, 9, 11, 7]",34.5,64.2,exp,30.5,1.0,65
R8,0.2,exp30,A,True,6,6,65,65,"[9, 12, 7, 5, 5, 9, 11, 7]",27.57,64.2,exp,30.1,1.0,65
R8,0.2,exp30,A,True,6,7,65,65,"[9, 12, 7, 5, 5, 9, 11, 7]",23.7,64.2,exp,30.2,1.0,65
R8,0.2,exp30,A,True,6,8,65,65,"[9, 12, 7, 5, 5, 9, 11, 7]",31.53,64.2,exp,30.0,1.0,65
R8,0.2,exp30,A,True,7,1,78,65,"[9, 12, 7, 5, 5, 9, 11, 7]",12.3,77.2,exp,32.9,1.0,65
R8,0.2,exp30,A,True,7,2,65,65,"[9, 12, 7, 5, 5, 9, 11, 7]",38.2,64.2,exp,31.7,1.0,65
R8,0.2,exp30,A,True,7,3,65,65,"[9, 12, 7, 5, 5, 9, 11, 7]",26.43,64.2,exp,31.2,1.0,65
R8,0.2,exp30,A,True,7,4,65,65,"[9, 12, 7, 5, 5, 9, 11, 7]",26.67,64.2,exp,30.8,1.0,65
R8,0.2,exp30,A,True,7,5,65,65,"[9, 12, 7, 5, 5, 9, 11, 7]",29.03,64.2,exp,30.9,1.0,65
R8,0.2,exp30,A,True,7,6,65,65,"[9, 12, 7, 5, 5, 9, 11, 7]",31.77,64.2,exp,30.5,1.0,65
R8,0.2,exp30,A,True,7,7,65,65,"[9, 12, 7, 5, 5, 9, 11, 7]",25.0,64.2,exp,30.3,1.0,65
R8,0.2,exp30,A,True,7,8,65,65,"[9, 12, 7, 5, 5, 9, 11, 7]",29.5,64.2,exp,30.0,1.0,65
R8,0.2,exp30,A,True,8,1,78,65,"[9, 12, 7, 5, 5, 9, 11, 7]",11.23,77.2,exp,35.1,1.0,65
R8,0.2,exp30,A,True,8,2,65,65,"[9, 12, 7, 5, 5, 9, 11, 7]",28.37,64.2,exp,31.2,1.0,65
R8,0.2,exp30,A,True,8,3,65,65,"[9, 12, 7, 5, 5, 9, 11, 7]",31.1,64.2,exp,31.3,1.0,65
R8,0.2,exp30,A,True,8,4,65,65,"[9, 12, 7, 5, 5, 9, 11, 7]",28.73,64.2,exp,31.0,1.0,65
R8,0.2,exp30,A,True,8,5,65,65,"[9, 12, 7, 5, 5, 9, 11, 7]",29.3,64.2,exp,30.7,1.0,65
R8,0.2,exp30,A,True,8,6,65,65,"[9, 12, 7, 5, 5, 9, 11, 7]",26.23,64.2,exp,30.8,1.0,65
R8,0.2,exp30,A,True,8,7,65,65,"[9, 12, 7, 5, 5, 9, 11, 7]",26.73,64.2,exp,30.6,1.0,65
R8,0.2,exp30,A,True,8,8,65,65,"[9, 12, 7, 5, 5, 9, 11, 7]",32.33,64.2,exp,30.6,1.0,65
R8,0.2,exp30,A,True,9,1,78,65,"[9, 12, 7, 5, 5, 9, 11, 7]",11.1,77.2,exp,28.8,1.0,65
R8,0.2,exp30,A,True,9,2,65,65,"[9, 12, 7, 5, 5, 9, 11, 7]",21.37,64.2,exp,30.0,1.0,65
R8,0.2,exp30,A,True,9,3,65,65,"[9, 12, 7, 5, 5, 9, 11, 7]",27.6,64.2,exp,30.3,1.0,65
R8,0.2,exp30,A,True,9,4,65,65,"[9, 12, 7, 5, 5, 9, 11, 7]",31.53,64.2,exp,30.3,1.0,65
R8,0.2,exp30,A,True,9,5,65,65,"[9, 12, 7, 5, 5, 9, 11, 7]",36.77,64.2,exp,30.4,1.0,65
R8,0.2,exp30,A,True,9,6,65,65,"[9, 12, 7, 5, 5, 9, 11, 7]",29.83,64.2,exp,30.5,1.0,65
R8,0.2,exp30,A,True,9,7,65,65,"[9, 12, 7, 5, 5, 9, 11, 7]",27.83,64.2,exp,30.2,1.0,65
R8,0.2,exp30,A,True,9,8,65,65,"[9, 12, 7, 5, 5, 9, 11, 7]",29.6,64.2,exp,30.1,1.0,65
R8,0.2,logn30,A,False,0,1,78,73,"[10, 14, 8, 5, 5, 10, 13, 8]",6.53,78.0,exp,236.3,1.0,69
R8,0.2,logn30,A,False,0,2,73,73,"[10, 14, 8, 5, 5, 10, 13, 8]",13.4,73.0,exp,188.4,1.0,69
R8,0.2,logn30,A,False,0,3,73,73,"[10, 14, 8, 5, 5, 10, 13, 8]",10.57,73.0,exp,180.9,1.0,69
R8,0.2,logn30,A,False,0,4,73,72,"[10, 14, 8, 5, 5, 10, 12, 8]",15.4,73.0,exp,171.0,1.0,69
R8,0.2,logn30,A,False,0,5,72,72,"[10, 14, 8, 5, 5, 10, 12, 8]",16.63,72.0,exp,160.4,1.0,69
R8,0.2,logn30,A,False,0,6,72,72,"[10, 14, 8, 5, 5, 10, 12, 8]",14.37,72.0,exp,161.8,1.0,69
R8,0.2,logn30,A,False,0,7,72,72,"[10, 14, 8, 5, 5, 10, 12, 8]",12.67,72.0,exp,166.1,1.0,69
R8,0.2,logn30,A,False,0,8,72,72,"[10, 14, 8, 5, 5, 10, 12, 8]",17.5,72.0,exp,160.7,1.0,69
R8,0.2,logn30,A,False,1,1,78,72,"[10, 14, 8, 5, 5, 10, 12, 8]",7.13,78.0,exp,172.1,1.0,69
R8,0.2,logn30,A,False,1,2,72,71,"[10, 13, 8, 5, 5, 10, 12, 8]",26.13,72.0,exp,121.9,1.0,69
R8,0.2,logn30,A,False,1,3,71,71,"[10, 13, 8, 5, 5, 10, 12, 8]",18.2,71.0,exp,129.4,1.0,69
R8,0.2,logn30,A,False,1,4,71,71,"[10, 13, 8, 5, 5, 10, 12, 8]",17.37,71.0,exp,131.7,1.0,69
R8,0.2,logn30,A,False,1,5,71,71,"[10, 13, 8, 5, 5, 10, 12, 8]",17.73,71.0,exp,134.8,1.0,69
R8,0.2,logn30,A,False,1,6,71,71,"[10, 13, 8, 5, 5, 10, 12, 8]",17.43,71.0,exp,137.6,1.0,69
R8,0.2,logn30,A,False,1,7,71,71,"[10, 13, 8, 5, 5, 10, 12, 8]",16.87,71.0,exp,138.4,1.0,69
R8,0.2,logn30,A,False,1,8,71,72,"[10, 14, 8, 5, 5, 10, 12, 8]",17.53,71.0,exp,142.6,1.0,69
R8,0.2,logn30,A,False,2,1,78,73,"[10, 14, 8, 5, 5, 10, 13, 8]",8.83,78.0,exp,242.8,1.0,69
R8,0.2,logn30,A,False,2,2,73,73,"[10, 14, 8, 5, 5, 10, 13, 8]",11.53,73.0,exp,186.6,1.0,69
R8,0.2,logn30,A,False,2,3,73,73,"[10, 14, 8, 5, 5, 10, 13, 8]",10.1,73.0,exp,190.8,1.0,69
R8,0.2,logn30,A,False,2,4,73,73,"[10, 14, 8, 5, 5, 10, 13, 8]",12.73,73.0,exp,181.4,1.0,69
R8,0.2,logn30,A,False,2,5,73,72,"[10, 14, 8, 5, 5, 10, 12, 8]",17.1,73.0,exp,165.8,1.0,69
R8,0.2,logn30,A,False,2,6,72,72,"[10, 14, 8, 5, 5, 10, 12, 8]",12.93,72.0,exp,166.7,1.0,69
R8,0.2,logn30,A,False,2,7,72,72,"[10, 14, 8, 5, 5, 10, 12, 8]",12.9,72.0,exp,169.4,1.0,69
R8,0.2,logn30,A,False,2,8,72,72,"[10, 14, 8, 5, 5, 10, 12, 8]",21.07,72.0,exp,165.7,1.0,69
R8,0.2,logn30,A,False,3,1,78,73,"[10, 14, 8, 5, 5, 10, 13, 8]",6.6,78.0,exp,194.8,1.0,69
R8,0.2,logn30,A,False,3,2,73,72,"[10, 14, 8, 5, 5, 10, 12, 8]",14.73,73.0,exp,151.9,1.0,69
R8,0.2,logn30,A,False,3,3,72,72,"[10, 14, 8, 5, 5, 10, 12, 8]",15.93,72.0,exp,150.9,1.0,69
R8,0.2,logn30,A,False,3,4,72,72,"[10, 14, 8, 5, 5, 10, 12, 8]",18.83,72.0,exp,144.8,1.0,69
R8,0.2,logn30,A,False,3,5,72,72,"[10, 14, 8, 5, 5, 10, 12, 8]",18.37,72.0,exp,142.8,1.0,69
R8,0.2,logn30,A,False,3,6,72,72,"[10, 14, 8, 5, 5, 10, 12, 8]",13.7,72.0,exp,146.8,1.0,69
R8,0.2,logn30,A,False,3,7,72,72,"[10, 14, 8, 5, 5, 10, 12, 8]",14.57,72.0,exp,149.4,1.0,69
R8,0.2,logn30,A,False,3,8,72,72,"[10, 14, 8, 5, 5, 10, 12, 8]",18.97,72.0,exp,145.5,1.0,69
R8,0.2,logn30,A,False,4,1,78,73,"[10, 14, 8, 5, 5, 10, 13, 8]",6.7,78.0,exp,230.5,1.0,69
R8,0.2,logn30,A,False,4,2,73,73,"[10, 14, 8, 5, 5, 10, 13, 8]",10.03,73.0,exp,202.7,1.0,69
R8,0.2,logn30,A,False,4,3,73,73,"[10, 14, 8, 5, 5, 10, 13, 8]",10.5,73.0,exp,203.5,1.0,69
R8,0.2,logn30,A,False,4,4,73,73,"[10, 14, 8, 5, 5, 10, 13, 8]",9.67,73.0,exp,198.2,1.0,69
R8,0.2,logn30,A,False,4,5,73,73,"[10, 14, 8, 5, 5, 10, 13, 8]",11.77,73.0,exp,189.7,1.0,69
R8,0.2,logn30,A,False,4,6,73,73,"[10, 14, 8, 5, 5, 10, 13, 8]",11.53,73.0,exp,182.0,1.0,69
R8,0.2,logn30,A,False,4,7,73,73,"[10, 14, 8, 5, 5, 10, 13, 8]",7.2,73.0,exp,188.4,1.0,69
R8,0.2,logn30,A,False,4,8,73,73,"[10, 14, 8, 5, 5, 10, 13, 8]",13.2,73.0,exp,184.1,1.0,69
R8,0.2,logn30,A,False,5,1,78,73,"[10, 14, 8, 5, 5, 10, 13, 8]",10.07,78.0,exp,180.6,1.0,69
R8,0.2,logn30,A,False,5,2,73,72,"[10, 14, 8, 5, 5, 10, 12, 8]",11.7,73.0,exp,167.4,1.0,69
R8,0.2,logn30,A,False,5,3,72,72,"[10, 14, 8, 5, 5, 10, 12, 8]",13.97,72.0,exp,172.4,1.0,69
R8,0.2,logn30,A,False,5,4,72,72,"[10, 14, 8, 5, 5, 10, 12, 8]",14.8,72.0,exp,174.5,1.0,69
R8,0.2,logn30,A,False,5,5,72,72,"[10, 14, 8, 5, 5, 10, 12, 8]",14.6,72.0,exp,172.0,1.0,69
R8,0.2,logn30,A,False,5,6,72,72,"[10, 14, 8, 5, 5, 10, 12, 8]",15.53,72.0,exp,169.4,1.0,69
R8,0.2,logn30,A,False,5,7,72,72,"[10, 14, 8, 5, 5, 10, 12, 8]",19.93,72.0,exp,165.6,1.0,69
R8,0.2,logn30,A,False,5,8,72,72,"[10, 14, 8, 5, 5, 10, 12, 8]",13.77,72.0,exp,166.0,1.0,69
R8,0.2,logn30,A,False,6,1,78,73,"[10, 14, 8, 5, 5, 10, 13, 8]",7.27,78.0,exp,210.9,1.0,69
R8,0.2,logn30,A,False,6,2,73,72,"[10, 14, 8, 5, 5, 10, 12, 8]",13.1,73.0,exp,162.4,1.0,69
R8,0.2,logn30,A,False,6,3,72,72,"[10, 14, 8, 5, 5, 10, 12, 8]",17.83,72.0,exp,164.1,1.0,69
R8,0.2,logn30,A,False,6,4,72,72,"[10, 14, 8, 5, 5, 10, 12, 8]",13.6,72.0,exp,165.7,1.0,69
R8,0.2,logn30,A,False,6,5,72,72,"[10, 14, 8, 5, 5, 10, 12, 8]",17.67,72.0,exp,158.7,1.0,69
R8,0.2,logn30,A,False,6,6,72,72,"[10, 14, 8, 5, 5, 10, 12, 8]",14.73,72.0,exp,162.7,1.0,69
R8,0.2,logn30,A,False,6,7,72,72,"[10, 14, 8, 5, 5, 10, 12, 8]",10.93,72.0,exp,166.5,1.0,69
R8,0.2,logn30,A,False,6,8,72,72,"[10, 14, 8, 5, 5, 10, 12, 8]",17.23,72.0,exp,165.0,1.0,69
R8,0.2,logn30,A,False,7,1,78,72,"[10, 14, 8, 5, 5, 10, 12, 8]",9.53,78.0,exp,172.4,1.0,69
R8,0.2,logn30,A,False,7,2,72,71,"[10, 13, 8, 5, 5, 10, 12, 8]",24.87,72.0,exp,134.3,1.0,69
R8,0.2,logn30,A,False,7,3,71,72,"[10, 14, 8, 5, 5, 10, 12, 8]",15.8,71.0,exp,144.4,1.0,69
R8,0.2,logn30,A,False,7,4,72,72,"[10, 14, 8, 5, 5, 10, 12, 8]",11.23,72.0,exp,157.5,1.0,69
R8,0.2,logn30,A,False,7,5,72,72,"[10, 14, 8, 5, 5, 10, 12, 8]",16.87,72.0,exp,154.5,1.0,69
R8,0.2,logn30,A,False,7,6,72,72,"[10, 14, 8, 5, 5, 10, 12, 8]",15.4,72.0,exp,155.1,1.0,69
R8,0.2,logn30,A,False,7,7,72,72,"[10, 14, 8, 5, 5, 10, 12, 8]",13.03,72.0,exp,156.4,1.0,69
R8,0.2,logn30,A,False,7,8,72,72,"[10, 14, 8, 5, 5, 10, 12, 8]",18.57,72.0,exp,151.7,1.0,69
R8,0.2,logn30,A,False,8,1,78,73,"[10, 14, 8, 5, 5, 10, 13, 8]",7.47,78.0,exp,178.5,1.0,69
R8,0.2,logn30,A,False,8,2,73,72,"[10, 14, 8, 5, 5, 10, 12, 8]",15.03,73.0,exp,156.2,1.0,69
R8,0.2,logn30,A,False,8,3,72,72,"[10, 14, 8, 5, 5, 10, 12, 8]",20.0,72.0,exp,145.2,1.0,69
R8,0.2,logn30,A,False,8,4,72,72,"[10, 14, 8, 5, 5, 10, 12, 8]",17.27,72.0,exp,147.7,1.0,69
R8,0.2,logn30,A,False,8,5,72,72,"[10, 14, 8, 5, 5, 10, 12, 8]",16.93,72.0,exp,148.4,1.0,69
R8,0.2,logn30,A,False,8,6,72,72,"[10, 14, 8, 5, 5, 10, 12, 8]",12.63,72.0,exp,149.7,1.0,69
R8,0.2,logn30,A,False,8,7,72,72,"[10, 14, 8, 5, 5, 10, 12, 8]",10.57,72.0,exp,157.0,1.0,69
R8,0.2,logn30,A,False,8,8,72,72,"[10, 14, 8, 5, 5, 10, 12, 8]",20.6,72.0,exp,154.5,1.0,69
R8,0.2,logn30,A,False,9,1,78,72,"[10, 14, 8, 5, 5, 10, 12, 8]",8.17,78.0,exp,175.2,1.0,69
R8,0.2,logn30,A,False,9,2,72,73,"[10, 14, 8, 5, 5, 10, 13, 8]",12.07,72.0,exp,179.5,1.0,69
R8,0.2,logn30,A,False,9,3,73,73,"[10, 14, 8, 5, 5, 10, 13, 8]",8.23,73.0,exp,189.1,1.0,69
R8,0.2,logn30,A,False,9,4,73,72,"[10, 14, 8, 5, 5, 10, 12, 8]",17.5,73.0,exp,165.8,1.0,69
R8,0.2,logn30,A,False,9,5,72,72,"[10, 14, 8, 5, 5, 10, 12, 8]",22.67,72.0,exp,157.2,1.0,69
R8,0.2,logn30,A,False,9,6,72,72,"[10, 14, 8, 5, 5, 10, 12, 8]",14.13,72.0,exp,159.5,1.0,69
R8,0.2,logn30,A,False,9,7,72,72,"[10, 14, 8, 5, 5, 10, 12, 8]",16.83,72.0,exp,161.3,1.0,69
R8,0.2,logn30,A,False,9,8,72,72,"[10, 14, 8, 5, 5, 10, 12, 8]",16.67,72.0,exp,156.9,1.0,69
R8,0.2,logn30,B,False,0,1,78,69,"[10, 13, 7, 5, 5, 10, 12, 7]",6.53,78.0,lognormal,30.9,0.501,69
R8,0.2,logn30,B,False,0,2,69,69,"[10, 13, 7, 5, 5, 10, 12, 7]",23.83,69.0,lognormal,30.7,0.501,69
R8,0.2,logn30,B,False,0,3,69,69,"[10, 13, 7, 5, 5, 10, 12, 7]",18.0,69.0,lognormal,29.7,0.478,69
R8,0.2,logn30,B,False,0,4,69,69,"[10, 13, 7, 5, 5, 10, 12, 7]",29.7,69.0,lognormal,30.1,0.494,69
R8,0.2,logn30,B,False,0,5,69,69,"[10, 13, 7, 5, 5, 10, 12, 7]",26.4,69.0,lognormal,30.3,0.504,69
R8,0.2,logn30,B,False,0,6,69,69,"[10, 13, 7, 5, 5, 10, 12, 7]",21.33,69.0,lognormal,30.1,0.499,69
R8,0.2,logn30,B,False,0,7,69,69,"[10, 13, 7, 5, 5, 10, 12, 7]",19.93,69.0,lognormal,30.2,0.501,69
R8,0.2,logn30,B,False,0,8,69,69,"[10, 13, 7, 5, 5, 10, 12, 7]",25.73,69.0,lognormal,30.3,0.502,69
R8,0.2,logn30,B,False,1,1,78,69,"[10, 13, 7, 5, 5, 10, 12, 7]",7.13,78.0,lognormal,31.7,0.56,69
R8,0.2,logn30,B,False,1,2,69,69,"[10, 13, 7, 5, 5, 10, 12, 7]",33.03,69.0,lognormal,29.2,0.493,69
R8,0.2,logn30,B,False,1,3,69,69,"[10, 13, 7, 5, 5, 10, 12, 7]",24.8,69.0,lognormal,29.1,0.486,69
R8,0.2,logn30,B,False,1,4,69,69,"[10, 13, 7, 5, 5, 10, 12, 7]",22.73,69.0,lognormal,29.2,0.486,69
R8,0.2,logn30,B,False,1,5,69,69,"[10, 13, 7, 5, 5, 10, 12, 7]",23.43,69.0,lognormal,29.6,0.491,69
R8,0.2,logn30,B,False,1,6,69,69,"[10, 13, 7, 5, 5, 10, 12, 7]",23.3,69.0,lognormal,29.8,0.495,69
R8,0.2,logn30,B,False,1,7,69,69,"[10, 13, 7, 5, 5, 10, 12, 7]",23.13,69.0,lognormal,29.9,0.498,69
R8,0.2,logn30,B,False,1,8,69,69,"[10, 13, 7, 5, 5, 10, 12, 7]",22.3,69.0,lognormal,30.0,0.499,69
R8,0.2,logn30,B,False,2,1,78,71,"[10, 13, 8, 5, 5, 10, 12, 8]",8.83,78.0,lognormal,37.1,0.6,69
R8,0.2,logn30,B,False,2,2,71,69,"[10, 13, 7, 5, 5, 10, 12, 7]",17.53,71.0,lognormal,30.8,0.516,69
R8,0.2,logn30,B,False,2,3,69,69,"[10, 13, 7, 5, 5, 10, 12, 7]",22.1,69.0,lognormal,31.9,0.545,69
R8,0.2,logn30,B,False,2,4,69,69,"[10, 13, 7, 5, 5, 10, 12, 7]",21.87,69.0,lognormal,31.1,0.532,69
R8,0.2,logn30,B,False,2,5,69,69,"[10, 13, 7, 5, 5, 10, 12, 7]",30.27,69.0,lognormal,30.3,0.516,69
R8,0.2,logn30,B,False,2,6,69,69,"[10, 13, 7, 5, 5, 10, 12, 7]",20.37,69.0,lognormal,30.2,0.512,69
R8,0.2,logn30,B,False,2,7,69,69,"[10, 13, 7, 5, 5, 10, 12, 7]",19.6,69.0,lognormal,30.0,0.502,69
R8,0.2,logn30,B,False,2,8,69,69,"[10, 13, 7, 5, 5, 10, 12, 7]",29.8,69.0,lognormal,30.3,0.51,69
R8,0.2,logn30,B,False,3,1,78,69,"[10, 13, 7, 5, 5, 10, 12, 7]",6.6,78.0,lognormal,28.2,0.458,69
R8,0.2,logn30,B,False,3,2,69,69,"[10, 13, 7, 5, 5, 10, 12, 7]",27.13,69.0,lognormal,29.5,0.474,69
R8,0.2,logn30,B,False,3,3,69,69,"[10, 13, 7, 5, 5, 10, 12, 7]",24.6,69.0,lognormal,30.1,0.498,69
R8,0.2,logn30,B,False,3,4,69,69,"[10, 13, 7, 5, 5, 10, 12, 7]",26.93,69.0,lognormal,29.9,0.485,69
R8,0.2,logn30,B,False,3,5,69,69,"[10, 13, 7, 5, 5, 10, 12, 7]",29.5,69.0,lognormal,30.1,0.485,69
R8,0.2,logn30,B,False,3,6,69,69,"[10, 13, 7, 5, 5, 10, 12, 7]",22.57,69.0,lognormal,30.0,0.484,69
R8,0.2,logn30,B,False,3,7,69,69,"[10, 13, 7, 5, 5, 10, 12, 7]",21.07,69.0,lognormal,30.0,0.489,69
R8,0.2,logn30,B,False,3,8,69,69,"[10, 13, 7, 5, 5, 10, 12, 7]",27.53,69.0,lognormal,30.0,0.492,69
R8,0.2,logn30,B,False,4,1,78,69,"[10, 13, 7, 5, 5, 10, 12, 7]",6.7,78.0,lognormal,27.9,0.455,69
R8,0.2,logn30,B,False,4,2,69,69,"[10, 13, 7, 5, 5, 10, 12, 7]",19.2,69.0,lognormal,30.4,0.49,69
R8,0.2,logn30,B,False,4,3,69,69,"[10, 13, 7, 5, 5, 10, 12, 7]",19.33,69.0,lognormal,30.8,0.507,69
R8,0.2,logn30,B,False,4,4,69,69,"[10, 13, 7, 5, 5, 10, 12, 7]",18.17,69.0,lognormal,31.2,0.516,69
R8,0.2,logn30,B,False,4,5,69,69,"[10, 13, 7, 5, 5, 10, 12, 7]",20.33,69.0,lognormal,31.2,0.524,69
R8,0.2,logn30,B,False,4,6,69,69,"[10, 13, 7, 5, 5, 10, 12, 7]",22.63,69.0,lognormal,30.3,0.508,69
R8,0.2,logn30,B,False,4,7,69,69,"[10, 13, 7, 5, 5, 10, 12, 7]",19.1,69.0,lognormal,30.1,0.504,69
R8,0.2,logn30,B,False,4,8,69,69,"[10, 13, 7, 5, 5, 10, 12, 7]",20.53,69.0,lognormal,29.7,0.495,69
R8,0.2,logn30,B,False,5,1,78,69,"[10, 13, 7, 5, 5, 10, 12, 7]",10.07,78.0,lognormal,29.7,0.48,69
R8,0.2,logn30,B,False,5,2,69,69,"[10, 13, 7, 5, 5, 10, 12, 7]",23.87,69.0,lognormal,30.0,0.495,69
R8,0.2,logn30,B,False,5,3,69,69,"[10, 13, 7, 5, 5, 10, 12, 7]",22.13,69.0,lognormal,29.7,0.483,69
R8,0.2,logn30,B,False,5,4,69,69,"[10, 13, 7, 5, 5, 10, 12, 7]",26.17,69.0,lognormal,29.5,0.477,69
R8,0.2,logn30,B,False,5,5,69,69,"[10, 13, 7, 5, 5, 10, 12, 7]",24.1,69.0,lognormal,29.7,0.483,69
R8,0.2,logn30,B,False,5,6,69,69,"[10, 13, 7, 5, 5, 10, 12, 7]",25.67,69.0,lognormal,29.5,0.478,69
R8,0.2,logn30,B,False,5,7,69,69,"[10, 13, 7, 5, 5, 10, 12, 7]",31.17,69.0,lognormal,29.7,0.486,69
R8,0.2,logn30,B,False,5,8,69,69,"[10, 13, 7, 5, 5, 10, 12, 7]",25.2,69.0,lognormal,29.7,0.483,69
R8,0.2,logn30,B,False,6,1,78,69,"[10, 13, 7, 5, 5, 10, 12, 7]",7.27,78.0,lognormal,29.8,0.504,69
R8,0.2,logn30,B,False,6,2,69,69,"[10, 13, 7, 5, 5, 10, 12, 7]",21.87,69.0,lognormal,29.6,0.499,69
R8,0.2,logn30,B,False,6,3,69,69,"[10, 13, 7, 5, 5, 10, 12, 7]",28.07,69.0,lognormal,29.6,0.493,69
R8,0.2,logn30,B,False,6,4,69,69,"[10, 13, 7, 5, 5, 10, 12, 7]",22.3,69.0,lognormal,30.1,0.502,69
R8,0.2,logn30,B,False,6,5,69,69,"[10, 13, 7, 5, 5, 10, 12, 7]",27.57,69.0,lognormal,29.6,0.491,69
R8,0.2,logn30,B,False,6,6,69,69,"[10, 13, 7, 5, 5, 10, 12, 7]",25.2,69.0,lognormal,29.6,0.49,69
R8,0.2,logn30,B,False,6,7,69,69,"[10, 13, 7, 5, 5, 10, 12, 7]",19.1,69.0,lognormal,29.7,0.491,69
R8,0.2,logn30,B,False,6,8,69,69,"[10, 13, 7, 5, 5, 10, 12, 7]",26.23,69.0,lognormal,29.7,0.496,69
R8,0.2,logn30,B,False,7,1,78,69,"[10, 13, 7, 5, 5, 10, 12, 7]",9.53,78.0,lognormal,29.5,0.471,69
R8,0.2,logn30,B,False,7,2,69,69,"[10, 13, 7, 5, 5, 10, 12, 7]",36.17,69.0,lognormal,29.8,0.492,69
R8,0.2,logn30,B,False,7,3,69,69,"[10, 13, 7, 5, 5, 10, 12, 7]",19.77,69.0,lognormal,30.4,0.503,69
R8,0.2,logn30,B,False,7,4,69,69,"[10, 13, 7, 5, 5, 10, 12, 7]",18.07,69.0,lognormal,30.7,0.516,69
R8,0.2,logn30,B,False,7,5,69,69,"[10, 13, 7, 5, 5, 10, 12, 7]",27.67,69.0,lognormal,30.6,0.513,69
R8,0.2,logn30,B,False,7,6,69,69,"[10, 13, 7, 5, 5, 10, 12, 7]",22.07,69.0,lognormal,30.5,0.514,69
R8,0.2,logn30,B,False,7,7,69,69,"[10, 13, 7, 5, 5, 10, 12, 7]",19.67,69.0,lognormal,30.6,0.517,69
R8,0.2,logn30,B,False,7,8,69,69,"[10, 13, 7, 5, 5, 10, 12, 7]",24.8,69.0,lognormal,30.3,0.511,69
R8,0.2,logn30,B,False,8,1,78,69,"[10, 13, 7, 5, 5, 10, 12, 7]",7.47,78.0,lognormal,30.4,0.523,69
R8,0.2,logn30,B,False,8,2,69,69,"[10, 13, 7, 5, 5, 10, 12, 7]",28.13,69.0,lognormal,31.1,0.541,69
R8,0.2,logn30,B,False,8,3,69,69,"[10, 13, 7, 5, 5, 10, 12, 7]",26.27,69.0,lognormal,30.3,0.512,69
R8,0.2,logn30,B,False,8,4,69,69,"[10, 13, 7, 5, 5, 10, 12, 7]",25.17,69.0,lognormal,30.2,0.502,69
R8,0.2,logn30,B,False,8,5,69,69,"[10, 13, 7, 5, 5, 10, 12, 7]",25.67,69.0,lognormal,30.2,0.508,69
R8,0.2,logn30,B,False,8,6,69,69,"[10, 13, 7, 5, 5, 10, 12, 7]",19.13,69.0,lognormal,30.4,0.515,69
R8,0.2,logn30,B,False,8,7,69,69,"[10, 13, 7, 5, 5, 10, 12, 7]",19.73,69.0,lognormal,30.5,0.514,69
R8,0.2,logn30,B,False,8,8,69,69,"[10, 13, 7, 5, 5, 10, 12, 7]",29.0,69.0,lognormal,30.4,0.51,69
R8,0.2,logn30,B,False,9,1,78,69,"[10, 13, 7, 5, 5, 10, 12, 7]",8.17,78.0,lognormal,31.3,0.554,69
R8,0.2,logn30,B,False,9,2,69,69,"[10, 13, 7, 5, 5, 10, 12, 7]",17.57,69.0,lognormal,31.2,0.523,69
R8,0.2,logn30,B,False,9,3,69,69,"[10, 13, 7, 5, 5, 10, 12, 7]",19.3,69.0,lognormal,29.9,0.499,69
R8,0.2,logn30,B,False,9,4,69,69,"[10, 13, 7, 5, 5, 10, 12, 7]",26.67,69.0,lognormal,29.8,0.49,69
R8,0.2,logn30,B,False,9,5,69,69,"[10, 13, 7, 5, 5, 10, 12, 7]",33.47,69.0,lognormal,30.0,0.498,69
R8,0.2,logn30,B,False,9,6,69,69,"[10, 13, 7, 5, 5, 10, 12, 7]",24.2,69.0,lognormal,30.0,0.499,69
R8,0.2,logn30,B,False,9,7,69,69,"[10, 13, 7, 5, 5, 10, 12, 7]",25.0,69.0,lognormal,30.1,0.503,69
R8,0.2,logn30,B,False,9,8,69,69,"[10, 13, 7, 5, 5, 10, 12, 7]",23.33,69.0,lognormal,29.9,0.5,69
R8,0.2,logn30,A,True,0,1,78,73,"[10, 14, 8, 5, 5, 10, 13, 8]",7.6,77.2,exp,217.6,1.0,69
R8,0.2,logn30,A,True,0,2,73,72,"[10, 14, 8, 5, 5, 10, 12, 8]",14.97,72.2,exp,171.7,1.0,69
R8,0.2,logn30,A,True,0,3,72,72,"[10, 14, 8, 5, 5, 10, 12, 8]",13.77,71.2,exp,166.7,1.0,69
R8,0.2,logn30,A,True,0,4,72,72,"[10, 14, 8, 5, 5, 10, 12, 8]",23.27,71.2,exp,150.7,1.0,69
R8,0.2,logn30,A,True,0,5,72,72,"[10, 14, 8, 5, 5, 10, 12, 8]",19.43,71.2,exp,141.8,1.0,69
R8,0.2,logn30,A,True,0,6,72,72,"[10, 14, 8, 5, 5, 10, 12, 8]",17.27,71.2,exp,144.1,1.0,69
R8,0.2,logn30,A,True,0,7,72,72,"[10, 14, 8, 5, 5, 10, 12, 8]",15.63,71.2,exp,146.4,1.0,69
R8,0.2,logn30,A,True,0,8,72,72,"[10, 14, 8, 5, 5, 10, 12, 8]",20.3,71.2,exp,143.2,1.0,69
R8,0.2,logn30,A,True,1,1,78,72,"[10, 14, 8, 5, 5, 10, 12, 8]",9.4,77.2,exp,147.6,1.0,69
R8,0.2,logn30,A,True,1,2,72,71,"[10, 13, 8, 5, 5, 10, 12, 8]",28.67,71.2,exp,116.9,1.0,69
R8,0.2,logn30,A,True,1,3,71,71,"[10, 13, 8, 5, 5, 10, 12, 8]",19.2,70.2,exp,125.9,1.0,69
R8,0.2,logn30,A,True,1,4,71,71,"[10, 13, 8, 5, 5, 10, 12, 8]",20.93,70.2,exp,125.3,1.0,69
R8,0.2,logn30,A,True,1,5,71,71,"[10, 13, 8, 5, 5, 10, 12, 8]",21.2,70.2,exp,126.0,1.0,69
R8,0.2,logn30,A,True,1,6,71,71,"[10, 13, 8, 5, 5, 10, 12, 8]",19.8,70.2,exp,128.4,1.0,69
R8,0.2,logn30,A,True,1,7,71,71,"[10, 13, 8, 5, 5, 10, 12, 8]",19.4,70.2,exp,128.7,1.0,69
R8,0.2,logn30,A,True,1,8,71,71,"[10, 13, 8, 5, 5, 10, 12, 8]",19.4,70.2,exp,133.3,1.0,69
R8,0.2,logn30,A,True,2,1,78,73,"[10, 14, 8, 5, 5, 10, 13, 8]",11.9,77.2,exp,198.8,1.0,69
R8,0.2,logn30,A,True,2,2,73,72,"[10, 14, 8, 5, 5, 10, 12, 8]",14.2,72.2,exp,166.5,1.0,69
R8,0.2,logn30,A,True,2,3,72,72,"[10, 14, 8, 5, 5, 10, 12, 8]",14.63,71.2,exp,165.8,1.0,69
R8,0.2,logn30,A,True,2,4,72,72,"[10, 14, 8, 5, 5, 10, 12, 8]",18.57,71.2,exp,155.5,1.0,69
R8,0.2,logn30,A,True,2,5,72,72,"[10, 14, 8, 5, 5, 10, 12, 8]",22.33,71.2,exp,143.5,1.0,69
R8,0.2,logn30,A,True,2,6,72,72,"[10, 14, 8, 5, 5, 10, 12, 8]",16.3,71.2,exp,145.3,1.0,69
R8,0.2,logn30,A,True,2,7,72,72,"[10, 14, 8, 5, 5, 10, 12, 8]",14.0,71.2,exp,148.8,1.0,69
R8,0.2,logn30,A,True,2,8,72,72,"[10, 14, 8, 5, 5, 10, 12, 8]",24.73,71.2,exp,147.5,1.0,69
R8,0.2,logn30,A,True,3,1,78,73,"[10, 14, 8, 5, 5, 10, 13, 8]",7.3,77.2,exp,188.8,1.0,69
R8,0.2,logn30,A,True,3,2,73,72,"[10, 14, 8, 5, 5, 10, 12, 8]",16.6,72.2,exp,146.5,1.0,69
R8,0.2,logn30,A,True,3,3,72,72,"[10, 14, 8, 5, 5, 10, 12, 8]",17.0,71.2,exp,145.7,1.0,69
R8,0.2,logn30,A,True,3,4,72,71,"[10, 13, 8, 5, 5, 10, 12, 8]",20.43,71.2,exp,139.9,1.0,69
R8,0.2,logn30,A,True,3,5,71,71,"[10, 13, 8, 5, 5, 10, 12, 8]",24.33,70.2,exp,136.6,1.0,69
R8,0.2,logn30,A,True,3,6,71,71,"[10, 13, 8, 5, 5, 10, 12, 8]",17.67,70.2,exp,138.4,1.0,69
R8,0.2,logn30,A,True,3,7,71,71,"[10, 13, 8, 5, 5, 10, 12, 8]",18.4,70.2,exp,139.7,1.0,69
R8,0.2,logn30,A,True,3,8,71,71,"[10, 13, 8, 5, 5, 10, 12, 8]",24.1,70.2,exp,135.7,1.0,69
R8,0.2,logn30,A,True,4,1,78,73,"[10, 14, 8, 5, 5, 10, 13, 8]",7.87,77.2,exp,209.9,1.0,69
R8,0.2,logn30,A,True,4,2,73,73,"[10, 14, 8, 5, 5, 10, 13, 8]",10.8,72.2,exp,190.3,1.0,69
R8,0.2,logn30,A,True,4,3,73,73,"[10, 14, 8, 5, 5, 10, 13, 8]",12.07,72.2,exp,185.3,1.0,69
R8,0.2,logn30,A,True,4,4,73,73,"[10, 14, 8, 5, 5, 10, 13, 8]",11.0,72.2,exp,181.9,1.0,69
R8,0.2,logn30,A,True,4,5,73,72,"[10, 14, 8, 5, 5, 10, 12, 8]",13.07,72.2,exp,175.3,1.0,69
R8,0.2,logn30,A,True,4,6,72,72,"[10, 14, 8, 5, 5, 10, 12, 8]",17.6,71.2,exp,163.9,1.0,69
R8,0.2,logn30,A,True,4,7,72,72,"[10, 14, 8, 5, 5, 10, 12, 8]",10.97,71.2,exp,168.9,1.0,69
R8,0.2,logn30,A,True,4,8,72,72,"[10, 14, 8, 5, 5, 10, 12, 8]",18.7,71.2,exp,162.3,1.0,69
R8,0.2,logn30,A,True,5,1,78,72,"[10, 14, 8, 5, 5, 10, 12, 8]",12.5,77.2,exp,151.7,1.0,69
R8,0.2,logn30,A,True,5,2,72,71,"[10, 13, 8, 5, 5, 10, 12, 8]",15.53,71.2,exp,137.7,1.0,69
R8,0.2,logn30,A,True,5,3,71,72,"[10, 14, 8, 5, 5, 10, 12, 8]",20.0,70.2,exp,142.0,1.0,69
R8,0.2,logn30,A,True,5,4,72,72,"[10, 14, 8, 5, 5, 10, 12, 8]",16.37,71.2,exp,145.5,1.0,69
R8,0.2,logn30,A,True,5,5,72,72,"[10, 14, 8, 5, 5, 10, 12, 8]",18.37,71.2,exp,145.2,1.0,69
R8,0.2,logn30,A,True,5,6,72,72,"[10, 14, 8, 5, 5, 10, 12, 8]",17.67,71.2,exp,145.0,1.0,69
R8,0.2,logn30,A,True,5,7,72,72,"[10, 14, 8, 5, 5, 10, 12, 8]",23.87,71.2,exp,143.3,1.0,69
R8,0.2,logn30,A,True,5,8,72,72,"[10, 14, 8, 5, 5, 10, 12, 8]",16.57,71.2,exp,145.0,1.0,69
R8,0.2,logn30,A,True,6,1,78,73,"[10, 14, 8, 5, 5, 10, 13, 8]",8.03,77.2,exp,205.0,1.0,69
R8,0.2,logn30,A,True,6,2,73,72,"[10, 14, 8, 5, 5, 10, 12, 8]",13.8,72.2,exp,162.9,1.0,69
R8,0.2,logn30,A,True,6,3,72,72,"[10, 14, 8, 5, 5, 10, 12, 8]",20.57,71.2,exp,156.5,1.0,69
R8,0.2,logn30,A,True,6,4,72,72,"[10, 14, 8, 5, 5, 10, 12, 8]",15.6,71.2,exp,158.9,1.0,69
R8,0.2,logn30,A,True,6,5,72,72,"[10, 14, 8, 5, 5, 10, 12, 8]",20.67,71.2,exp,149.4,1.0,69
R8,0.2,logn30,A,True,6,6,72,72,"[10, 14, 8, 5, 5, 10, 12, 8]",16.17,71.2,exp,154.2,1.0,69
R8,0.2,logn30,A,True,6,7,72,72,"[10, 14, 8, 5, 5, 10, 12, 8]",13.4,71.2,exp,158.4,1.0,69
R8,0.2,logn30,A,True,6,8,72,72,"[10, 14, 8, 5, 5, 10, 12, 8]",18.8,71.2,exp,156.6,1.0,69
R8,0.2,logn30,A,True,7,1,78,72,"[10, 14, 8, 5, 5, 10, 12, 8]",10.0,77.2,exp,169.9,1.0,69
R8,0.2,logn30,A,True,7,2,72,71,"[10, 13, 8, 5, 5, 10, 12, 8]",26.7,71.2,exp,130.2,1.0,69
R8,0.2,logn30,A,True,7,3,71,71,"[10, 13, 8, 5, 5, 10, 12, 8]",19.1,70.2,exp,136.9,1.0,69
R8,0.2,logn30,A,True,7,4,71,72,"[10, 14, 8, 5, 5, 10, 12, 8]",14.93,70.2,exp,147.1,1.0,69
R8,0.2,logn30,A,True,7,5,72,72,"[10, 14, 8, 5, 5, 10, 12, 8]",18.73,71.2,exp,147.1,1.0,69
R8,0.2,logn30,A,True,7,6,72,72,"[10, 14, 8, 5, 5, 10, 12, 8]",17.8,71.2,exp,148.3,1.0,69
R8,0.2,logn30,A,True,7,7,72,72,"[10, 14, 8, 5, 5, 10, 12, 8]",13.53,71.2,exp,149.4,1.0,69
R8,0.2,logn30,A,True,7,8,72,72,"[10, 14, 8, 5, 5, 10, 12, 8]",19.9,71.2,exp,146.2,1.0,69
R8,0.2,logn30,A,True,8,1,78,73,"[10, 14, 8, 5, 5, 10, 13, 8]",7.73,77.2,exp,180.5,1.0,69
R8,0.2,logn30,A,True,8,2,73,72,"[10, 14, 8, 5, 5, 10, 12, 8]",16.57,72.2,exp,151.7,1.0,69
R8,0.2,logn30,A,True,8,3,72,71,"[10, 13, 8, 5, 5, 10, 12, 8]",21.7,71.2,exp,139.3,1.0,69
R8,0.2,logn30,A,True,8,4,71,71,"[10, 13, 8, 5, 5, 10, 12, 8]",21.57,70.2,exp,137.1,1.0,69
R8,0.2,logn30,A,True,8,5,71,71,"[10, 13, 8, 5, 5, 10, 12, 8]",23.17,70.2,exp,134.5,1.0,69
R8,0.2,logn30,A,True,8,6,71,71,"[10, 13, 8, 5, 5, 10, 12, 8]",18.6,70.2,exp,135.2,1.0,69
R8,0.2,logn30,A,True,8,7,71,71,"[10, 13, 8, 5, 5, 10, 12, 8]",14.97,70.2,exp,140.9,1.0,69
R8,0.2,logn30,A,True,8,8,71,71,"[10, 13, 8, 5, 5, 10, 12, 8]",26.13,70.2,exp,138.1,1.0,69
R8,0.2,logn30,A,True,9,1,78,72,"[10, 14, 8, 5, 5, 10, 12, 8]",9.13,77.2,exp,165.5,1.0,69
R8,0.2,logn30,A,True,9,2,72,72,"[10, 14, 8, 5, 5, 10, 12, 8]",12.8,71.2,exp,176.1,1.0,69
R8,0.2,logn30,A,True,9,3,72,73,"[10, 14, 8, 5, 5, 10, 13, 8]",13.13,71.2,exp,177.8,1.0,69
R8,0.2,logn30,A,True,9,4,73,72,"[10, 14, 8, 5, 5, 10, 12, 8]",19.4,72.2,exp,157.4,1.0,69
R8,0.2,logn30,A,True,9,5,72,72,"[10, 14, 8, 5, 5, 10, 12, 8]",25.83,71.2,exp,146.4,1.0,69
R8,0.2,logn30,A,True,9,6,72,72,"[10, 14, 8, 5, 5, 10, 12, 8]",15.7,71.2,exp,149.0,1.0,69
R8,0.2,logn30,A,True,9,7,72,72,"[10, 14, 8, 5, 5, 10, 12, 8]",18.73,71.2,exp,151.0,1.0,69
R8,0.2,logn30,A,True,9,8,72,72,"[10, 14, 8, 5, 5, 10, 12, 8]",18.43,71.2,exp,146.8,1.0,69
R32,0.1,exp30,A,False,0,1,277,242,"[34, 47, 25, 17, 17, 34, 43, 25]",18.53,277.0,exp,29.7,1.0,242
R32,0.1,exp30,A,False,0,2,242,242,"[34, 47, 25, 17, 17, 34, 43, 25]",61.47,242.0,exp,29.4,1.0,242
R32,0.1,exp30,A,False,0,3,242,242,"[34, 47, 25, 17, 17, 34, 43, 25]",61.87,242.0,exp,30.1,1.0,242
R32,0.1,exp30,A,False,0,4,242,242,"[34, 47, 25, 17, 17, 34, 43, 25]",60.9,242.0,exp,29.9,1.0,242
R32,0.1,exp30,A,False,0,5,242,242,"[34, 47, 25, 17, 17, 34, 43, 25]",63.03,242.0,exp,30.1,1.0,242
R32,0.1,exp30,A,False,0,6,242,242,"[34, 47, 25, 17, 17, 34, 43, 25]",65.9,242.0,exp,30.1,1.0,242
R32,0.1,exp30,A,False,0,7,242,242,"[34, 47, 25, 17, 17, 34, 43, 25]",61.67,242.0,exp,30.0,1.0,242
R32,0.1,exp30,A,False,0,8,242,242,"[34, 47, 25, 17, 17, 34, 43, 25]",61.93,242.0,exp,30.3,1.0,242
R32,0.1,exp30,A,False,1,1,277,242,"[34, 47, 25, 17, 17, 34, 43, 25]",19.5,277.0,exp,29.7,1.0,242
R32,0.1,exp30,A,False,1,2,242,242,"[34, 47, 25, 17, 17, 34, 43, 25]",62.13,242.0,exp,29.2,1.0,242
R32,0.1,exp30,A,False,1,3,242,242,"[34, 47, 25, 17, 17, 34, 43, 25]",65.63,242.0,exp,29.7,1.0,242
R32,0.1,exp30,A,False,1,4,242,242,"[34, 47, 25, 17, 17, 34, 43, 25]",58.37,242.0,exp,29.8,1.0,242
R32,0.1,exp30,A,False,1,5,242,242,"[34, 47, 25, 17, 17, 34, 43, 25]",61.77,242.0,exp,29.7,1.0,242
R32,0.1,exp30,A,False,1,6,242,242,"[34, 47, 25, 17, 17, 34, 43, 25]",62.43,242.0,exp,29.6,1.0,242
R32,0.1,exp30,A,False,1,7,242,242,"[34, 47, 25, 17, 17, 34, 43, 25]",65.57,242.0,exp,29.4,1.0,242
R32,0.1,exp30,A,False,1,8,242,242,"[34, 47, 25, 17, 17, 34, 43, 25]",55.13,242.0,exp,29.6,1.0,242
R32,0.1,exp30,A,False,2,1,277,242,"[34, 47, 25, 17, 17, 34, 43, 25]",20.2,277.0,exp,29.6,1.0,242
R32,0.1,exp30,A,False,2,2,242,242,"[34, 47, 25, 17, 17, 34, 43, 25]",61.7,242.0,exp,29.5,1.0,242
R32,0.1,exp30,A,False,2,3,242,242,"[34, 47, 25, 17, 17, 34, 43, 25]",68.23,242.0,exp,29.7,1.0,242
R32,0.1,exp30,A,False,2,4,242,242,"[34, 47, 25, 17, 17, 34, 43, 25]",65.1,242.0,exp,29.7,1.0,242
R32,0.1,exp30,A,False,2,5,242,242,"[34, 47, 25, 17, 17, 34, 43, 25]",63.93,242.0,exp,29.7,1.0,242
R32,0.1,exp30,A,False,2,6,242,242,"[34, 47, 25, 17, 17, 34, 43, 25]",62.63,242.0,exp,29.8,1.0,242
R32,0.1,exp30,A,False,2,7,242,242,"[34, 47, 25, 17, 17, 34, 43, 25]",57.73,242.0,exp,29.9,1.0,242
R32,0.1,exp30,A,False,2,8,242,242,"[34, 47, 25, 17, 17, 34, 43, 25]",62.47,242.0,exp,30.1,1.0,242
R32,0.1,exp30,A,False,3,1,277,242,"[34, 47, 25, 17, 17, 34, 43, 25]",19.57,277.0,exp,28.5,1.0,242
R32,0.1,exp30,A,False,3,2,242,242,"[34, 47, 25, 17, 17, 34, 43, 25]",64.63,242.0,exp,29.2,1.0,242
R32,0.1,exp30,A,False,3,3,242,242,"[34, 47, 25, 17, 17, 34, 43, 25]",58.2,242.0,exp,29.2,1.0,242
R32,0.1,exp30,A,False,3,4,242,242,"[34, 47, 25, 17, 17, 34, 43, 25]",61.4,242.0,exp,29.7,1.0,242
R32,0.1,exp30,A,False,3,5,242,242,"[34, 47, 25, 17, 17, 34, 43, 25]",56.43,242.0,exp,29.8,1.0,242
R32,0.1,exp30,A,False,3,6,242,242,"[34, 47, 25, 17, 17, 34, 43, 25]",64.7,242.0,exp,29.8,1.0,242
R32,0.1,exp30,A,False,3,7,242,242,"[34, 47, 25, 17, 17, 34, 43, 25]",56.13,242.0,exp,29.9,1.0,242
R32,0.1,exp30,A,False,3,8,242,242,"[34, 47, 25, 17, 17, 34, 43, 25]",63.47,242.0,exp,29.9,1.0,242
R32,0.1,exp30,A,False,4,1,277,242,"[34, 47, 25, 17, 17, 34, 43, 25]",19.87,277.0,exp,28.6,1.0,242
R32,0.1,exp30,A,False,4,2,242,242,"[34, 47, 25, 17, 17, 34, 43, 25]",66.3,242.0,exp,30.4,1.0,242
R32,0.1,exp30,A,False,4,3,242,242,"[34, 47, 25, 17, 17, 34, 43, 25]",58.73,242.0,exp,30.3,1.0,242
R32,0.1,exp30,A,False,4,4,242,242,"[34, 47, 25, 17, 17, 34, 43, 25]",60.17,242.0,exp,30.2,1.0,242
R32,0.1,exp30,A,False,4,5,242,242,"[34, 47, 25, 17, 17, 34, 43, 25]",65.3,242.0,exp,30.1,1.0,242
R32,0.1,exp30,A,False,4,6,242,242,"[34, 47, 25, 17, 17, 34, 43, 25]",66.13,242.0,exp,30.1,1.0,242
R32,0.1,exp30,A,False,4,7,242,242,"[34, 47, 25, 17, 17, 34, 43, 25]",57.3,242.0,exp,30.1,1.0,242
R32,0.1,exp30,A,False,4,8,242,242,"[34, 47, 25, 17, 17, 34, 43, 25]",53.23,242.0,exp,29.9,1.0,242
R32,0.1,exp30,A,False,5,1,277,242,"[34, 47, 25, 17, 17, 34, 43, 25]",18.8,277.0,exp,31.1,1.0,242
R32,0.1,exp30,A,False,5,2,242,242,"[34, 47, 25, 17, 17, 34, 43, 25]",55.67,242.0,exp,30.5,1.0,242
R32,0.1,exp30,A,False,5,3,242,242,"[34, 47, 25, 17, 17, 34, 43, 25]",57.97,242.0,exp,30.0,1.0,242
R32,0.1,exp30,A,False,5,4,242,242,"[34, 47, 25, 17, 17, 34, 43, 25]",59.17,242.0,exp,30.0,1.0,242
R32,0.1,exp30,A,False,5,5,242,242,"[34, 47, 25, 17, 17, 34, 43, 25]",69.23,242.0,exp,29.9,1.0,242
R32,0.1,exp30,A,False,5,6,242,242,"[34, 47, 25, 17, 17, 34, 43, 25]",62.93,242.0,exp,29.8,1.0,242
R32,0.1,exp30,A,False,5,7,242,242,"[34, 47, 25, 17, 17, 34, 43, 25]",71.93,242.0,exp,30.0,1.0,242
R32,0.1,exp30,A,False,5,8,242,242,"[34, 47, 25, 17, 17, 34, 43, 25]",64.33,242.0,exp,30.1,1.0,242
R32,0.1,exp30,A,False,6,1,277,242,"[34, 47, 25, 17, 17, 34, 43, 25]",19.7,277.0,exp,29.5,1.0,242
R32,0.1,exp30,A,False,6,2,242,242,"[34, 47, 25, 17, 17, 34, 43, 25]",58.3,242.0,exp,30.4,1.0,242
R32,0.1,exp30,A,False,6,3,242,242,"[34, 47, 25, 17, 17, 34, 43, 25]",59.87,242.0,exp,29.9,1.0,242
R32,0.1,exp30,A,False,6,4,242,242,"[34, 47, 25, 17, 17, 34, 43, 25]",65.43,242.0,exp,29.9,1.0,242
R32,0.1,exp30,A,False,6,5,242,242,"[34, 47, 25, 17, 17, 34, 43, 25]",65.33,242.0,exp,29.8,1.0,242
R32,0.1,exp30,A,False,6,6,242,242,"[34, 47, 25, 17, 17, 34, 43, 25]",71.93,242.0,exp,29.6,1.0,242
R32,0.1,exp30,A,False,6,7,242,242,"[34, 47, 25, 17, 17, 34, 43, 25]",61.37,242.0,exp,29.7,1.0,242
R32,0.1,exp30,A,False,6,8,242,242,"[34, 47, 25, 17, 17, 34, 43, 25]",60.87,242.0,exp,29.6,1.0,242
R32,0.1,exp30,A,False,7,1,277,242,"[34, 47, 25, 17, 17, 34, 43, 25]",19.4,277.0,exp,30.3,1.0,242
R32,0.1,exp30,A,False,7,2,242,242,"[34, 47, 25, 17, 17, 34, 43, 25]",69.57,242.0,exp,30.1,1.0,242
R32,0.1,exp30,A,False,7,3,242,242,"[34, 47, 25, 17, 17, 34, 43, 25]",58.1,242.0,exp,30.4,1.0,242
R32,0.1,exp30,A,False,7,4,242,242,"[34, 47, 25, 17, 17, 34, 43, 25]",60.77,242.0,exp,30.2,1.0,242
R32,0.1,exp30,A,False,7,5,242,242,"[34, 47, 25, 17, 17, 34, 43, 25]",63.2,242.0,exp,30.0,1.0,242
R32,0.1,exp30,A,False,7,6,242,242,"[34, 47, 25, 17, 17, 34, 43, 25]",67.4,242.0,exp,30.1,1.0,242
R32,0.1,exp30,A,False,7,7,242,242,"[34, 47, 25, 17, 17, 34, 43, 25]",61.47,242.0,exp,30.1,1.0,242
R32,0.1,exp30,A,False,7,8,242,242,"[34, 47, 25, 17, 17, 34, 43, 25]",66.03,242.0,exp,30.2,1.0,242
R32,0.1,exp30,A,False,8,1,277,242,"[34, 47, 25, 17, 17, 34, 43, 25]",16.97,277.0,exp,29.0,1.0,242
R32,0.1,exp30,A,False,8,2,242,242,"[34, 47, 25, 17, 17, 34, 43, 25]",63.2,242.0,exp,30.4,1.0,242
R32,0.1,exp30,A,False,8,3,242,242,"[34, 47, 25, 17, 17, 34, 43, 25]",61.33,242.0,exp,30.4,1.0,242
R32,0.1,exp30,A,False,8,4,242,242,"[34, 47, 25, 17, 17, 34, 43, 25]",65.37,242.0,exp,30.7,1.0,242
R32,0.1,exp30,A,False,8,5,242,242,"[34, 47, 25, 17, 17, 34, 43, 25]",63.3,242.0,exp,31.0,1.0,242
R32,0.1,exp30,A,False,8,6,242,242,"[34, 47, 25, 17, 17, 34, 43, 25]",65.1,242.0,exp,30.9,1.0,242
R32,0.1,exp30,A,False,8,7,242,242,"[34, 47, 25, 17, 17, 34, 43, 25]",62.5,242.0,exp,30.7,1.0,242
R32,0.1,exp30,A,False,8,8,242,242,"[34, 47, 25, 17, 17, 34, 43, 25]",67.33,242.0,exp,30.6,1.0,242
R32,0.1,exp30,A,False,9,1,277,242,"[34, 47, 25, 17, 17, 34, 43, 25]",20.27,277.0,exp,31.6,1.0,242
R32,0.1,exp30,A,False,9,2,242,242,"[34, 47, 25, 17, 17, 34, 43, 25]",64.67,242.0,exp,30.2,1.0,242
R32,0.1,exp30,A,False,9,3,242,242,"[34, 47, 25, 17, 17, 34, 43, 25]",60.67,242.0,exp,30.0,1.0,242
R32,0.1,exp30,A,False,9,4,242,242,"[34, 47, 25, 17, 17, 34, 43, 25]",56.7,242.0,exp,29.8,1.0,242
R32,0.1,exp30,A,False,9,5,242,242,"[34, 47, 25, 17, 17, 34, 43, 25]",65.03,242.0,exp,29.9,1.0,242
R32,0.1,exp30,A,False,9,6,242,242,"[34, 47, 25, 17, 17, 34, 43, 25]",70.03,242.0,exp,29.9,1.0,242
R32,0.1,exp30,A,False,9,7,242,242,"[34, 47, 25, 17, 17, 34, 43, 25]",58.8,242.0,exp,29.9,1.0,242
R32,0.1,exp30,A,False,9,8,242,242,"[34, 47, 25, 17, 17, 34, 43, 25]",65.83,242.0,exp,30.0,1.0,242
R32,0.1,exp30,B,False,0,1,277,242,"[34, 47, 25, 17, 17, 34, 43, 25]",18.53,277.0,exp,29.7,1.0,242
R32,0.1,exp30,B,False,0,2,242,242,"[34, 47, 25, 17, 17, 34, 43, 25]",61.47,242.0,exp,29.4,1.0,242
R32,0.1,exp30,B,False,0,3,242,242,"[34, 47, 25, 17, 17, 34, 43, 25]",61.87,242.0,exp,30.1,1.0,242
R32,0.1,exp30,B,False,0,4,242,242,"[34, 47, 25, 17, 17, 34, 43, 25]",60.9,242.0,exp,29.9,1.0,242
R32,0.1,exp30,B,False,0,5,242,242,"[34, 47, 25, 17, 17, 34, 43, 25]",63.03,242.0,exp,30.1,1.0,242
R32,0.1,exp30,B,False,0,6,242,242,"[34, 47, 25, 17, 17, 34, 43, 25]",65.9,242.0,exp,30.1,1.0,242
R32,0.1,exp30,B,False,0,7,242,242,"[34, 47, 25, 17, 17, 34, 43, 25]",61.67,242.0,exp,30.0,1.0,242
R32,0.1,exp30,B,False,0,8,242,242,"[34, 47, 25, 17, 17, 34, 43, 25]",61.93,242.0,exp,30.3,1.0,242
R32,0.1,exp30,B,False,1,1,277,242,"[34, 47, 25, 17, 17, 34, 43, 25]",19.5,277.0,exp,29.7,1.0,242
R32,0.1,exp30,B,False,1,2,242,242,"[34, 47, 25, 17, 17, 34, 43, 25]",62.13,242.0,exp,29.2,1.0,242
R32,0.1,exp30,B,False,1,3,242,242,"[34, 47, 25, 17, 17, 34, 43, 25]",65.63,242.0,exp,29.7,1.0,242
R32,0.1,exp30,B,False,1,4,242,242,"[34, 47, 25, 17, 17, 34, 43, 25]",58.37,242.0,exp,29.8,1.0,242
R32,0.1,exp30,B,False,1,5,242,242,"[34, 47, 25, 17, 17, 34, 43, 25]",61.77,242.0,exp,29.7,1.0,242
R32,0.1,exp30,B,False,1,6,242,242,"[34, 47, 25, 17, 17, 34, 43, 25]",62.43,242.0,exp,29.6,1.0,242
R32,0.1,exp30,B,False,1,7,242,242,"[34, 47, 25, 17, 17, 34, 43, 25]",65.57,242.0,exp,29.4,1.0,242
R32,0.1,exp30,B,False,1,8,242,242,"[34, 47, 25, 17, 17, 34, 43, 25]",55.13,242.0,exp,29.6,1.0,242
R32,0.1,exp30,B,False,2,1,277,242,"[34, 47, 25, 17, 17, 34, 43, 25]",20.2,277.0,exp,29.6,1.0,242
R32,0.1,exp30,B,False,2,2,242,242,"[34, 47, 25, 17, 17, 34, 43, 25]",61.7,242.0,exp,29.5,1.0,242
R32,0.1,exp30,B,False,2,3,242,242,"[34, 47, 25, 17, 17, 34, 43, 25]",68.23,242.0,exp,29.7,1.0,242
R32,0.1,exp30,B,False,2,4,242,242,"[34, 47, 25, 17, 17, 34, 43, 25]",65.1,242.0,exp,29.7,1.0,242
R32,0.1,exp30,B,False,2,5,242,242,"[34, 47, 25, 17, 17, 34, 43, 25]",63.93,242.0,exp,29.7,1.0,242
R32,0.1,exp30,B,False,2,6,242,242,"[34, 47, 25, 17, 17, 34, 43, 25]",62.63,242.0,exp,29.8,1.0,242
R32,0.1,exp30,B,False,2,7,242,242,"[34, 47, 25, 17, 17, 34, 43, 25]",57.73,242.0,exp,29.9,1.0,242
R32,0.1,exp30,B,False,2,8,242,242,"[34, 47, 25, 17, 17, 34, 43, 25]",62.47,242.0,exp,30.1,1.0,242
R32,0.1,exp30,B,False,3,1,277,242,"[34, 47, 25, 17, 17, 34, 43, 25]",19.57,277.0,exp,28.5,1.0,242
R32,0.1,exp30,B,False,3,2,242,242,"[34, 47, 25, 17, 17, 34, 43, 25]",64.63,242.0,exp,29.2,1.0,242
R32,0.1,exp30,B,False,3,3,242,242,"[34, 47, 25, 17, 17, 34, 43, 25]",58.2,242.0,exp,29.2,1.0,242
R32,0.1,exp30,B,False,3,4,242,242,"[34, 47, 25, 17, 17, 34, 43, 25]",61.4,242.0,exp,29.7,1.0,242
R32,0.1,exp30,B,False,3,5,242,242,"[34, 47, 25, 17, 17, 34, 43, 25]",56.43,242.0,exp,29.8,1.0,242
R32,0.1,exp30,B,False,3,6,242,242,"[34, 47, 25, 17, 17, 34, 43, 25]",64.7,242.0,exp,29.8,1.0,242
R32,0.1,exp30,B,False,3,7,242,242,"[34, 47, 25, 17, 17, 34, 43, 25]",56.13,242.0,exp,29.9,1.0,242
R32,0.1,exp30,B,False,3,8,242,242,"[34, 47, 25, 17, 17, 34, 43, 25]",63.47,242.0,exp,29.9,1.0,242
R32,0.1,exp30,B,False,4,1,277,242,"[34, 47, 25, 17, 17, 34, 43, 25]",19.87,277.0,exp,28.6,1.0,242
R32,0.1,exp30,B,False,4,2,242,242,"[34, 47, 25, 17, 17, 34, 43, 25]",66.3,242.0,exp,30.4,1.0,242
R32,0.1,exp30,B,False,4,3,242,242,"[34, 47, 25, 17, 17, 34, 43, 25]",58.73,242.0,exp,30.3,1.0,242
R32,0.1,exp30,B,False,4,4,242,242,"[34, 47, 25, 17, 17, 34, 43, 25]",60.17,242.0,exp,30.2,1.0,242
R32,0.1,exp30,B,False,4,5,242,242,"[34, 47, 25, 17, 17, 34, 43, 25]",65.3,242.0,exp,30.1,1.0,242
R32,0.1,exp30,B,False,4,6,242,242,"[34, 47, 25, 17, 17, 34, 43, 25]",66.13,242.0,exp,30.1,1.0,242
R32,0.1,exp30,B,False,4,7,242,242,"[34, 47, 25, 17, 17, 34, 43, 25]",57.3,242.0,exp,30.1,1.0,242
R32,0.1,exp30,B,False,4,8,242,242,"[34, 47, 25, 17, 17, 34, 43, 25]",53.23,242.0,exp,29.9,1.0,242
R32,0.1,exp30,B,False,5,1,277,242,"[34, 47, 25, 17, 17, 34, 43, 25]",18.8,277.0,exp,31.1,1.0,242
R32,0.1,exp30,B,False,5,2,242,242,"[34, 47, 25, 17, 17, 34, 43, 25]",55.67,242.0,lognormal,144.8,4.738,242
R32,0.1,exp30,B,False,5,3,242,242,"[34, 47, 25, 17, 17, 34, 43, 25]",57.97,242.0,exp,30.0,1.0,242
R32,0.1,exp30,B,False,5,4,242,242,"[34, 47, 25, 17, 17, 34, 43, 25]",59.17,242.0,exp,30.0,1.0,242
R32,0.1,exp30,B,False,5,5,242,242,"[34, 47, 25, 17, 17, 34, 43, 25]",69.23,242.0,exp,29.9,1.0,242
R32,0.1,exp30,B,False,5,6,242,242,"[34, 47, 25, 17, 17, 34, 43, 25]",62.93,242.0,exp,29.8,1.0,242
R32,0.1,exp30,B,False,5,7,242,242,"[34, 47, 25, 17, 17, 34, 43, 25]",71.93,242.0,exp,30.0,1.0,242
R32,0.1,exp30,B,False,5,8,242,242,"[34, 47, 25, 17, 17, 34, 43, 25]",64.33,242.0,exp,30.1,1.0,242
R32,0.1,exp30,B,False,6,1,277,242,"[34, 47, 25, 17, 17, 34, 43, 25]",19.7,277.0,exp,29.5,1.0,242
R32,0.1,exp30,B,False,6,2,242,242,"[34, 47, 25, 17, 17, 34, 43, 25]",58.3,242.0,exp,30.4,1.0,242
R32,0.1,exp30,B,False,6,3,242,242,"[34, 47, 25, 17, 17, 34, 43, 25]",59.87,242.0,exp,29.9,1.0,242
R32,0.1,exp30,B,False,6,4,242,242,"[34, 47, 25, 17, 17, 34, 43, 25]",65.43,242.0,exp,29.9,1.0,242
R32,0.1,exp30,B,False,6,5,242,242,"[34, 47, 25, 17, 17, 34, 43, 25]",65.33,242.0,exp,29.8,1.0,242
R32,0.1,exp30,B,False,6,6,242,242,"[34, 47, 25, 17, 17, 34, 43, 25]",71.93,242.0,exp,29.6,1.0,242
R32,0.1,exp30,B,False,6,7,242,242,"[34, 47, 25, 17, 17, 34, 43, 25]",61.37,242.0,exp,29.7,1.0,242
R32,0.1,exp30,B,False,6,8,242,242,"[34, 47, 25, 17, 17, 34, 43, 25]",60.87,242.0,exp,29.6,1.0,242
R32,0.1,exp30,B,False,7,1,277,242,"[34, 47, 25, 17, 17, 34, 43, 25]",19.4,277.0,exp,30.3,1.0,242
R32,0.1,exp30,B,False,7,2,242,242,"[34, 47, 25, 17, 17, 34, 43, 25]",69.57,242.0,exp,30.1,1.0,242
R32,0.1,exp30,B,False,7,3,242,242,"[34, 47, 25, 17, 17, 34, 43, 25]",58.1,242.0,exp,30.4,1.0,242
R32,0.1,exp30,B,False,7,4,242,242,"[34, 47, 25, 17, 17, 34, 43, 25]",60.77,242.0,exp,30.2,1.0,242
R32,0.1,exp30,B,False,7,5,242,242,"[34, 47, 25, 17, 17, 34, 43, 25]",63.2,242.0,exp,30.0,1.0,242
R32,0.1,exp30,B,False,7,6,242,242,"[34, 47, 25, 17, 17, 34, 43, 25]",67.4,242.0,exp,30.1,1.0,242
R32,0.1,exp30,B,False,7,7,242,242,"[34, 47, 25, 17, 17, 34, 43, 25]",61.47,242.0,exp,30.1,1.0,242
R32,0.1,exp30,B,False,7,8,242,242,"[34, 47, 25, 17, 17, 34, 43, 25]",66.03,242.0,exp,30.2,1.0,242
R32,0.1,exp30,B,False,8,1,277,242,"[34, 47, 25, 17, 17, 34, 43, 25]",16.97,277.0,lognormal,503.9,10.474,242
R32,0.1,exp30,B,False,8,2,242,242,"[34, 47, 25, 17, 17, 34, 43, 25]",63.2,242.0,exp,30.4,1.0,242
R32,0.1,exp30,B,False,8,3,242,242,"[34, 47, 25, 17, 17, 34, 43, 25]",61.33,242.0,exp,30.4,1.0,242
R32,0.1,exp30,B,False,8,4,242,242,"[34, 47, 25, 17, 17, 34, 43, 25]",65.37,242.0,exp,30.7,1.0,242
R32,0.1,exp30,B,False,8,5,242,242,"[34, 47, 25, 17, 17, 34, 43, 25]",63.3,242.0,exp,31.0,1.0,242
R32,0.1,exp30,B,False,8,6,242,242,"[34, 47, 25, 17, 17, 34, 43, 25]",65.1,242.0,exp,30.9,1.0,242
R32,0.1,exp30,B,False,8,7,242,242,"[34, 47, 25, 17, 17, 34, 43, 25]",62.5,242.0,exp,30.7,1.0,242
R32,0.1,exp30,B,False,8,8,242,242,"[34, 47, 25, 17, 17, 34, 43, 25]",67.33,242.0,exp,30.6,1.0,242
R32,0.1,exp30,B,False,9,1,277,242,"[34, 47, 25, 17, 17, 34, 43, 25]",20.27,277.0,exp,31.6,1.0,242
R32,0.1,exp30,B,False,9,2,242,242,"[34, 47, 25, 17, 17, 34, 43, 25]",64.67,242.0,exp,30.2,1.0,242
R32,0.1,exp30,B,False,9,3,242,242,"[34, 47, 25, 17, 17, 34, 43, 25]",60.67,242.0,exp,30.0,1.0,242
R32,0.1,exp30,B,False,9,4,242,242,"[34, 47, 25, 17, 17, 34, 43, 25]",56.7,242.0,exp,29.8,1.0,242
R32,0.1,exp30,B,False,9,5,242,242,"[34, 47, 25, 17, 17, 34, 43, 25]",65.03,242.0,exp,29.9,1.0,242
R32,0.1,exp30,B,False,9,6,242,242,"[34, 47, 25, 17, 17, 34, 43, 25]",70.03,242.0,exp,29.9,1.0,242
R32,0.1,exp30,B,False,9,7,242,242,"[34, 47, 25, 17, 17, 34, 43, 25]",58.8,242.0,exp,29.9,1.0,242
R32,0.1,exp30,B,False,9,8,242,242,"[34, 47, 25, 17, 17, 34, 43, 25]",65.83,242.0,exp,30.0,1.0,242
R32,0.1,exp30,A,True,0,1,277,242,"[34, 47, 25, 17, 17, 34, 43, 25]",22.4,274.2,exp,29.3,1.0,242
R32,0.1,exp30,A,True,0,2,242,242,"[34, 47, 25, 17, 17, 34, 43, 25]",66.57,239.5,exp,29.2,1.0,242
R32,0.1,exp30,A,True,0,3,242,242,"[34, 47, 25, 17, 17, 34, 43, 25]",69.4,239.5,exp,30.1,1.0,242
R32,0.1,exp30,A,True,0,4,242,242,"[34, 47, 25, 17, 17, 34, 43, 25]",67.1,239.5,exp,30.0,1.0,242
R32,0.1,exp30,A,True,0,5,242,242,"[34, 47, 25, 17, 17, 34, 43, 25]",69.7,239.5,exp,30.1,1.0,242
R32,0.1,exp30,A,True,0,6,242,242,"[34, 47, 25, 17, 17, 34, 43, 25]",74.2,239.5,exp,30.1,1.0,242
R32,0.1,exp30,A,True,0,7,242,242,"[34, 47, 25, 17, 17, 34, 43, 25]",67.97,239.5,exp,29.9,1.0,242
R32,0.1,exp30,A,True,0,8,242,242,"[34, 47, 25, 17, 17, 34, 43, 25]",69.23,239.5,exp,30.2,1.0,242
R32,0.1,exp30,A,True,1,1,277,242,"[34, 47, 25, 17, 17, 34, 43, 25]",23.07,274.2,exp,29.2,1.0,242
R32,0.1,exp30,A,True,1,2,242,242,"[34, 47, 25, 17, 17, 34, 43, 25]",68.4,239.5,exp,29.3,1.0,242
R32,0.1,exp30,A,True,1,3,242,242,"[34, 47, 25, 17, 17, 34, 43, 25]",72.17,239.5,exp,29.7,1.0,242
R32,0.1,exp30,A,True,1,4,242,242,"[34, 47, 25, 17, 17, 34, 43, 25]",64.6,239.5,exp,29.8,1.0,242
R32,0.1,exp30,A,True,1,5,242,242,"[34, 47, 25, 17, 17, 34, 43, 25]",70.03,239.5,exp,29.8,1.0,242
R32,0.1,exp30,A,True,1,6,242,242,"[34, 47, 25, 17, 17, 34, 43, 25]",68.17,239.5,exp,29.7,1.0,242
R32,0.1,exp30,A,True,1,7,242,242,"[34, 47, 25, 17, 17, 34, 43, 25]",71.53,239.5,exp,29.5,1.0,242
R32,0.1,exp30,A,True,1,8,242,242,"[34, 47, 25, 17, 17, 34, 43, 25]",61.1,239.5,exp,29.6,1.0,242
R32,0.1,exp30,A,True,2,1,277,242,"[34, 47, 25, 17, 17, 34, 43, 25]",23.73,274.2,exp,30.0,1.0,242
R32,0.1,exp30,A,True,2,2,242,242,"[34, 47, 25, 17, 17, 34, 43, 25]",68.63,239.5,exp,29.8,1.0,242
R32,0.1,exp30,A,True,2,3,242,242,"[34, 47, 25, 17, 17, 34, 43, 25]",73.77,239.5,exp,30.0,1.0,242
R32,0.1,exp30,A,True,2,4,242,242,"[34, 47, 25, 17, 17, 34, 43, 25]",71.93,239.5,exp,29.9,1.0,242
R32,0.1,exp30,A,True,2,5,242,242,"[34, 47, 25, 17, 17, 34, 43, 25]",68.0,239.5,exp,29.8,1.0,242
R32,0.1,exp30,A,True,2,6,242,242,"[34, 47, 25, 17, 17, 34, 43, 25]",67.53,239.5,exp,29.9,1.0,242
R32,0.1,exp30,A,True,2,7,242,242,"[34, 47, 25, 17, 17, 34, 43, 25]",63.1,239.5,exp,30.0,1.0,242
R32,0.1,exp30,A,True,2,8,242,242,"[34, 47, 25, 17, 17, 34, 43, 25]",73.7,239.5,exp,30.1,1.0,242
R32,0.1,exp30,A,True,3,1,277,242,"[34, 47, 25, 17, 17, 34, 43, 25]",22.8,274.2,exp,28.6,1.0,242
R32,0.1,exp30,A,True,3,2,242,242,"[34, 47, 25, 17, 17, 34, 43, 25]",70.7,239.5,exp,29.2,1.0,242
R32,0.1,exp30,A,True,3,3,242,242,"[34, 47, 25, 17, 17, 34, 43, 25]",65.83,239.5,exp,29.2,1.0,242
R32,0.1,exp30,A,True,3,4,242,242,"[34, 47, 25, 17, 17, 34, 43, 25]",68.23,239.5,exp,29.7,1.0,242
R32,0.1,exp30,A,True,3,5,242,242,"[34, 47, 25, 17, 17, 34, 43, 25]",66.4,239.5,exp,29.8,1.0,242
R32,0.1,exp30,A,True,3,6,242,242,"[34, 47, 25, 17, 17, 34, 43, 25]",71.07,239.5,exp,29.8,1.0,242
R32,0.1,exp30,A,True,3,7,242,242,"[34, 47, 25, 17, 17, 34, 43, 25]",64.0,239.5,exp,29.9,1.0,242
R32,0.1,exp30,A,True,3,8,242,242,"[34, 47, 25, 17, 17, 34, 43, 25]",73.0,239.5,exp,29.9,1.0,242
R32,0.1,exp30,A,True,4,1,277,242,"[34, 47, 25, 17, 17, 34, 43, 25]",24.8,274.2,exp,27.8,1.0,242
R32,0.1,exp30,A,True,4,2,242,242,"[34, 47, 25, 17, 17, 34, 43, 25]",72.17,239.5,exp,30.0,1.0,242
R32,0.1,exp30,A,True,4,3,242,242,"[34, 47, 25, 17, 17, 34, 43, 25]",65.7,239.5,exp,29.9,1.0,242
R32,0.1,exp30,A,True,4,4,242,242,"[34, 47, 25, 17, 17, 34, 43, 25]",65.97,239.5,exp,29.9,1.0,242
R32,0.1,exp30,A,True,4,5,242,242,"[34, 47, 25, 17, 17, 34, 43, 25]",72.43,239.5,exp,29.8,1.0,242
R32,0.1,exp30,A,True,4,6,242,242,"[34, 47, 25, 17, 17, 34, 43, 25]",72.87,239.5,exp,29.9,1.0,242
R32,0.1,exp30,A,True,4,7,242,242,"[34, 47, 25, 17, 17, 34, 43, 25]",63.2,239.5,exp,30.0,1.0,242
R32,0.1,exp30,A,True,4,8,242,242,"[34, 47, 25, 17, 17, 34, 43, 25]",59.6,239.5,exp,29.9,1.0,242
R32,0.1,exp30,A,True,5,1,277,242,"[34, 47, 25, 17, 17, 34, 43, 25]",21.8,274.2,exp,30.7,1.0,242
R32,0.1,exp30,A,True,5,2,242,242,"[34, 47, 25, 17, 17, 34, 43, 25]",61.7,239.5,exp,30.6,1.0,242
R32,0.1,exp30,A,True,5,3,242,242,"[34, 47, 25, 17, 17, 34, 43, 25]",65.53,239.5,exp,29.9,1.0,242
R32,0.1,exp30,A,True,5,4,242,242,"[34, 47, 25, 17, 17, 34, 43, 25]",65.73,239.5,exp,29.9,1.0,242
R32,0.1,exp30,A,True,5,5,242,242,"[34, 47, 25, 17, 17, 34, 43, 25]",77.8,239.5,exp,29.9,1.0,242
R32,0.1,exp30,A,True,5,6,242,242,"[34, 47, 25, 17, 17, 34, 43, 25]",70.07,239.5,exp,29.8,1.0,242
R32,0.1,exp30,A,True,5,7,242,242,"[34, 47, 25, 17, 17, 34, 43, 25]",77.8,239.5,exp,30.0,1.0,242
R32,0.1,exp30,A,True,5,8,242,242,"[34, 47, 25, 17, 17, 34, 43, 25]",71.23,239.5,exp,30.1,1.0,242
R32,0.1,exp30,A,True,6,1,277,242,"[34, 47, 25, 17, 17, 34, 43, 25]",23.17,274.2,exp,29.3,1.0,242
R32,0.1,exp30,A,True,6,2,242,242,"[34, 47, 25, 17, 17, 34, 43, 25]",62.03,239.5,exp,30.2,1.0,242
R32,0.1,exp30,A,True,6,3,242,242,"[34, 47, 25, 17, 17, 34, 43, 25]",65.6,239.5,exp,29.8,1.0,242
R32,0.1,exp30,A,True,6,4,242,242,"[34, 47, 25, 17, 17, 34, 43, 25]",72.8,239.5,exp,29.8,1.0,242
R32,0.1,exp30,A,True,6,5,242,242,"[34, 47, 25, 17, 17, 34, 43, 25]",73.7,239.5,exp,29.7,1.0,242
R32,0.1,exp30,A,True,6,6,242,242,"[34, 47, 25, 17, 17, 34, 43, 25]",78.93,239.5,exp,29.5,1.0,242
R32,0.1,exp30,A,True,6,7,242,242,"[34, 47, 25, 17, 17, 34, 43, 25]",67.03,239.5,exp,29.8,1.0,242
R32,0.1,exp30,A,True,6,8,242,242,"[34, 47, 25, 17, 17, 34, 43, 25]",67.37,239.5,exp,29.7,1.0,242
R32,0.1,exp30,A,True,7,1,277,242,"[34, 47, 25, 17, 17, 34, 43, 25]",22.73,274.2,exp,30.2,1.0,242
R32,0.1,exp30,A,True,7,2,242,242,"[34, 47, 25, 17, 17, 34, 43, 25]",75.8,239.5,exp,29.9,1.0,242
R32,0.1,exp30,A,True,7,3,242,242,"[34, 47, 25, 17, 17, 34, 43, 25]",63.7,239.5,exp,30.2,1.0,242
R32,0.1,exp30,A,True,7,4,242,242,"[34, 47, 25, 17, 17, 34, 43, 25]",68.3,239.5,exp,30.0,1.0,242
R32,0.1,exp30,A,True,7,5,242,242,"[34, 47, 25, 17, 17, 34, 43, 25]",68.07,239.5,exp,29.8,1.0,242
R32,0.1,exp30,A,True,7,6,242,242,"[34, 47, 25, 17, 17, 34, 43, 25]",77.23,239.5,exp,29.9,1.0,242
R32,0.1,exp30,A,True,7,7,242,242,"[34, 47, 25, 17, 17, 34, 43, 25]",65.83,239.5,exp,30.0,1.0,242
R32,0.1,exp30,A,True,7,8,242,242,"[34, 47, 25, 17, 17, 34, 43, 25]",71.33,239.5,exp,30.1,1.0,242
R32,0.1,exp30,A,True,8,1,277,242,"[34, 47, 25, 17, 17, 34, 43, 25]",19.27,274.2,exp,29.8,1.0,242
R32,0.1,exp30,A,True,8,2,242,242,"[34, 47, 25, 17, 17, 34, 43, 25]",69.17,239.5,exp,30.6,1.0,242
R32,0.1,exp30,A,True,8,3,242,242,"[34, 47, 25, 17, 17, 34, 43, 25]",68.93,239.5,exp,30.6,1.0,242
R32,0.1,exp30,A,True,8,4,242,242,"[34, 47, 25, 17, 17, 34, 43, 25]",72.5,239.5,exp,30.9,1.0,242
R32,0.1,exp30,A,True,8,5,242,242,"[34, 47, 25, 17, 17, 34, 43, 25]",70.63,239.5,exp,31.1,1.0,242
R32,0.1,exp30,A,True,8,6,242,242,"[34, 47, 25, 17, 17, 34, 43, 25]",72.5,239.5,exp,31.0,1.0,242
R32,0.1,exp30,A,True,8,7,242,242,"[34, 47, 25, 17, 17, 34, 43, 25]",68.87,239.5,exp,30.7,1.0,242
R32,0.1,exp30,A,True,8,8,242,242,"[34, 47, 25, 17, 17, 34, 43, 25]",73.93,239.5,exp,30.6,1.0,242
R32,0.1,exp30,A,True,9,1,277,242,"[34, 47, 25, 17, 17, 34, 43, 25]",22.8,274.2,exp,31.2,1.0,242
R32,0.1,exp30,A,True,9,2,242,242,"[34, 47, 25, 17, 17, 34, 43, 25]",72.73,239.5,exp,30.1,1.0,242
R32,0.1,exp30,A,True,9,3,242,242,"[34, 47, 25, 17, 17, 34, 43, 25]",68.7,239.5,exp,30.0,1.0,242
R32,0.1,exp30,A,True,9,4,242,242,"[34, 47, 25, 17, 17, 34, 43, 25]",61.93,239.5,exp,29.9,1.0,242
R32,0.1,exp30,A,True,9,5,242,242,"[34, 47, 25, 17, 17, 34, 43, 25]",71.2,239.5,exp,30.0,1.0,242
R32,0.1,exp30,A,True,9,6,242,242,"[34, 47, 25, 17, 17, 34, 43, 25]",77.6,239.5,exp,29.9,1.0,242
R32,0.1,exp30,A,True,9,7,242,242,"[34, 47, 25, 17, 17, 34, 43, 25]",64.83,239.5,exp,29.9,1.0,242
R32,0.1,exp30,A,True,9,8,242,242,"[34, 47, 25, 17, 17, 34, 43, 25]",73.97,239.5,exp,30.0,1.0,242
R32,0.1,logn30,A,False,0,1,277,268,"[38, 52, 28, 18, 18, 38, 48, 28]",7.73,277.0,exp,450.1,1.0,261
R32,0.1,logn30,A,False,0,2,268,268,"[38, 52, 28, 18, 18, 38, 48, 28]",12.93,268.0,exp,447.5,1.0,261
R32,0.1,logn30,A,False,0,3,268,268,"[38, 52, 28, 18, 18, 38, 48, 28]",16.67,268.0,exp,423.6,1.0,261
R32,0.1,logn30,A,False,0,4,268,267,"[38, 52, 28, 18, 18, 38, 47, 28]",21.4,268.0,exp,376.9,1.0,261
R32,0.1,logn30,A,False,0,5,267,267,"[38, 52, 28, 18, 18, 38, 47, 28]",22.3,267.0,exp,352.2,1.0,261
R32,0.1,logn30,A,False,0,6,267,267,"[38, 52, 28, 18, 18, 38, 47, 28]",19.0,267.0,exp,345.2,1.0,261
R32,0.1,logn30,A,False,0,7,267,267,"[38, 52, 28, 18, 18, 38, 47, 28]",16.5,267.0,exp,350.9,1.0,261
R32,0.1,logn30,A,False,0,8,267,267,"[38, 52, 28, 18, 18, 38, 47, 28]",16.3,267.0,exp,348.9,1.0,261
R32,0.1,logn30,A,False,1,1,277,271,"[38, 53, 28, 19, 19, 38, 48, 28]",7.67,277.0,exp,554.6,1.0,261
R32,0.1,logn30,A,False,1,2,271,271,"[38, 53, 28, 19, 19, 38, 48, 28]",5.67,271.0,exp,581.0,1.0,261
R32,0.1,logn30,A,False,1,3,271,267,"[38, 52, 28, 18, 18, 38, 47, 28]",21.9,271.0,exp,380.1,1.0,261
R32,0.1,logn30,A,False,1,4,267,267,"[38, 52, 28, 18, 18, 38, 47, 28]",15.53,267.0,exp,378.7,1.0,261
R32,0.1,logn30,A,False,1,5,267,267,"[38, 52, 28, 18, 18, 38, 47, 28]",16.47,267.0,exp,364.6,1.0,261
R32,0.1,logn30,A,False,1,6,267,267,"[38, 52, 28, 18, 18, 38, 47, 28]",12.9,267.0,exp,370.0,1.0,261
R32,0.1,logn30,A,False,1,7,267,267,"[38, 52, 28, 18, 18, 38, 47, 28]",23.27,267.0,exp,364.5,1.0,261
R32,0.1,logn30,A,False,1,8,267,267,"[38, 52, 28, 18, 18, 38, 47, 28]",10.73,267.0,exp,371.7,1.0,261
R32,0.1,logn30,A,False,2,1,277,271,"[38, 53, 28, 19, 19, 38, 48, 28]",9.83,277.0,exp,531.9,1.0,261
R32,0.1,logn30,A,False,2,2,271,269,"[38, 53, 28, 18, 18, 38, 48, 28]",11.2,271.0,exp,477.7,1.0,261
R32,0.1,logn30,A,False,2,3,269,268,"[38, 52, 28, 18, 18, 38, 48, 28]",16.57,269.0,exp,427.4,1.0,261
R32,0.1,logn30,A,False,2,4,268,267,"[38, 52, 28, 18, 18, 38, 47, 28]",20.87,268.0,exp,388.1,1.0,261
R32,0.1,logn30,A,False,2,5,267,267,"[38, 52, 28, 18, 18, 38, 47, 28]",29.97,267.0,exp,345.7,1.0,261
R32,0.1,logn30,A,False,2,6,267,267,"[38, 52, 28, 18, 18, 38, 47, 28]",13.67,267.0,exp,352.4,1.0,261
R32,0.1,logn30,A,False,2,7,267,267,"[38, 52, 28, 18, 18, 38, 47, 28]",14.4,267.0,exp,345.5,1.0,261
R32,0.1,logn30,A,False,2,8,267,267,"[38, 52, 28, 18, 18, 38, 47, 28]",25.47,267.0,exp,338.4,1.0,261
R32,0.1,logn30,A,False,3,1,277,273,"[38, 53, 29, 19, 19, 38, 48, 29]",3.47,277.0,exp,846.4,1.0,261
R32,0.1,logn30,A,False,3,2,273,271,"[38, 53, 28, 19, 19, 38, 48, 28]",9.4,273.0,exp,617.6,1.0,261
R32,0.1,logn30,A,False,3,3,271,271,"[38, 53, 28, 19, 19, 38, 48, 28]",7.23,271.0,exp,583.2,1.0,261
R32,0.1,logn30,A,False,3,4,271,271,"[38, 53, 28, 19, 19, 38, 48, 28]",10.33,271.0,exp,529.0,1.0,261
R32,0.1,logn30,A,False,3,5,271,269,"[38, 53, 28, 18, 18, 38, 48, 28]",12.8,271.0,exp,488.6,1.0,261
R32,0.1,logn30,A,False,3,6,269,269,"[38, 53, 28, 18, 18, 38, 48, 28]",17.1,269.0,exp,464.1,1.0,261
R32,0.1,logn30,A,False,3,7,269,268,"[38, 52, 28, 18, 18, 38, 48, 28]",9.67,269.0,exp,457.0,1.0,261
R32,0.1,logn30,A,False,3,8,268,268,"[38, 52, 28, 18, 18, 38, 48, 28]",13.93,268.0,exp,453.5,1.0,261
R32,0.1,logn30,A,False,4,1,277,268,"[38, 52, 28, 18, 18, 38, 48, 28]",9.0,277.0,exp,436.7,1.0,261
R32,0.1,logn30,A,False,4,2,268,267,"[38, 52, 28, 18, 18, 38, 47, 28]",21.23,268.0,exp,343.8,1.0,261
R32,0.1,logn30,A,False,4,3,267,267,"[38, 52, 28, 18, 18, 38, 47, 28]",23.6,267.0,exp,332.4,1.0,261
R32,0.1,logn30,A,False,4,4,267,267,"[38, 52, 28, 18, 18, 38, 47, 28]",18.83,267.0,exp,331.7,1.0,261
R32,0.1,logn30,A,False,4,5,267,267,"[38, 52, 28, 18, 18, 38, 47, 28]",22.23,267.0,exp,333.2,1.0,261
R32,0.1,logn30,A,False,4,6,267,267,"[38, 52, 28, 18, 18, 38, 47, 28]",14.47,267.0,exp,349.6,1.0,261
R32,0.1,logn30,A,False,4,7,267,267,"[38, 52, 28, 18, 18, 38, 47, 28]",10.57,267.0,exp,364.6,1.0,261
R32,0.1,logn30,A,False,4,8,267,267,"[38, 52, 28, 18, 18, 38, 47, 28]",11.57,267.0,exp,373.8,1.0,261
R32,0.1,logn30,A,False,5,1,277,271,"[38, 53, 28, 19, 19, 38, 48, 28]",6.17,277.0,exp,614.4,1.0,261
R32,0.1,logn30,A,False,5,2,271,271,"[38, 53, 28, 19, 19, 38, 48, 28]",6.27,271.0,exp,612.4,1.0,261
R32,0.1,logn30,A,False,5,3,271,271,"[38, 53, 28, 19, 19, 38, 48, 28]",4.97,271.0,exp,604.6,1.0,261
R32,0.1,logn30,A,False,5,4,271,271,"[38, 53, 28, 19, 19, 38, 48, 28]",8.07,271.0,exp,600.0,1.0,261
R32,0.1,logn30,A,False,5,5,271,271,"[38, 53, 28, 19, 19, 38, 48, 28]",16.3,271.0,exp,533.5,1.0,261
R32,0.1,logn30,A,False,5,6,271,271,"[38, 53, 28, 19, 19, 38, 48, 28]",11.0,271.0,exp,517.6,1.0,261
R32,0.1,logn30,A,False,5,7,271,268,"[38, 52, 28, 18, 18, 38, 48, 28]",25.87,271.0,exp,428.1,1.0,261
R32,0.1,logn30,A,False,5,8,268,267,"[38, 52, 28, 18, 18, 38, 47, 28]",22.0,268.0,exp,397.2,1.0,261
R32,0.1,logn30,A,False,6,1,277,267,"[38, 52, 28, 18, 18, 38, 47, 28]",12.1,277.0,exp,343.7,1.0,261
R32,0.1,logn30,A,False,6,2,267,265,"[37, 52, 28, 18, 18, 37, 47, 28]",26.87,267.0,exp,277.7,1.0,261
R32,0.1,logn30,A,False,6,3,265,267,"[38, 52, 28, 18, 18, 38, 47, 28]",12.33,265.0,exp,323.2,1.0,261
R32,0.1,logn30,A,False,6,4,267,267,"[38, 52, 28, 18, 18, 38, 47, 28]",24.17,267.0,exp,323.3,1.0,261
R32,0.1,logn30,A,False,6,5,267,267,"[38, 52, 28, 18, 18, 38, 47, 28]",23.3,267.0,exp,313.3,1.0,261
R32,0.1,logn30,A,False,6,6,267,267,"[38, 52, 28, 18, 18, 38, 47, 28]",29.17,267.0,exp,303.4,1.0,261
R32,0.1,logn30,A,False,6,7,267,267,"[38, 52, 28, 18, 18, 38, 47, 28]",17.7,267.0,exp,311.9,1.0,261
R32,0.1,logn30,A,False,6,8,267,267,"[38, 52, 28, 18, 18, 38, 47, 28]",10.13,267.0,exp,327.3,1.0,261
R32,0.1,logn30,A,False,7,1,277,271,"[38, 53, 28, 19, 19, 38, 48, 28]",8.3,277.0,exp,539.2,1.0,261
R32,0.1,logn30,A,False,7,2,271,268,"[38, 52, 28, 18, 18, 38, 48, 28]",15.13,271.0,exp,427.6,1.0,261
R32,0.1,logn30,A,False,7,3,268,268,"[38, 52, 28, 18, 18, 38, 48, 28]",11.37,268.0,exp,423.4,1.0,261
R32,0.1,logn30,A,False,7,4,268,268,"[38, 52, 28, 18, 18, 38, 48, 28]",14.63,268.0,exp,412.4,1.0,261
R32,0.1,logn30,A,False,7,5,268,268,"[38, 52, 28, 18, 18, 38, 48, 28]",16.37,268.0,exp,409.2,1.0,261
R32,0.1,logn30,A,False,7,6,268,268,"[38, 52, 28, 18, 18, 38, 48, 28]",21.5,268.0,exp,403.0,1.0,261
R32,0.1,logn30,A,False,7,7,268,268,"[38, 52, 28, 18, 18, 38, 48, 28]",15.43,268.0,exp,401.8,1.0,261
R32,0.1,logn30,A,False,7,8,268,267,"[38, 52, 28, 18, 18, 38, 47, 28]",22.13,268.0,exp,377.2,1.0,261
R32,0.1,logn30,A,False,8,1,277,273,"[38, 53, 29, 19, 19, 38, 48, 29]",1.87,277.0,exp,1194.3,1.0,261
R32,0.1,logn30,A,False,8,2,273,271,"[38, 53, 28, 19, 19, 38, 48, 28]",10.17,273.0,exp,636.4,1.0,261
R32,0.1,logn30,A,False,8,3,271,269,"[38, 53, 28, 18, 18, 38, 48, 28]",12.87,271.0,exp,487.5,1.0,261
R32,0.1,logn30,A,False,8,4,269,268,"[38, 52, 28, 18, 18, 38, 48, 28]",20.4,269.0,exp,411.4,1.0,261
R32,0.1,logn30,A,False,8,5,268,267,"[38, 52, 28, 18, 18, 38, 47, 28]",22.4,268.0,exp,369.2,1.0,261
R32,0.1,logn30,A,False,8,6,267,267,"[38, 52, 28, 18, 18, 38, 47, 28]",13.7,267.0,exp,373.9,1.0,261
R32,0.1,logn30,A,False,8,7,267,267,"[38, 52, 28, 18, 18, 38, 47, 28]",13.5,267.0,exp,390.6,1.0,261
R32,0.1,logn30,A,False,8,8,267,267,"[38, 52, 28, 18, 18, 38, 47, 28]",25.0,267.0,exp,377.4,1.0,261
R32,0.1,logn30,A,False,9,1,277,267,"[38, 52, 28, 18, 18, 38, 47, 28]",12.1,277.0,exp,346.9,1.0,261
R32,0.1,logn30,A,False,9,2,267,267,"[38, 52, 28, 18, 18, 38, 47, 28]",24.9,267.0,exp,327.4,1.0,261
R32,0.1,logn30,A,False,9,3,267,267,"[38, 52, 28, 18, 18, 38, 47, 28]",9.4,267.0,exp,352.0,1.0,261
R32,0.1,logn30,A,False,9,4,267,267,"[38, 52, 28, 18, 18, 38, 47, 28]",11.83,267.0,exp,354.4,1.0,261
R32,0.1,logn30,A,False,9,5,267,267,"[38, 52, 28, 18, 18, 38, 47, 28]",20.87,267.0,exp,354.8,1.0,261
R32,0.1,logn30,A,False,9,6,267,267,"[38, 52, 28, 18, 18, 38, 47, 28]",29.7,267.0,exp,323.6,1.0,261
R32,0.1,logn30,A,False,9,7,267,267,"[38, 52, 28, 18, 18, 38, 47, 28]",19.23,267.0,exp,321.1,1.0,261
R32,0.1,logn30,A,False,9,8,267,267,"[38, 52, 28, 18, 18, 38, 47, 28]",20.97,267.0,exp,317.5,1.0,261
R32,0.1,logn30,B,False,0,1,277,259,"[36, 51, 27, 18, 18, 36, 46, 27]",7.73,277.0,lognormal,33.9,0.589,261
R32,0.1,logn30,B,False,0,2,259,261,"[37, 51, 27, 18, 18, 37, 46, 27]",25.13,259.0,lognormal,32.8,0.547,261
R32,0.1,logn30,B,False,0,3,261,261,"[37, 51, 27, 18, 18, 37, 46, 27]",24.33,261.0,lognormal,33.2,0.547,261
R32,0.1,logn30,B,False,0,4,261,261,"[37, 51, 27, 18, 18, 37, 46, 27]",27.57,261.0,lognormal,32.3,0.538,261
R32,0.1,logn30,B,False,0,5,261,261,"[37, 51, 27, 18, 18, 37, 46, 27]",34.63,261.0,lognormal,31.5,0.53,261
R32,0.1,logn30,B,False,0,6,261,261,"[37, 51, 27, 18, 18, 37, 46, 27]",29.5,261.0,lognormal,31.2,0.524,261
R32,0.1,logn30,B,False,0,7,261,261,"[37, 51, 27, 18, 18, 37, 46, 27]",25.1,261.0,lognormal,31.1,0.522,261
R32,0.1,logn30,B,False,0,8,261,261,"[37, 51, 27, 18, 18, 37, 46, 27]",27.87,261.0,lognormal,31.0,0.523,261
R32,0.1,logn30,B,False,1,1,277,261,"[37, 51, 27, 18, 18, 37, 46, 27]",7.67,277.0,lognormal,31.5,0.506,261
R32,0.1,logn30,B,False,1,2,261,261,"[37, 51, 27, 18, 18, 37, 46, 27]",26.83,261.0,lognormal,31.7,0.521,261
R32,0.1,logn30,B,False,1,3,261,259,"[36, 51, 27, 18, 18, 36, 46, 27]",38.97,261.0,lognormal,29.6,0.495,261
R32,0.1,logn30,B,False,1,4,259,259,"[36, 51, 27, 18, 18, 36, 46, 27]",28.73,259.0,lognormal,29.7,0.497,261
R32,0.1,logn30,B,False,1,5,259,259,"[36, 51, 27, 18, 18, 36, 46, 27]",27.3,259.0,lognormal,29.4,0.496,261
R32,0.1,logn30,B,False,1,6,259,259,"[36, 51, 27, 18, 18, 36, 46, 27]",22.5,259.0,lognormal,29.7,0.502,261
R32,0.1,logn30,B,False,1,7,259,259,"[36, 51, 27, 18, 18, 36, 46, 27]",33.77,259.0,lognormal,29.8,0.502,261
R32,0.1,logn30,B,False,1,8,259,259,"[36, 51, 27, 18, 18, 36, 46, 27]",20.17,259.0,lognormal,29.8,0.5,261
R32,0.1,logn30,B,False,2,1,277,261,"[37, 51, 27, 18, 18, 37, 46, 27]",9.83,277.0,lognormal,31.2,0.506,261
R32,0.1,logn30,B,False,2,2,261,261,"[37, 51, 27, 18, 18, 37, 46, 27]",24.07,261.0,lognormal,29.0,0.48,261
R32,0.1,logn30,B,False,2,3,261,259,"[36, 51, 27, 18, 18, 36, 46, 27]",37.9,261.0,lognormal,29.1,0.49,261
R32,0.1,logn30,B,False,2,4,259,259,"[36, 51, 27, 18, 18, 36, 46, 27]",34.23,259.0,lognormal,29.1,0.487,261
R32,0.1,logn30,B,False,2,5,259,261,"[37, 51, 27, 18, 18, 37, 46, 27]",47.7,259.0,lognormal,29.5,0.49,261
R32,0.1,logn30,B,False,2,6,261,261,"[37, 51, 27, 18, 18, 37, 46, 27]",24.63,261.0,lognormal,29.4,0.486,261
R32,0.1,logn30,B,False,2,7,261,261,"[37, 51, 27, 18, 18, 37, 46, 27]",20.1,261.0,lognormal,29.3,0.487,261
R32,0.1,logn30,B,False,2,8,261,261,"[37, 51, 27, 18, 18, 37, 46, 27]",38.63,261.0,lognormal,29.6,0.493,261
R32,0.1,logn30,B,False,3,1,277,261,"[37, 51, 27, 18, 18, 37, 46, 27]",3.47,277.0,lognormal,30.6,0.513,261
R32,0.1,logn30,B,False,3,2,261,261,"[37, 51, 27, 18, 18, 37, 46, 27]",34.1,261.0,lognormal,29.8,0.492,261
R32,0.1,logn30,B,False,3,3,261,261,"[37, 51, 27, 18, 18, 37, 46, 27]",21.17,261.0,lognormal,28.9,0.475,261
R32,0.1,logn30,B,False,3,4,261,261,"[37, 51, 27, 18, 18, 37, 46, 27]",24.77,261.0,lognormal,29.8,0.495,261
R32,0.1,logn30,B,False,3,5,261,261,"[37, 51, 27, 18, 18, 37, 46, 27]",25.9,261.0,lognormal,29.6,0.493,261
R32,0.1,logn30,B,False,3,6,261,261,"[37, 51, 27, 18, 18, 37, 46, 27]",34.5,261.0,lognormal,30.6,0.513,261
R32,0.1,logn30,B,False,3,7,261,261,"[37, 51, 27, 18, 18, 37, 46, 27]",16.73,261.0,lognormal,30.5,0.512,261
R32,0.1,logn30,B,False,3,8,261,261,"[37, 51, 27, 18, 18, 37, 46, 27]",28.97,261.0,lognormal,30.4,0.508,261
R32,0.1,logn30,B,False,4,1,277,259,"[36, 51, 27, 18, 18, 36, 46, 27]",9.0,277.0,lognormal,29.2,0.495,261
R32,0.1,logn30,B,False,4,2,259,261,"[37, 51, 27, 18, 18, 37, 46, 27]",38.5,259.0,lognormal,30.4,0.499,261
R32,0.1,logn30,B,False,4,3,261,261,"[37, 51, 27, 18, 18, 37, 46, 27]",30.73,261.0,lognormal,30.4,0.497,261
R32,0.1,logn30,B,False,4,4,261,261,"[37, 51, 27, 18, 18, 37, 46, 27]",22.9,261.0,lognormal,30.7,0.506,261
R32,0.1,logn30,B,False,4,5,261,261,"[37, 51, 27, 18, 18, 37, 46, 27]",35.2,261.0,lognormal,30.9,0.515,261
R32,0.1,logn30,B,False,4,6,261,261,"[37, 51, 27, 18, 18, 37, 46, 27]",27.43,261.0,lognormal,30.1,0.498,261
R32,0.1,logn30,B,False,4,7,261,261,"[37, 51, 27, 18, 18, 37, 46, 27]",17.87,261.0,lognormal,30.4,0.503,261
R32,0.1,logn30,B,False,4,8,261,261,"[37, 51, 27, 18, 18, 37, 46, 27]",27.93,261.0,lognormal,30.8,0.507,261
R32,0.1,logn30,B,False,5,1,277,261,"[37, 51, 27, 18, 18, 37, 46, 27]",6.17,277.0,lognormal,32.6,0.538,261
R32,0.1,logn30,B,False,5,2,261,261,"[37, 51, 27, 18, 18, 37, 46, 27]",19.43,261.0,lognormal,30.6,0.499,261
R32,0.1,logn30,B,False,5,3,261,261,"[37, 51, 27, 18, 18, 37, 46, 27]",19.43,261.0,lognormal,30.3,0.495,261
R32,0.1,logn30,B,False,5,4,261,261,"[37, 51, 27, 18, 18, 37, 46, 27]",22.03,261.0,lognormal,31.6,0.521,261
R32,0.1,logn30,B,False,5,5,261,261,"[37, 51, 27, 18, 18, 37, 46, 27]",42.93,261.0,lognormal,31.0,0.509,261
R32,0.1,logn30,B,False,5,6,261,261,"[37, 51, 27, 18, 18, 37, 46, 27]",23.23,261.0,lognormal,30.6,0.504,261
R32,0.1,logn30,B,False,5,7,261,261,"[37, 51, 27, 18, 18, 37, 46, 27]",45.13,261.0,lognormal,29.8,0.491,261
R32,0.1,logn30,B,False,5,8,261,261,"[37, 51, 27, 18, 18, 37, 46, 27]",36.3,261.0,lognormal,29.9,0.493,261
R32,0.1,logn30,B,False,6,1,277,261,"[37, 51, 27, 18, 18, 37, 46, 27]",12.1,277.0,lognormal,31.8,0.538,261
R32,0.1,logn30,B,False,6,2,261,258,"[36, 50, 27, 18, 18, 36, 46, 27]",37.97,261.0,lognormal,28.4,0.479,261
R32,0.1,logn30,B,False,6,3,258,258,"[36, 50, 27, 18, 18, 36, 46, 27]",32.0,258.0,lognormal,28.8,0.486,261
R32,0.1,logn30,B,False,6,4,258,259,"[36, 51, 27, 18, 18, 36, 46, 27]",40.33,258.0,lognormal,29.4,0.496,261
R32,0.1,logn30,B,False,6,5,259,259,"[36, 51, 27, 18, 18, 36, 46, 27]",35.1,259.0,lognormal,29.4,0.494,261
R32,0.1,logn30,B,False,6,6,259,259,"[36, 51, 27, 18, 18, 36, 46, 27]",42.3,259.0,lognormal,29.3,0.493,261
R32,0.1,logn30,B,False,6,7,259,259,"[36, 51, 27, 18, 18, 36, 46, 27]",31.0,259.0,lognormal,29.4,0.492,261
R32,0.1,logn30,B,False,6,8,259,259,"[36, 51, 27, 18, 18, 36, 46, 27]",22.53,259.0,lognormal,29.7,0.497,261
R32,0.1,logn30,B,False,7,1,277,261,"[37, 51, 27, 18, 18, 37, 46, 27]",8.3,277.0,lognormal,30.6,0.493,261
R32,0.1,logn30,B,False,7,2,261,261,"[37, 51, 27, 18, 18, 37, 46, 27]",35.73,261.0,lognormal,28.6,0.467,261
R32,0.1,logn30,B,False,7,3,261,261,"[37, 51, 27, 18, 18, 37, 46, 27]",19.97,261.0,lognormal,29.5,0.488,261
R32,0.1,logn30,B,False,7,4,261,261,"[37, 51, 27, 18, 18, 37, 46, 27]",26.27,261.0,lognormal,29.2,0.484,261
R32,0.1,logn30,B,False,7,5,261,261,"[37, 51, 27, 18, 18, 37, 46, 27]",26.1,261.0,lognormal,29.2,0.485,261
R32,0.1,logn30,B,False,7,6,261,261,"[37, 51, 27, 18, 18, 37, 46, 27]",34.6,261.0,lognormal,30.0,0.499,261
R32,0.1,logn30,B,False,7,7,261,261,"[37, 51, 27, 18, 18, 37, 46, 27]",35.77,261.0,lognormal,30.4,0.505,261
R32,0.1,logn30,B,False,7,8,261,261,"[37, 51, 27, 18, 18, 37, 46, 27]",39.87,261.0,lognormal,30.0,0.498,261
R32,0.1,logn30,B,False,8,1,277,256,"[36, 50, 27, 17, 17, 36, 46, 27]",1.87,277.0,lognormal,24.7,0.396,261
R32,0.1,logn30,B,False,8,2,256,261,"[37, 51, 27, 18, 18, 37, 46, 27]",39.73,256.0,lognormal,30.6,0.51,261
R32,0.1,logn30,B,False,8,3,261,261,"[37, 51, 27, 18, 18, 37, 46, 27]",31.27,261.0,lognormal,30.2,0.506,261
R32,0.1,logn30,B,False,8,4,261,261,"[37, 51, 27, 18, 18, 37, 46, 27]",32.83,261.0,lognormal,30.7,0.517,261
R32,0.1,logn30,B,False,8,5,261,261,"[37, 51, 27, 18, 18, 37, 46, 27]",44.13,261.0,lognormal,30.8,0.519,261
R32,0.1,logn30,B,False,8,6,261,261,"[37, 51, 27, 18, 18, 37, 46, 27]",24.53,261.0,lognormal,30.6,0.516,261
R32,0.1,logn30,B,False,8,7,261,261,"[37, 51, 27, 18, 18, 37, 46, 27]",23.97,261.0,lognormal,30.7,0.517,261
R32,0.1,logn30,B,False,8,8,261,261,"[37, 51, 27, 18, 18, 37, 46, 27]",38.23,261.0,lognormal,30.4,0.509,261
R32,0.1,logn30,B,False,9,1,277,261,"[37, 51, 27, 18, 18, 37, 46, 27]",12.1,277.0,lognormal,30.4,0.501,261
R32,0.1,logn30,B,False,9,2,261,261,"[37, 51, 27, 18, 18, 37, 46, 27]",37.67,261.0,lognormal,30.8,0.51,261
R32,0.1,logn30,B,False,9,3,261,259,"[36, 51, 27, 18, 18, 36, 46, 27]",18.83,261.0,lognormal,31.0,0.528,261
R32,0.1,logn30,B,False,9,4,259,259,"[36, 51, 27, 18, 18, 36, 46, 27]",16.17,259.0,lognormal,30.7,0.523,261
R32,0.1,logn30,B,False,9,5,259,261,"[37, 51, 27, 18, 18, 37, 46, 27]",34.03,259.0,lognormal,31.0,0.524,261
R32,0.1,logn30,B,False,9,6,261,259,"[36, 51, 27, 18, 18, 36, 46, 27]",46.5,261.0,lognormal,30.5,0.515,261
R32,0.1,logn30,B,False,9,7,259,259,"[36, 51, 27, 18, 18, 36, 46, 27]",34.13,259.0,lognormal,30.3,0.511,261
R32,0.1,logn30,B,False,9,8,259,259,"[36, 51, 27, 18, 18, 36, 46, 27]",34.87,259.0,lognormal,30.3,0.512,261
R32,0.1,logn30,A,True,0,1,277,267,"[38, 52, 28, 18, 18, 38, 47, 28]",16.27,274.2,exp,306.0,1.0,261
R32,0.1,logn30,A,True,0,2,267,267,"[38, 52, 28, 18, 18, 38, 47, 28]",18.3,264.2,exp,345.9,1.0,261
R32,0.1,logn30,A,True,0,3,267,267,"[38, 52, 28, 18, 18, 38, 47, 28]",28.0,264.2,exp,310.6,1.0,261
R32,0.1,logn30,A,True,0,4,267,265,"[37, 52, 28, 18, 18, 37, 47, 28]",32.23,264.2,exp,288.4,1.0,261
R32,0.1,logn30,A,True,0,5,265,265,"[37, 52, 28, 18, 18, 37, 47, 28]",33.57,262.2,exp,279.4,1.0,261
R32,0.1,logn30,A,True,0,6,265,265,"[37, 52, 28, 18, 18, 37, 47, 28]",30.1,262.2,exp,276.8,1.0,261
R32,0.1,logn30,A,True,0,7,265,265,"[37, 52, 28, 18, 18, 37, 47, 28]",32.97,262.2,exp,273.2,1.0,261
R32,0.1,logn30,A,True,0,8,265,265,"[37, 52, 28, 18, 18, 37, 47, 28]",22.9,262.2,exp,274.1,1.0,261
R32,0.1,logn30,A,True,1,1,277,268,"[38, 52, 28, 18, 18, 38, 48, 28]",12.47,274.2,exp,442.2,1.0,261
R32,0.1,logn30,A,True,1,2,268,267,"[38, 52, 28, 18, 18, 38, 47, 28]",19.13,265.2,exp,377.2,1.0,261
R32,0.1,logn30,A,True,1,3,267,265,"[37, 52, 28, 18, 18, 37, 47, 28]",34.17,264.2,exp,287.2,1.0,261
R32,0.1,logn30,A,True,1,4,265,265,"[37, 52, 28, 18, 18, 37, 47, 28]",25.33,262.2,exp,288.3,1.0,261
R32,0.1,logn30,A,True,1,5,265,265,"[37, 52, 28, 18, 18, 37, 47, 28]",31.87,262.2,exp,275.7,1.0,261
R32,0.1,logn30,A,True,1,6,265,265,"[37, 52, 28, 18, 18, 37, 47, 28]",19.83,262.2,exp,284.5,1.0,261
R32,0.1,logn30,A,True,1,7,265,265,"[37, 52, 28, 18, 18, 37, 47, 28]",41.37,262.2,exp,275.2,1.0,261
R32,0.1,logn30,A,True,1,8,265,265,"[37, 52, 28, 18, 18, 37, 47, 28]",21.4,262.2,exp,279.1,1.0,261
R32,0.1,logn30,A,True,2,1,277,267,"[38, 52, 28, 18, 18, 38, 47, 28]",15.93,274.2,exp,390.2,1.0,261
R32,0.1,logn30,A,True,2,2,267,267,"[38, 52, 28, 18, 18, 38, 47, 28]",26.63,264.2,exp,327.7,1.0,261
R32,0.1,logn30,A,True,2,3,267,267,"[38, 52, 28, 18, 18, 38, 47, 28]",30.7,264.2,exp,318.2,1.0,261
R32,0.1,logn30,A,True,2,4,267,267,"[38, 52, 28, 18, 18, 38, 47, 28]",33.9,264.2,exp,297.5,1.0,261
R32,0.1,logn30,A,True,2,5,267,265,"[37, 52, 28, 18, 18, 37, 47, 28]",35.57,264.2,exp,283.8,1.0,261
R32,0.1,logn30,A,True,2,6,265,267,"[38, 52, 28, 18, 18, 38, 47, 28]",18.47,262.2,exp,292.5,1.0,261
R32,0.1,logn30,A,True,2,7,267,267,"[38, 52, 28, 18, 18, 38, 47, 28]",20.07,264.2,exp,293.6,1.0,261
R32,0.1,logn30,A,True,2,8,267,265,"[37, 52, 28, 18, 18, 37, 47, 28]",36.93,264.2,exp,280.3,1.0,261
R32,0.1,logn30,A,True,3,1,277,271,"[38, 53, 28, 19, 19, 38, 48, 28]",7.6,274.2,exp,565.6,1.0,261
R32,0.1,logn30,A,True,3,2,271,268,"[38, 52, 28, 18, 18, 38, 48, 28]",15.97,268.2,exp,451.4,1.0,261
R32,0.1,logn30,A,True,3,3,268,267,"[38, 52, 28, 18, 18, 38, 47, 28]",19.67,265.2,exp,398.7,1.0,261
R32,0.1,logn30,A,True,3,4,267,267,"[38, 52, 28, 18, 18, 38, 47, 28]",24.77,264.2,exp,359.5,1.0,261
R32,0.1,logn30,A,True,3,5,267,267,"[38, 52, 28, 18, 18, 38, 47, 28]",29.4,264.2,exp,317.3,1.0,261
R32,0.1,logn30,A,True,3,6,267,267,"[38, 52, 28, 18, 18, 38, 47, 28]",33.37,264.2,exp,302.6,1.0,261
R32,0.1,logn30,A,True,3,7,267,265,"[37, 52, 28, 18, 18, 37, 47, 28]",27.67,264.2,exp,289.6,1.0,261
R32,0.1,logn30,A,True,3,8,265,265,"[37, 52, 28, 18, 18, 37, 47, 28]",29.33,262.2,exp,289.2,1.0,261
R32,0.1,logn30,A,True,4,1,277,265,"[37, 52, 28, 18, 18, 37, 47, 28]",20.23,274.2,exp,270.4,1.0,261
R32,0.1,logn30,A,True,4,2,265,265,"[37, 52, 28, 18, 18, 37, 47, 28]",31.33,262.2,exp,270.1,1.0,261
R32,0.1,logn30,A,True,4,3,265,265,"[37, 52, 28, 18, 18, 37, 47, 28]",29.87,262.2,exp,273.5,1.0,261
R32,0.1,logn30,A,True,4,4,265,265,"[37, 52, 28, 18, 18, 37, 47, 28]",27.97,262.2,exp,273.8,1.0,261
R32,0.1,logn30,A,True,4,5,265,265,"[37, 52, 28, 18, 18, 37, 47, 28]",32.53,262.2,exp,276.4,1.0,261
R32,0.1,logn30,A,True,4,6,265,265,"[37, 52, 28, 18, 18, 37, 47, 28]",27.53,262.2,exp,281.1,1.0,261
R32,0.1,logn30,A,True,4,7,265,267,"[38, 52, 28, 18, 18, 38, 47, 28]",16.73,262.2,exp,290.0,1.0,261
R32,0.1,logn30,A,True,4,8,267,267,"[38, 52, 28, 18, 18, 38, 47, 28]",22.4,264.2,exp,292.0,1.0,261
R32,0.1,logn30,A,True,5,1,277,268,"[38, 52, 28, 18, 18, 38, 48, 28]",11.8,274.2,exp,420.0,1.0,261
R32,0.1,logn30,A,True,5,2,268,268,"[38, 52, 28, 18, 18, 38, 48, 28]",12.7,265.2,exp,433.6,1.0,261
R32,0.1,logn30,A,True,5,3,268,267,"[38, 52, 28, 18, 18, 38, 47, 28]",22.8,265.2,exp,372.8,1.0,261
R32,0.1,logn30,A,True,5,4,267,267,"[38, 52, 28, 18, 18, 38, 47, 28]",22.33,264.2,exp,374.3,1.0,261
R32,0.1,logn30,A,True,5,5,267,267,"[38, 52, 28, 18, 18, 38, 47, 28]",38.6,264.2,exp,338.4,1.0,261
R32,0.1,logn30,A,True,5,6,267,267,"[38, 52, 28, 18, 18, 38, 47, 28]",26.13,264.2,exp,330.8,1.0,261
R32,0.1,logn30,A,True,5,7,267,267,"[38, 52, 28, 18, 18, 38, 47, 28]",46.87,264.2,exp,292.9,1.0,261
R32,0.1,logn30,A,True,5,8,267,265,"[37, 52, 28, 18, 18, 37, 47, 28]",31.53,264.2,exp,285.0,1.0,261
R32,0.1,logn30,A,True,6,1,277,265,"[37, 52, 28, 18, 18, 37, 47, 28]",17.37,274.2,exp,250.1,1.0,261
R32,0.1,logn30,A,True,6,2,265,265,"[37, 52, 28, 18, 18, 37, 47, 28]",32.8,262.2,exp,248.4,1.0,261
R32,0.1,logn30,A,True,6,3,265,265,"[37, 52, 28, 18, 18, 37, 47, 28]",22.63,262.2,exp,263.8,1.0,261
R32,0.1,logn30,A,True,6,4,265,265,"[37, 52, 28, 18, 18, 37, 47, 28]",39.67,262.2,exp,257.2,1.0,261
R32,0.1,logn30,A,True,6,5,265,265,"[37, 52, 28, 18, 18, 37, 47, 28]",33.53,262.2,exp,247.9,1.0,261
R32,0.1,logn30,A,True,6,6,265,265,"[37, 52, 28, 18, 18, 37, 47, 28]",48.17,262.2,exp,240.0,1.0,261
R32,0.1,logn30,A,True,6,7,265,265,"[37, 52, 28, 18, 18, 37, 47, 28]",25.47,262.2,exp,246.7,1.0,261
R32,0.1,logn30,A,True,6,8,265,265,"[37, 52, 28, 18, 18, 37, 47, 28]",19.2,262.2,exp,257.4,1.0,261
R32,0.1,logn30,A,True,7,1,277,268,"[38, 52, 28, 18, 18, 38, 48, 28]",14.57,274.2,exp,403.3,1.0,261
R32,0.1,logn30,A,True,7,2,268,267,"[38, 52, 28, 18, 18, 38, 47, 28]",35.57,265.2,exp,290.0,1.0,261
R32,0.1,logn30,A,True,7,3,267,265,"[37, 52, 28, 18, 18, 37, 47, 28]",28.23,264.2,exp,281.1,1.0,261
R32,0.1,logn30,A,True,7,4,265,265,"[37, 52, 28, 18, 18, 37, 47, 28]",27.67,262.2,exp,281.6,1.0,261
R32,0.1,logn30,A,True,7,5,265,267,"[38, 52, 28, 18, 18, 38, 47, 28]",21.33,262.2,exp,294.8,1.0,261
R32,0.1,logn30,A,True,7,6,267,267,"[38, 52, 28, 18, 18, 38, 47, 28]",33.0,264.2,exp,293.8,1.0,261
R32,0.1,logn30,A,True,7,7,267,267,"[38, 52, 28, 18, 18, 38, 47, 28]",27.27,264.2,exp,292.3,1.0,261
R32,0.1,logn30,A,True,7,8,267,265,"[37, 52, 28, 18, 18, 37, 47, 28]",34.17,264.2,exp,281.8,1.0,261
R32,0.1,logn30,A,True,8,1,277,271,"[38, 53, 28, 19, 19, 38, 48, 28]",7.77,274.2,exp,549.2,1.0,261
R32,0.1,logn30,A,True,8,2,271,268,"[38, 52, 28, 18, 18, 38, 48, 28]",16.9,268.2,exp,400.5,1.0,261
R32,0.1,logn30,A,True,8,3,268,267,"[38, 52, 28, 18, 18, 38, 47, 28]",26.97,265.2,exp,332.9,1.0,261
R32,0.1,logn30,A,True,8,4,267,267,"[38, 52, 28, 18, 18, 38, 47, 28]",32.93,264.2,exp,289.6,1.0,261
R32,0.1,logn30,A,True,8,5,267,265,"[37, 52, 28, 18, 18, 37, 47, 28]",48.47,264.2,exp,254.7,1.0,261
R32,0.1,logn30,A,True,8,6,265,265,"[37, 52, 28, 18, 18, 37, 47, 28]",26.73,262.2,exp,257.0,1.0,261
R32,0.1,logn30,A,True,8,7,265,265,"[37, 52, 28, 18, 18, 37, 47, 28]",29.5,262.2,exp,261.7,1.0,261
R32,0.1,logn30,A,True,8,8,265,265,"[37, 52, 28, 18, 18, 37, 47, 28]",33.43,262.2,exp,267.4,1.0,261
R32,0.1,logn30,A,True,9,1,277,267,"[38, 52, 28, 18, 18, 38, 47, 28]",17.63,274.2,exp,308.6,1.0,261
R32,0.1,logn30,A,True,9,2,267,265,"[37, 52, 28, 18, 18, 37, 47, 28]",35.57,264.2,exp,249.1,1.0,261
R32,0.1,logn30,A,True,9,3,265,265,"[37, 52, 28, 18, 18, 37, 47, 28]",30.4,262.2,exp,250.9,1.0,261
R32,0.1,logn30,A,True,9,4,265,265,"[37, 52, 28, 18, 18, 37, 47, 28]",16.1,262.2,exp,267.4,1.0,261
R32,0.1,logn30,A,True,9,5,265,265,"[37, 52, 28, 18, 18, 37, 47, 28]",25.93,262.2,exp,279.6,1.0,261
R32,0.1,logn30,A,True,9,6,265,265,"[37, 52, 28, 18, 18, 37, 47, 28]",49.63,262.2,exp,254.3,1.0,261
R32,0.1,logn30,A,True,9,7,265,265,"[37, 52, 28, 18, 18, 37, 47, 28]",25.87,262.2,exp,259.3,1.0,261
R32,0.1,logn30,A,True,9,8,265,265,"[37, 52, 28, 18, 18, 37, 47, 28]",31.1,262.2,exp,256.2,1.0,261
R32,0.2,exp30,A,False,0,1,269,214,"[30, 42, 22, 15, 15, 30, 38, 22]",23.83,269.0,exp,29.5,1.0,214
R32,0.2,exp30,A,False,0,2,214,214,"[30, 42, 22, 15, 15, 30, 38, 22]",134.8,214.0,exp,29.4,1.0,214
R32,0.2,exp30,A,False,0,3,214,214,"[30, 42, 22, 15, 15, 30, 38, 22]",139.53,214.0,exp,30.1,1.0,214
R32,0.2,exp30,A,False,0,4,214,214,"[30, 42, 22, 15, 15, 30, 38, 22]",133.33,214.0,exp,30.1,1.0,214
R32,0.2,exp30,A,False,0,5,214,214,"[30, 42, 22, 15, 15, 30, 38, 22]",138.93,214.0,exp,30.3,1.0,214
R32,0.2,exp30,A,False,0,6,214,214,"[30, 42, 22, 15, 15, 30, 38, 22]",141.97,214.0,exp,30.1,1.0,214
R32,0.2,exp30,A,False,0,7,214,214,"[30, 42, 22, 15, 15, 30, 38, 22]",141.3,214.0,exp,30.1,1.0,214
R32,0.2,exp30,A,False,0,8,214,214,"[30, 42, 22, 15, 15, 30, 38, 22]",139.5,214.0,exp,30.3,1.0,214
R32,0.2,exp30,A,False,1,1,269,214,"[30, 42, 22, 15, 15, 30, 38, 22]",25.33,269.0,exp,31.0,1.0,214
R32,0.2,exp30,A,False,1,2,214,214,"[30, 42, 22, 15, 15, 30, 38, 22]",138.2,214.0,exp,29.8,1.0,214
R32,0.2,exp30,A,False,1,3,214,214,"[30, 42, 22, 15, 15, 30, 38, 22]",143.63,214.0,exp,30.0,1.0,214
R32,0.2,exp30,A,False,1,4,214,214,"[30, 42, 22, 15, 15, 30, 38, 22]",126.3,214.0,exp,30.0,1.0,214
R32,0.2,exp30,A,False,1,5,214,214,"[30, 42, 22, 15, 15, 30, 38, 22]",137.7,214.0,exp,30.0,1.0,214
R32,0.2,exp30,A,False,1,6,214,214,"[30, 42, 22, 15, 15, 30, 38, 22]",136.5,214.0,exp,29.9,1.0,214
R32,0.2,exp30,A,False,1,7,214,214,"[30, 42, 22, 15, 15, 30, 38, 22]",134.1,214.0,exp,29.9,1.0,214
R32,0.2,exp30,A,False,1,8,214,214,"[30, 42, 22, 15, 15, 30, 38, 22]",126.9,214.0,exp,30.0,1.0,214
R32,0.2,exp30,A,False,2,1,269,214,"[30, 42, 22, 15, 15, 30, 38, 22]",26.63,269.0,exp,29.8,1.0,214
R32,0.2,exp30,A,False,2,2,214,214,"[30, 42, 22, 15, 15, 30, 38, 22]",134.63,214.0,exp,29.3,1.0,214
R32,0.2,exp30,A,False,2,3,214,214,"[30, 42, 22, 15, 15, 30, 38, 22]",147.27,214.0,exp,29.6,1.0,214
R32,0.2,exp30,A,False,2,4,214,214,"[30, 42, 22, 15, 15, 30, 38, 22]",142.8,214.0,exp,29.7,1.0,214
R32,0.2,exp30,A,False,2,5,214,214,"[30, 42, 22, 15, 15, 30, 38, 22]",140.23,214.0,exp,29.7,1.0,214
R32,0.2,exp30,A,False,2,6,214,214,"[30, 42, 22, 15, 15, 30, 38, 22]",134.23,214.0,exp,29.8,1.0,214
R32,0.2,exp30,A,False,2,7,214,214,"[30, 42, 22, 15, 15, 30, 38, 22]",132.3,214.0,exp,29.8,1.0,214
R32,0.2,exp30,A,False,2,8,214,214,"[30, 42, 22, 15, 15, 30, 38, 22]",143.63,214.0,exp,30.0,1.0,214
R32,0.2,exp30,A,False,3,1,269,214,"[30, 42, 22, 15, 15, 30, 38, 22]",26.03,269.0,exp,28.6,1.0,214
R32,0.2,exp30,A,False,3,2,214,214,"[30, 42, 22, 15, 15, 30, 38, 22]",137.63,214.0,exp,29.4,1.0,214
R32,0.2,exp30,A,False,3,3,214,214,"[30, 42, 22, 15, 15, 30, 38, 22]",126.37,214.0,exp,29.3,1.0,214
R32,0.2,exp30,A,False,3,4,214,214,"[30, 42, 22, 15, 15, 30, 38, 22]",138.07,214.0,exp,29.6,1.0,214
R32,0.2,exp30,A,False,3,5,214,214,"[30, 42, 22, 15, 15, 30, 38, 22]",125.1,214.0,exp,29.7,1.0,214
R32,0.2,exp30,A,False,3,6,214,214,"[30, 42, 22, 15, 15, 30, 38, 22]",137.47,214.0,exp,29.8,1.0,214
R32,0.2,exp30,A,False,3,7,214,214,"[30, 42, 22, 15, 15, 30, 38, 22]",128.43,214.0,exp,30.0,1.0,214
R32,0.2,exp30,A,False,3,8,214,214,"[30, 42, 22, 15, 15, 30, 38, 22]",141.4,214.0,exp,30.1,1.0,214
R32,0.2,exp30,A,False,4,1,269,214,"[30, 42, 22, 15, 15, 30, 38, 22]",26.23,269.0,exp,28.5,1.0,214
R32,0.2,exp30,A,False,4,2,214,214,"[30, 42, 22, 15, 15, 30, 38, 22]",140.03,214.0,exp,30.1,1.0,214
R32,0.2,exp30,A,False,4,3,214,214,"[30, 42, 22, 15, 15, 30, 38, 22]",137.47,214.0,exp,30.0,1.0,214
R32,0.2,exp30,A,False,4,4,214,214,"[30, 42, 22, 15, 15, 30, 38, 22]",131.53,214.0,exp,30.1,1.0,214
R32,0.2,exp30,A,False,4,5,214,214,"[30, 42, 22, 15, 15, 30, 38, 22]",142.63,214.0,exp,30.0,1.0,214
R32,0.2,exp30,A,False,4,6,214,214,"[30, 42, 22, 15, 15, 30, 38, 22]",141.27,214.0,exp,30.0,1.0,214
R32,0.2,exp30,A,False,4,7,214,214,"[30, 42, 22, 15, 15, 30, 38, 22]",128.2,214.0,exp,30.1,1.0,214
R32,0.2,exp30,A,False,4,8,214,214,"[30, 42, 22, 15, 15, 30, 38, 22]",120.5,214.0,exp,29.9,1.0,214
R32,0.2,exp30,A,False,5,1,269,214,"[30, 42, 22, 15, 15, 30, 38, 22]",24.73,269.0,exp,31.4,1.0,214
R32,0.2,exp30,A,False,5,2,214,214,"[30, 42, 22, 15, 15, 30, 38, 22]",124.6,214.0,exp,30.8,1.0,214
R32,0.2,exp30,A,False,5,3,214,214,"[30, 42, 22, 15, 15, 30, 38, 22]",128.27,214.0,exp,30.0,1.0,214
R32,0.2,exp30,A,False,5,4,214,214,"[30, 42, 22, 15, 15, 30, 38, 22]",132.77,214.0,exp,30.0,1.0,214
R32,0.2,exp30,A,False,5,5,214,214,"[30, 42, 22, 15, 15, 30, 38, 22]",149.63,214.0,exp,30.0,1.0,214
R32,0.2,exp30,A,False,5,6,214,214,"[30, 42, 22, 15, 15, 30, 38, 22]",145.43,214.0,exp,30.0,1.0,214
R32,0.2,exp30,A,False,5,7,214,214,"[30, 42, 22, 15, 15, 30, 38, 22]",150.3,214.0,exp,30.0,1.0,214
R32,0.2,exp30,A,False,5,8,214,214,"[30, 42, 22, 15, 15, 30, 38, 22]",146.2,214.0,exp,30.0,1.0,214
R32,0.2,exp30,A,False,6,1,269,214,"[30, 42, 22, 15, 15, 30, 38, 22]",26.4,269.0,exp,30.1,1.0,214
R32,0.2,exp30,A,False,6,2,214,214,"[30, 42, 22, 15, 15, 30, 38, 22]",132.7,214.0,exp,30.0,1.0,214
R32,0.2,exp30,A,False,6,3,214,214,"[30, 42, 22, 15, 15, 30, 38, 22]",138.87,214.0,exp,30.0,1.0,214
R32,0.2,exp30,A,False,6,4,214,214,"[30, 42, 22, 15, 15, 30, 38, 22]",142.57,214.0,exp,30.0,1.0,214
R32,0.2,exp30,A,False,6,5,214,214,"[30, 42, 22, 15, 15, 30, 38, 22]",142.4,214.0,exp,29.9,1.0,214
R32,0.2,exp30,A,False,6,6,214,214,"[30, 42, 22, 15, 15, 30, 38, 22]",158.17,214.0,exp,29.9,1.0,214
R32,0.2,exp30,A,False,6,7,214,214,"[30, 42, 22, 15, 15, 30, 38, 22]",137.53,214.0,exp,30.0,1.0,214
R32,0.2,exp30,A,False,6,8,214,214,"[30, 42, 22, 15, 15, 30, 38, 22]",129.3,214.0,exp,30.0,1.0,214
R32,0.2,exp30,A,False,7,1,269,214,"[30, 42, 22, 15, 15, 30, 38, 22]",26.27,269.0,exp,29.4,1.0,214
R32,0.2,exp30,A,False,7,2,214,214,"[30, 42, 22, 15, 15, 30, 38, 22]",149.43,214.0,exp,29.4,1.0,214
R32,0.2,exp30,A,False,7,3,214,214,"[30, 42, 22, 15, 15, 30, 38, 22]",132.27,214.0,exp,29.9,1.0,214
R32,0.2,exp30,A,False,7,4,214,214,"[30, 42, 22, 15, 15, 30, 38, 22]",131.1,214.0,exp,29.8,1.0,214
R32,0.2,exp30,A,False,7,5,214,214,"[30, 42, 22, 15, 15, 30, 38, 22]",134.73,214.0,exp,29.7,1.0,214
R32,0.2,exp30,A,False,7,6,214,214,"[30, 42, 22, 15, 15, 30, 38, 22]",149.53,214.0,exp,29.8,1.0,214
R32,0.2,exp30,A,False,7,7,214,214,"[30, 42, 22, 15, 15, 30, 38, 22]",137.2,214.0,exp,29.9,1.0,214
R32,0.2,exp30,A,False,7,8,214,214,"[30, 42, 22, 15, 15, 30, 38, 22]",147.97,214.0,exp,29.8,1.0,214
R32,0.2,exp30,A,False,8,1,269,214,"[30, 42, 22, 15, 15, 30, 38, 22]",23.83,269.0,exp,28.5,1.0,214
R32,0.2,exp30,A,False,8,2,214,214,"[30, 42, 22, 15, 15, 30, 38, 22]",142.6,214.0,exp,30.0,1.0,214
R32,0.2,exp30,A,False,8,3,214,214,"[30, 42, 22, 15, 15, 30, 38, 22]",142.87,214.0,exp,30.3,1.0,214
R32,0.2,exp30,A,False,8,4,214,214,"[30, 42, 22, 15, 15, 30, 38, 22]",145.9,214.0,exp,30.7,1.0,214
R32,0.2,exp30,A,False,8,5,214,214,"[30, 42, 22, 15, 15, 30, 38, 22]",146.37,214.0,exp,30.8,1.0,214
R32,0.2,exp30,A,False,8,6,214,214,"[30, 42, 22, 15, 15, 30, 38, 22]",145.93,214.0,exp,30.6,1.0,214
R32,0.2,exp30,A,False,8,7,214,214,"[30, 42, 22, 15, 15, 30, 38, 22]",142.97,214.0,exp,30.6,1.0,214
R32,0.2,exp30,A,False,8,8,214,214,"[30, 42, 22, 15, 15, 30, 38, 22]",146.67,214.0,exp,30.5,1.0,214
R32,0.2,exp30,A,False,9,1,269,214,"[30, 42, 22, 15, 15, 30, 38, 22]",27.1,269.0,exp,30.3,1.0,214
R32,0.2,exp30,A,False,9,2,214,214,"[30, 42, 22, 15, 15, 30, 38, 22]",140.43,214.0,exp,29.7,1.0,214
R32,0.2,exp30,A,False,9,3,214,214,"[30, 42, 22, 15, 15, 30, 38, 22]",141.37,214.0,exp,30.4,1.0,214
R32,0.2,exp30,A,False,9,4,214,214,"[30, 42, 22, 15, 15, 30, 38, 22]",127.07,214.0,exp,30.0,1.0,214
R32,0.2,exp30,A,False,9,5,214,214,"[30, 42, 22, 15, 15, 30, 38, 22]",141.93,214.0,exp,30.2,1.0,214
R32,0.2,exp30,A,False,9,6,214,214,"[30, 42, 22, 15, 15, 30, 38, 22]",151.67,214.0,exp,30.2,1.0,214
R32,0.2,exp30,A,False,9,7,214,214,"[30, 42, 22, 15, 15, 30, 38, 22]",139.23,214.0,exp,30.3,1.0,214
R32,0.2,exp30,A,False,9,8,214,214,"[30, 42, 22, 15, 15, 30, 38, 22]",150.4,214.0,exp,30.3,1.0,214
R32,0.2,exp30,B,False,0,1,269,214,"[30, 42, 22, 15, 15, 30, 38, 22]",23.83,269.0,exp,29.5,1.0,214
R32,0.2,exp30,B,False,0,2,214,214,"[30, 42, 22, 15, 15, 30, 38, 22]",134.8,214.0,exp,29.4,1.0,214
R32,0.2,exp30,B,False,0,3,214,214,"[30, 42, 22, 15, 15, 30, 38, 22]",139.53,214.0,exp,30.1,1.0,214
R32,0.2,exp30,B,False,0,4,214,214,"[30, 42, 22, 15, 15, 30, 38, 22]",133.33,214.0,exp,30.1,1.0,214
R32,0.2,exp30,B,False,0,5,214,214,"[30, 42, 22, 15, 15, 30, 38, 22]",138.93,214.0,exp,30.3,1.0,214
R32,0.2,exp30,B,False,0,6,214,214,"[30, 42, 22, 15, 15, 30, 38, 22]",141.97,214.0,exp,30.1,1.0,214
R32,0.2,exp30,B,False,0,7,214,214,"[30, 42, 22, 15, 15, 30, 38, 22]",141.3,214.0,exp,30.1,1.0,214
R32,0.2,exp30,B,False,0,8,214,214,"[30, 42, 22, 15, 15, 30, 38, 22]",139.5,214.0,exp,30.3,1.0,214
R32,0.2,exp30,B,False,1,1,269,214,"[30, 42, 22, 15, 15, 30, 38, 22]",25.33,269.0,exp,31.0,1.0,214
R32,0.2,exp30,B,False,1,2,214,214,"[30, 42, 22, 15, 15, 30, 38, 22]",138.2,214.0,exp,29.8,1.0,214
R32,0.2,exp30,B,False,1,3,214,214,"[30, 42, 22, 15, 15, 30, 38, 22]",143.63,214.0,exp,30.0,1.0,214
R32,0.2,exp30,B,False,1,4,214,214,"[30, 42, 22, 15, 15, 30, 38, 22]",126.3,214.0,exp,30.0,1.0,214
R32,0.2,exp30,B,False,1,5,214,214,"[30, 42, 22, 15, 15, 30, 38, 22]",137.7,214.0,exp,30.0,1.0,214
R32,0.2,exp30,B,False,1,6,214,214,"[30, 42, 22, 15, 15, 30, 38, 22]",136.5,214.0,exp,29.9,1.0,214
R32,0.2,exp30,B,False,1,7,214,214,"[30, 42, 22, 15, 15, 30, 38, 22]",134.1,214.0,exp,29.9,1.0,214
R32,0.2,exp30,B,False,1,8,214,214,"[30, 42, 22, 15, 15, 30, 38, 22]",126.9,214.0,exp,30.0,1.0,214
R32,0.2,exp30,B,False,2,1,269,214,"[30, 42, 22, 15, 15, 30, 38, 22]",26.63,269.0,exp,29.8,1.0,214
R32,0.2,exp30,B,False,2,2,214,214,"[30, 42, 22, 15, 15, 30, 38, 22]",134.63,214.0,exp,29.3,1.0,214
R32,0.2,exp30,B,False,2,3,214,214,"[30, 42, 22, 15, 15, 30, 38, 22]",147.27,214.0,exp,29.6,1.0,214
R32,0.2,exp30,B,False,2,4,214,214,"[30, 42, 22, 15, 15, 30, 38, 22]",142.8,214.0,exp,29.7,1.0,214
R32,0.2,exp30,B,False,2,5,214,214,"[30, 42, 22, 15, 15, 30, 38, 22]",140.23,214.0,exp,29.7,1.0,214
R32,0.2,exp30,B,False,2,6,214,214,"[30, 42, 22, 15, 15, 30, 38, 22]",134.23,214.0,exp,29.8,1.0,214
R32,0.2,exp30,B,False,2,7,214,214,"[30, 42, 22, 15, 15, 30, 38, 22]",132.3,214.0,exp,29.8,1.0,214
R32,0.2,exp30,B,False,2,8,214,214,"[30, 42, 22, 15, 15, 30, 38, 22]",143.63,214.0,exp,30.0,1.0,214
R32,0.2,exp30,B,False,3,1,269,214,"[30, 42, 22, 15, 15, 30, 38, 22]",26.03,269.0,exp,28.6,1.0,214
R32,0.2,exp30,B,False,3,2,214,214,"[30, 42, 22, 15, 15, 30, 38, 22]",137.63,214.0,exp,29.4,1.0,214
R32,0.2,exp30,B,False,3,3,214,214,"[30, 42, 22, 15, 15, 30, 38, 22]",126.37,214.0,exp,29.3,1.0,214
R32,0.2,exp30,B,False,3,4,214,214,"[30, 42, 22, 15, 15, 30, 38, 22]",138.07,214.0,exp,29.6,1.0,214
R32,0.2,exp30,B,False,3,5,214,214,"[30, 42, 22, 15, 15, 30, 38, 22]",125.1,214.0,exp,29.7,1.0,214
R32,0.2,exp30,B,False,3,6,214,214,"[30, 42, 22, 15, 15, 30, 38, 22]",137.47,214.0,exp,29.8,1.0,214
R32,0.2,exp30,B,False,3,7,214,214,"[30, 42, 22, 15, 15, 30, 38, 22]",128.43,214.0,exp,30.0,1.0,214
R32,0.2,exp30,B,False,3,8,214,214,"[30, 42, 22, 15, 15, 30, 38, 22]",141.4,214.0,exp,30.1,1.0,214
R32,0.2,exp30,B,False,4,1,269,214,"[30, 42, 22, 15, 15, 30, 38, 22]",26.23,269.0,exp,28.5,1.0,214
R32,0.2,exp30,B,False,4,2,214,214,"[30, 42, 22, 15, 15, 30, 38, 22]",140.03,214.0,exp,30.1,1.0,214
R32,0.2,exp30,B,False,4,3,214,214,"[30, 42, 22, 15, 15, 30, 38, 22]",137.47,214.0,exp,30.0,1.0,214
R32,0.2,exp30,B,False,4,4,214,214,"[30, 42, 22, 15, 15, 30, 38, 22]",131.53,214.0,exp,30.1,1.0,214
R32,0.2,exp30,B,False,4,5,214,214,"[30, 42, 22, 15, 15, 30, 38, 22]",142.63,214.0,exp,30.0,1.0,214
R32,0.2,exp30,B,False,4,6,214,214,"[30, 42, 22, 15, 15, 30, 38, 22]",141.27,214.0,exp,30.0,1.0,214
R32,0.2,exp30,B,False,4,7,214,214,"[30, 42, 22, 15, 15, 30, 38, 22]",128.2,214.0,exp,30.1,1.0,214
R32,0.2,exp30,B,False,4,8,214,214,"[30, 42, 22, 15, 15, 30, 38, 22]",120.5,214.0,exp,29.9,1.0,214
R32,0.2,exp30,B,False,5,1,269,214,"[30, 42, 22, 15, 15, 30, 38, 22]",24.73,269.0,exp,31.4,1.0,214
R32,0.2,exp30,B,False,5,2,214,214,"[30, 42, 22, 15, 15, 30, 38, 22]",124.6,214.0,exp,30.8,1.0,214
R32,0.2,exp30,B,False,5,3,214,214,"[30, 42, 22, 15, 15, 30, 38, 22]",128.27,214.0,exp,30.0,1.0,214
R32,0.2,exp30,B,False,5,4,214,214,"[30, 42, 22, 15, 15, 30, 38, 22]",132.77,214.0,exp,30.0,1.0,214
R32,0.2,exp30,B,False,5,5,214,214,"[30, 42, 22, 15, 15, 30, 38, 22]",149.63,214.0,exp,30.0,1.0,214
R32,0.2,exp30,B,False,5,6,214,214,"[30, 42, 22, 15, 15, 30, 38, 22]",145.43,214.0,exp,30.0,1.0,214
R32,0.2,exp30,B,False,5,7,214,214,"[30, 42, 22, 15, 15, 30, 38, 22]",150.3,214.0,exp,30.0,1.0,214
R32,0.2,exp30,B,False,5,8,214,214,"[30, 42, 22, 15, 15, 30, 38, 22]",146.2,214.0,exp,30.0,1.0,214
R32,0.2,exp30,B,False,6,1,269,214,"[30, 42, 22, 15, 15, 30, 38, 22]",26.4,269.0,exp,30.1,1.0,214
R32,0.2,exp30,B,False,6,2,214,214,"[30, 42, 22, 15, 15, 30, 38, 22]",132.7,214.0,exp,30.0,1.0,214
R32,0.2,exp30,B,False,6,3,214,214,"[30, 42, 22, 15, 15, 30, 38, 22]",138.87,214.0,exp,30.0,1.0,214
R32,0.2,exp30,B,False,6,4,214,214,"[30, 42, 22, 15, 15, 30, 38, 22]",142.57,214.0,exp,30.0,1.0,214
R32,0.2,exp30,B,False,6,5,214,214,"[30, 42, 22, 15, 15, 30, 38, 22]",142.4,214.0,exp,29.9,1.0,214
R32,0.2,exp30,B,False,6,6,214,214,"[30, 42, 22, 15, 15, 30, 38, 22]",158.17,214.0,exp,29.9,1.0,214
R32,0.2,exp30,B,False,6,7,214,214,"[30, 42, 22, 15, 15, 30, 38, 22]",137.53,214.0,exp,30.0,1.0,214
R32,0.2,exp30,B,False,6,8,214,214,"[30, 42, 22, 15, 15, 30, 38, 22]",129.3,214.0,exp,30.0,1.0,214
R32,0.2,exp30,B,False,7,1,269,214,"[30, 42, 22, 15, 15, 30, 38, 22]",26.27,269.0,exp,29.4,1.0,214
R32,0.2,exp30,B,False,7,2,214,214,"[30, 42, 22, 15, 15, 30, 38, 22]",149.43,214.0,exp,29.4,1.0,214
R32,0.2,exp30,B,False,7,3,214,214,"[30, 42, 22, 15, 15, 30, 38, 22]",132.27,214.0,exp,29.9,1.0,214
R32,0.2,exp30,B,False,7,4,214,214,"[30, 42, 22, 15, 15, 30, 38, 22]",131.1,214.0,exp,29.8,1.0,214
R32,0.2,exp30,B,False,7,5,214,214,"[30, 42, 22, 15, 15, 30, 38, 22]",134.73,214.0,exp,29.7,1.0,214
R32,0.2,exp30,B,False,7,6,214,214,"[30, 42, 22, 15, 15, 30, 38, 22]",149.53,214.0,exp,29.8,1.0,214
R32,0.2,exp30,B,False,7,7,214,214,"[30, 42, 22, 15, 15, 30, 38, 22]",137.2,214.0,exp,29.9,1.0,214
R32,0.2,exp30,B,False,7,8,214,214,"[30, 42, 22, 15, 15, 30, 38, 22]",147.97,214.0,exp,29.8,1.0,214
R32,0.2,exp30,B,False,8,1,269,214,"[30, 42, 22, 15, 15, 30, 38, 22]",23.83,269.0,exp,28.5,1.0,214
R32,0.2,exp30,B,False,8,2,214,214,"[30, 42, 22, 15, 15, 30, 38, 22]",142.6,214.0,exp,30.0,1.0,214
R32,0.2,exp30,B,False,8,3,214,214,"[30, 42, 22, 15, 15, 30, 38, 22]",142.87,214.0,exp,30.3,1.0,214
R32,0.2,exp30,B,False,8,4,214,214,"[30, 42, 22, 15, 15, 30, 38, 22]",145.9,214.0,exp,30.7,1.0,214
R32,0.2,exp30,B,False,8,5,214,214,"[30, 42, 22, 15, 15, 30, 38, 22]",146.37,214.0,exp,30.8,1.0,214
R32,0.2,exp30,B,False,8,6,214,214,"[30, 42, 22, 15, 15, 30, 38, 22]",145.93,214.0,exp,30.6,1.0,214
R32,0.2,exp30,B,False,8,7,214,214,"[30, 42, 22, 15, 15, 30, 38, 22]",142.97,214.0,exp,30.6,1.0,214
R32,0.2,exp30,B,False,8,8,214,214,"[30, 42, 22, 15, 15, 30, 38, 22]",146.67,214.0,exp,30.5,1.0,214
R32,0.2,exp30,B,False,9,1,269,214,"[30, 42, 22, 15, 15, 30, 38, 22]",27.1,269.0,exp,30.3,1.0,214
R32,0.2,exp30,B,False,9,2,214,214,"[30, 42, 22, 15, 15, 30, 38, 22]",140.43,214.0,exp,29.7,1.0,214
R32,0.2,exp30,B,False,9,3,214,214,"[30, 42, 22, 15, 15, 30, 38, 22]",141.37,214.0,exp,30.4,1.0,214
R32,0.2,exp30,B,False,9,4,214,214,"[30, 42, 22, 15, 15, 30, 38, 22]",127.07,214.0,exp,30.0,1.0,214
R32,0.2,exp30,B,False,9,5,214,214,"[30, 42, 22, 15, 15, 30, 38, 22]",141.93,214.0,exp,30.2,1.0,214
R32,0.2,exp30,B,False,9,6,214,214,"[30, 42, 22, 15, 15, 30, 38, 22]",151.67,214.0,exp,30.2,1.0,214
R32,0.2,exp30,B,False,9,7,214,214,"[30, 42, 22, 15, 15, 30, 38, 22]",139.23,214.0,exp,30.3,1.0,214
R32,0.2,exp30,B,False,9,8,214,214,"[30, 42, 22, 15, 15, 30, 38, 22]",150.4,214.0,exp,30.3,1.0,214
R32,0.2,exp30,A,True,0,1,269,214,"[30, 42, 22, 15, 15, 30, 38, 22]",28.37,266.2,exp,28.6,1.0,214
R32,0.2,exp30,A,True,0,2,214,214,"[30, 42, 22, 15, 15, 30, 38, 22]",143.0,212.0,exp,29.3,1.0,214
R32,0.2,exp30,A,True,0,3,214,214,"[30, 42, 22, 15, 15, 30, 38, 22]",153.4,212.0,exp,30.0,1.0,214
R32,0.2,exp30,A,True,0,4,214,214,"[30, 42, 22, 15, 15, 30, 38, 22]",140.83,212.0,exp,30.0,1.0,214
R32,0.2,exp30,A,True,0,5,214,214,"[30, 42, 22, 15, 15, 30, 38, 22]",150.33,212.0,exp,30.2,1.0,214
R32,0.2,exp30,A,True,0,6,214,214,"[30, 42, 22, 15, 15, 30, 38, 22]",150.8,212.0,exp,30.1,1.0,214
R32,0.2,exp30,A,True,0,7,214,214,"[30, 42, 22, 15, 15, 30, 38, 22]",151.4,212.0,exp,30.1,1.0,214
R32,0.2,exp30,A,True,0,8,214,214,"[30, 42, 22, 15, 15, 30, 38, 22]",149.03,212.0,exp,30.3,1.0,214
R32,0.2,exp30,A,True,1,1,269,214,"[30, 42, 22, 15, 15, 30, 38, 22]",29.47,266.2,exp,31.3,1.0,214
R32,0.2,exp30,A,True,1,2,214,214,"[30, 42, 22, 15, 15, 30, 38, 22]",145.07,212.0,exp,29.8,1.0,214
R32,0.2,exp30,A,True,1,3,214,214,"[30, 42, 22, 15, 15, 30, 38, 22]",151.97,212.0,exp,30.0,1.0,214
R32,0.2,exp30,A,True,1,4,214,214,"[30, 42, 22, 15, 15, 30, 38, 22]",134.8,212.0,exp,30.0,1.0,214
R32,0.2,exp30,A,True,1,5,214,214,"[30, 42, 22, 15, 15, 30, 38, 22]",146.67,212.0,exp,30.1,1.0,214
R32,0.2,exp30,A,True,1,6,214,214,"[30, 42, 22, 15, 15, 30, 38, 22]",147.67,212.0,exp,30.0,1.0,214
R32,0.2,exp30,A,True,1,7,214,214,"[30, 42, 22, 15, 15, 30, 38, 22]",145.33,212.0,exp,30.0,1.0,214
R32,0.2,exp30,A,True,1,8,214,214,"[30, 42, 22, 15, 15, 30, 38, 22]",136.0,212.0,exp,30.1,1.0,214
R32,0.2,exp30,A,True,2,1,269,214,"[30, 42, 22, 15, 15, 30, 38, 22]",31.2,266.2,exp,30.1,1.0,214
R32,0.2,exp30,A,True,2,2,214,214,"[30, 42, 22, 15, 15, 30, 38, 22]",142.23,212.0,exp,29.5,1.0,214
R32,0.2,exp30,A,True,2,3,214,214,"[30, 42, 22, 15, 15, 30, 38, 22]",157.23,212.0,exp,29.7,1.0,214
R32,0.2,exp30,A,True,2,4,214,214,"[30, 42, 22, 15, 15, 30, 38, 22]",151.93,212.0,exp,29.8,1.0,214
R32,0.2,exp30,A,True,2,5,214,214,"[30, 42, 22, 15, 15, 30, 38, 22]",146.7,212.0,exp,29.7,1.0,214
R32,0.2,exp30,A,True,2,6,214,214,"[30, 42, 22, 15, 15, 30, 38, 22]",141.43,212.0,exp,29.8,1.0,214
R32,0.2,exp30,A,True,2,7,214,214,"[30, 42, 22, 15, 15, 30, 38, 22]",140.4,212.0,exp,29.9,1.0,214
R32,0.2,exp30,A,True,2,8,214,214,"[30, 42, 22, 15, 15, 30, 38, 22]",153.47,212.0,exp,29.9,1.0,214
R32,0.2,exp30,A,True,3,1,269,214,"[30, 42, 22, 15, 15, 30, 38, 22]",30.17,266.2,exp,28.6,1.0,214
R32,0.2,exp30,A,True,3,2,214,214,"[30, 42, 22, 15, 15, 30, 38, 22]",144.37,212.0,exp,29.3,1.0,214
R32,0.2,exp30,A,True,3,3,214,214,"[30, 42, 22, 15, 15, 30, 38, 22]",133.93,212.0,exp,29.2,1.0,214
R32,0.2,exp30,A,True,3,4,214,214,"[30, 42, 22, 15, 15, 30, 38, 22]",148.83,212.0,exp,29.6,1.0,214
R32,0.2,exp30,A,True,3,5,214,214,"[30, 42, 22, 15, 15, 30, 38, 22]",135.1,212.0,exp,29.7,1.0,214
R32,0.2,exp30,A,True,3,6,214,214,"[30, 42, 22, 15, 15, 30, 38, 22]",146.07,212.0,exp,29.7,1.0,214
R32,0.2,exp30,A,True,3,7,214,214,"[30, 42, 22, 15, 15, 30, 38, 22]",141.1,212.0,exp,29.9,1.0,214
R32,0.2,exp30,A,True,3,8,214,214,"[30, 42, 22, 15, 15, 30, 38, 22]",153.0,212.0,exp,30.0,1.0,214
R32,0.2,exp30,A,True,4,1,269,214,"[30, 42, 22, 15, 15, 30, 38, 22]",32.5,266.2,exp,28.5,1.0,214
R32,0.2,exp30,A,True,4,2,214,214,"[30, 42, 22, 15, 15, 30, 38, 22]",147.9,212.0,exp,30.0,1.0,214
R32,0.2,exp30,A,True,4,3,214,214,"[30, 42, 22, 15, 15, 30, 38, 22]",147.4,212.0,exp,30.0,1.0,214
R32,0.2,exp30,A,True,4,4,214,214,"[30, 42, 22, 15, 15, 30, 38, 22]",137.23,212.0,exp,30.0,1.0,214
R32,0.2,exp30,A,True,4,5,214,214,"[30, 42, 22, 15, 15, 30, 38, 22]",150.8,212.0,exp,30.0,1.0,214
R32,0.2,exp30,A,True,4,6,214,214,"[30, 42, 22, 15, 15, 30, 38, 22]",149.7,212.0,exp,29.9,1.0,214
R32,0.2,exp30,A,True,4,7,214,214,"[30, 42, 22, 15, 15, 30, 38, 22]",136.77,212.0,exp,30.1,1.0,214
R32,0.2,exp30,A,True,4,8,214,214,"[30, 42, 22, 15, 15, 30, 38, 22]",129.63,212.0,exp,29.9,1.0,214
R32,0.2,exp30,A,True,5,1,269,214,"[30, 42, 22, 15, 15, 30, 38, 22]",27.87,266.2,exp,31.2,1.0,214
R32,0.2,exp30,A,True,5,2,214,214,"[30, 42, 22, 15, 15, 30, 38, 22]",131.7,212.0,exp,30.7,1.0,214
R32,0.2,exp30,A,True,5,3,214,214,"[30, 42, 22, 15, 15, 30, 38, 22]",142.43,212.0,exp,30.1,1.0,214
R32,0.2,exp30,A,True,5,4,214,214,"[30, 42, 22, 15, 15, 30, 38, 22]",141.3,212.0,exp,30.0,1.0,214
R32,0.2,exp30,A,True,5,5,214,214,"[30, 42, 22, 15, 15, 30, 38, 22]",162.37,212.0,exp,30.0,1.0,214
R32,0.2,exp30,A,True,5,6,214,214,"[30, 42, 22, 15, 15, 30, 38, 22]",154.43,212.0,exp,30.0,1.0,214
R32,0.2,exp30,A,True,5,7,214,214,"[30, 42, 22, 15, 15, 30, 38, 22]",160.67,212.0,exp,30.0,1.0,214
R32,0.2,exp30,A,True,5,8,214,214,"[30, 42, 22, 15, 15, 30, 38, 22]",155.57,212.0,exp,30.0,1.0,214
R32,0.2,exp30,A,True,6,1,269,214,"[30, 42, 22, 15, 15, 30, 38, 22]",30.47,266.2,exp,29.6,1.0,214
R32,0.2,exp30,A,True,6,2,214,214,"[30, 42, 22, 15, 15, 30, 38, 22]",139.1,212.0,exp,29.9,1.0,214
R32,0.2,exp30,A,True,6,3,214,214,"[30, 42, 22, 15, 15, 30, 38, 22]",146.6,212.0,exp,30.0,1.0,214
R32,0.2,exp30,A,True,6,4,214,214,"[30, 42, 22, 15, 15, 30, 38, 22]",155.4,212.0,exp,29.9,1.0,214
R32,0.2,exp30,A,True,6,5,214,214,"[30, 42, 22, 15, 15, 30, 38, 22]",155.27,212.0,exp,29.9,1.0,214
R32,0.2,exp30,A,True,6,6,214,214,"[30, 42, 22, 15, 15, 30, 38, 22]",168.63,212.0,exp,29.9,1.0,214
R32,0.2,exp30,A,True,6,7,214,214,"[30, 42, 22, 15, 15, 30, 38, 22]",147.07,212.0,exp,30.0,1.0,214
R32,0.2,exp30,A,True,6,8,214,214,"[30, 42, 22, 15, 15, 30, 38, 22]",136.6,212.0,exp,30.0,1.0,214
R32,0.2,exp30,A,True,7,1,269,214,"[30, 42, 22, 15, 15, 30, 38, 22]",30.13,266.2,exp,29.6,1.0,214
R32,0.2,exp30,A,True,7,2,214,214,"[30, 42, 22, 15, 15, 30, 38, 22]",159.97,212.0,exp,29.5,1.0,214
R32,0.2,exp30,A,True,7,3,214,214,"[30, 42, 22, 15, 15, 30, 38, 22]",142.43,212.0,exp,29.9,1.0,214
R32,0.2,exp30,A,True,7,4,214,214,"[30, 42, 22, 15, 15, 30, 38, 22]",139.63,212.0,exp,29.8,1.0,214
R32,0.2,exp30,A,True,7,5,214,214,"[30, 42, 22, 15, 15, 30, 38, 22]",142.17,212.0,exp,29.8,1.0,214
R32,0.2,exp30,A,True,7,6,214,214,"[30, 42, 22, 15, 15, 30, 38, 22]",160.6,212.0,exp,29.8,1.0,214
R32,0.2,exp30,A,True,7,7,214,214,"[30, 42, 22, 15, 15, 30, 38, 22]",145.27,212.0,exp,29.9,1.0,214
R32,0.2,exp30,A,True,7,8,214,214,"[30, 42, 22, 15, 15, 30, 38, 22]",156.03,212.0,exp,29.8,1.0,214
R32,0.2,exp30,A,True,8,1,269,214,"[30, 42, 22, 15, 15, 30, 38, 22]",26.7,266.2,exp,29.0,1.0,214
R32,0.2,exp30,A,True,8,2,214,214,"[30, 42, 22, 15, 15, 30, 38, 22]",150.83,212.0,exp,30.0,1.0,214
R32,0.2,exp30,A,True,8,3,214,214,"[30, 42, 22, 15, 15, 30, 38, 22]",152.87,212.0,exp,30.3,1.0,214
R32,0.2,exp30,A,True,8,4,214,214,"[30, 42, 22, 15, 15, 30, 38, 22]",153.5,212.0,exp,30.6,1.0,214
R32,0.2,exp30,A,True,8,5,214,214,"[30, 42, 22, 15, 15, 30, 38, 22]",158.07,212.0,exp,30.8,1.0,214
R32,0.2,exp30,A,True,8,6,214,214,"[30, 42, 22, 15, 15, 30, 38, 22]",154.67,212.0,exp,30.6,1.0,214
R32,0.2,exp30,A,True,8,7,214,214,"[30, 42, 22, 15, 15, 30, 38, 22]",151.8,212.0,exp,30.6,1.0,214
R32,0.2,exp30,A,True,8,8,214,214,"[30, 42, 22, 15, 15, 30, 38, 22]",156.63,212.0,exp,30.4,1.0,214
R32,0.2,exp30,A,True,9,1,269,214,"[30, 42, 22, 15, 15, 30, 38, 22]",30.33,266.2,exp,30.1,1.0,214
R32,0.2,exp30,A,True,9,2,214,214,"[30, 42, 22, 15, 15, 30, 38, 22]",153.97,212.0,exp,29.8,1.0,214
R32,0.2,exp30,A,True,9,3,214,214,"[30, 42, 22, 15, 15, 30, 38, 22]",151.97,212.0,exp,30.3,1.0,214
R32,0.2,exp30,A,True,9,4,214,214,"[30, 42, 22, 15, 15, 30, 38, 22]",136.07,212.0,exp,30.0,1.0,214
R32,0.2,exp30,A,True,9,5,214,214,"[30, 42, 22, 15, 15, 30, 38, 22]",152.73,212.0,exp,30.2,1.0,214
R32,0.2,exp30,A,True,9,6,214,214,"[30, 42, 22, 15, 15, 30, 38, 22]",161.37,212.0,exp,30.2,1.0,214
R32,0.2,exp30,A,True,9,7,214,214,"[30, 42, 22, 15, 15, 30, 38, 22]",147.6,212.0,exp,30.3,1.0,214
R32,0.2,exp30,A,True,9,8,214,214,"[30, 42, 22, 15, 15, 30, 38, 22]",161.4,212.0,exp,30.3,1.0,214
R32,0.2,logn30,A,False,0,1,269,261,"[37, 51, 27, 18, 18, 37, 46, 27]",14.53,269.0,exp,349.5,1.0,250
R32,0.2,logn30,A,False,0,2,261,262,"[37, 51, 27, 18, 18, 37, 47, 27]",23.5,261.0,exp,365.2,1.0,250
R32,0.2,logn30,A,False,0,3,262,261,"[37, 51, 27, 18, 18, 37, 46, 27]",23.53,262.0,exp,358.7,1.0,250
R32,0.2,logn30,A,False,0,4,261,261,"[37, 51, 27, 18, 18, 37, 46, 27]",27.57,261.0,exp,336.0,1.0,250
R32,0.2,logn30,A,False,0,5,261,261,"[37, 51, 27, 18, 18, 37, 46, 27]",34.63,261.0,exp,303.9,1.0,250
R32,0.2,logn30,A,False,0,6,261,261,"[37, 51, 27, 18, 18, 37, 46, 27]",29.5,261.0,exp,301.9,1.0,250
R32,0.2,logn30,A,False,0,7,261,261,"[37, 51, 27, 18, 18, 37, 46, 27]",25.1,261.0,exp,306.0,1.0,250
R32,0.2,logn30,A,False,0,8,261,261,"[37, 51, 27, 18, 18, 37, 46, 27]",27.87,261.0,exp,298.0,1.0,250
R32,0.2,logn30,A,False,1,1,269,261,"[37, 51, 27, 18, 18, 37, 46, 27]",16.8,269.0,exp,350.5,1.0,250
R32,0.2,logn30,A,False,1,2,261,261,"[37, 51, 27, 18, 18, 37, 46, 27]",26.83,261.0,exp,350.6,1.0,250
R32,0.2,logn30,A,False,1,3,261,261,"[37, 51, 27, 18, 18, 37, 46, 27]",38.97,261.0,exp,276.3,1.0,250
R32,0.2,logn30,A,False,1,4,261,261,"[37, 51, 27, 18, 18, 37, 46, 27]",25.9,261.0,exp,282.5,1.0,250
R32,0.2,logn30,A,False,1,5,261,261,"[37, 51, 27, 18, 18, 37, 46, 27]",23.7,261.0,exp,281.6,1.0,250
R32,0.2,logn30,A,False,1,6,261,261,"[37, 51, 27, 18, 18, 37, 46, 27]",21.77,261.0,exp,287.4,1.0,250
R32,0.2,logn30,A,False,1,7,261,261,"[37, 51, 27, 18, 18, 37, 46, 27]",29.87,261.0,exp,287.8,1.0,250
R32,0.2,logn30,A,False,1,8,261,261,"[37, 51, 27, 18, 18, 37, 46, 27]",16.17,261.0,exp,296.2,1.0,250
R32,0.2,logn30,A,False,2,1,269,262,"[37, 51, 27, 18, 18, 37, 47, 27]",16.3,269.0,exp,380.2,1.0,250
R32,0.2,logn30,A,False,2,2,262,261,"[37, 51, 27, 18, 18, 37, 46, 27]",23.77,262.0,exp,336.3,1.0,250
R32,0.2,logn30,A,False,2,3,261,261,"[37, 51, 27, 18, 18, 37, 46, 27]",37.9,261.0,exp,290.8,1.0,250
R32,0.2,logn30,A,False,2,4,261,261,"[37, 51, 27, 18, 18, 37, 46, 27]",35.77,261.0,exp,281.6,1.0,250
R32,0.2,logn30,A,False,2,5,261,259,"[36, 51, 27, 18, 18, 36, 46, 27]",45.5,261.0,exp,265.8,1.0,250
R32,0.2,logn30,A,False,2,6,259,261,"[37, 51, 27, 18, 18, 37, 46, 27]",22.93,259.0,exp,276.4,1.0,250
R32,0.2,logn30,A,False,2,7,261,261,"[37, 51, 27, 18, 18, 37, 46, 27]",20.1,261.0,exp,278.8,1.0,250
R32,0.2,logn30,A,False,2,8,261,261,"[37, 51, 27, 18, 18, 37, 46, 27]",38.63,261.0,exp,274.5,1.0,250
R32,0.2,logn30,A,False,3,1,269,262,"[37, 51, 27, 18, 18, 37, 47, 27]",12.47,269.0,exp,365.4,1.0,250
R32,0.2,logn30,A,False,3,2,262,261,"[37, 51, 27, 18, 18, 37, 46, 27]",28.77,262.0,exp,316.1,1.0,250
R32,0.2,logn30,A,False,3,3,261,261,"[37, 51, 27, 18, 18, 37, 46, 27]",21.17,261.0,exp,326.8,1.0,250
R32,0.2,logn30,A,False,3,4,261,261,"[37, 51, 27, 18, 18, 37, 46, 27]",24.77,261.0,exp,325.8,1.0,250
R32,0.2,logn30,A,False,3,5,261,261,"[37, 51, 27, 18, 18, 37, 46, 27]",25.9,261.0,exp,316.6,1.0,250
R32,0.2,logn30,A,False,3,6,261,261,"[37, 51, 27, 18, 18, 37, 46, 27]",34.5,261.0,exp,309.1,1.0,250
R32,0.2,logn30,A,False,3,7,261,261,"[37, 51, 27, 18, 18, 37, 46, 27]",16.73,261.0,exp,314.6,1.0,250
R32,0.2,logn30,A,False,3,8,261,261,"[37, 51, 27, 18, 18, 37, 46, 27]",28.97,261.0,exp,313.7,1.0,250
R32,0.2,logn30,A,False,4,1,269,261,"[37, 51, 27, 18, 18, 37, 46, 27]",13.63,269.0,exp,348.4,1.0,250
R32,0.2,logn30,A,False,4,2,261,261,"[37, 51, 27, 18, 18, 37, 46, 27]",34.13,261.0,exp,313.4,1.0,250
R32,0.2,logn30,A,False,4,3,261,261,"[37, 51, 27, 18, 18, 37, 46, 27]",30.73,261.0,exp,309.6,1.0,250
R32,0.2,logn30,A,False,4,4,261,261,"[37, 51, 27, 18, 18, 37, 46, 27]",22.9,261.0,exp,315.8,1.0,250
R32,0.2,logn30,A,False,4,5,261,261,"[37, 51, 27, 18, 18, 37, 46, 27]",35.2,261.0,exp,302.0,1.0,250
R32,0.2,logn30,A,False,4,6,261,261,"[37, 51, 27, 18, 18, 37, 46, 27]",27.43,261.0,exp,306.2,1.0,250
R32,0.2,logn30,A,False,4,7,261,261,"[37, 51, 27, 18, 18, 37, 46, 27]",17.87,261.0,exp,316.3,1.0,250
R32,0.2,logn30,A,False,4,8,261,261,"[37, 51, 27, 18, 18, 37, 46, 27]",27.93,261.0,exp,318.5,1.0,250
R32,0.2,logn30,A,False,5,1,269,263,"[37, 52, 27, 18, 18, 37, 47, 27]",12.43,269.0,exp,425.7,1.0,250
R32,0.2,logn30,A,False,5,2,263,263,"[37, 52, 27, 18, 18, 37, 47, 27]",14.33,263.0,exp,425.6,1.0,250
R32,0.2,logn30,A,False,5,3,263,263,"[37, 52, 27, 18, 18, 37, 47, 27]",15.83,263.0,exp,425.1,1.0,250
R32,0.2,logn30,A,False,5,4,263,263,"[37, 52, 27, 18, 18, 37, 47, 27]",17.83,263.0,exp,427.4,1.0,250
R32,0.2,logn30,A,False,5,5,263,262,"[37, 51, 27, 18, 18, 37, 47, 27]",32.47,263.0,exp,380.0,1.0,250
R32,0.2,logn30,A,False,5,6,262,262,"[37, 51, 27, 18, 18, 37, 47, 27]",19.13,262.0,exp,374.2,1.0,250
R32,0.2,logn30,A,False,5,7,262,261,"[37, 51, 27, 18, 18, 37, 46, 27]",45.87,262.0,exp,321.2,1.0,250
R32,0.2,logn30,A,False,5,8,261,261,"[37, 51, 27, 18, 18, 37, 46, 27]",36.3,261.0,exp,308.9,1.0,250
R32,0.2,logn30,A,False,6,1,269,261,"[37, 51, 27, 18, 18, 37, 46, 27]",20.13,269.0,exp,284.4,1.0,250
R32,0.2,logn30,A,False,6,2,261,256,"[36, 50, 27, 17, 17, 36, 46, 27]",37.97,261.0,exp,235.5,1.0,250
R32,0.2,logn30,A,False,6,3,256,257,"[36, 51, 27, 17, 17, 36, 46, 27]",38.9,256.0,exp,243.7,1.0,250
R32,0.2,logn30,A,False,6,4,257,256,"[36, 50, 27, 17, 17, 36, 46, 27]",45.07,257.0,exp,240.7,1.0,250
R32,0.2,logn30,A,False,6,5,256,257,"[36, 51, 27, 17, 17, 36, 46, 27]",39.43,256.0,exp,244.1,1.0,250
R32,0.2,logn30,A,False,6,6,257,256,"[36, 50, 27, 17, 17, 36, 46, 27]",51.0,257.0,exp,238.3,1.0,250
R32,0.2,logn30,A,False,6,7,256,256,"[36, 50, 27, 17, 17, 36, 46, 27]",42.3,256.0,exp,240.5,1.0,250
R32,0.2,logn30,A,False,6,8,256,257,"[36, 51, 27, 17, 17, 36, 46, 27]",30.4,256.0,exp,249.3,1.0,250
R32,0.2,logn30,A,False,7,1,269,262,"[37, 51, 27, 18, 18, 37, 47, 27]",16.0,269.0,exp,388.3,1.0,250
R32,0.2,logn30,A,False,7,2,262,261,"[37, 51, 27, 18, 18, 37, 46, 27]",31.73,262.0,exp,318.7,1.0,250
R32,0.2,logn30,A,False,7,3,261,261,"[37, 51, 27, 18, 18, 37, 46, 27]",19.97,261.0,exp,328.6,1.0,250
R32,0.2,logn30,A,False,7,4,261,261,"[37, 51, 27, 18, 18, 37, 46, 27]",26.27,261.0,exp,321.5,1.0,250
R32,0.2,logn30,A,False,7,5,261,261,"[37, 51, 27, 18, 18, 37, 46, 27]",26.1,261.0,exp,318.5,1.0,250
R32,0.2,logn30,A,False,7,6,261,261,"[37, 51, 27, 18, 18, 37, 46, 27]",34.6,261.0,exp,311.5,1.0,250
R32,0.2,logn30,A,False,7,7,261,261,"[37, 51, 27, 18, 18, 37, 46, 27]",35.77,261.0,exp,305.5,1.0,250
R32,0.2,logn30,A,False,7,8,261,261,"[37, 51, 27, 18, 18, 37, 46, 27]",39.87,261.0,exp,291.1,1.0,250
R32,0.2,logn30,A,False,8,1,269,265,"[37, 52, 28, 18, 18, 37, 47, 28]",8.97,269.0,exp,547.5,1.0,250
R32,0.2,logn30,A,False,8,2,265,263,"[37, 52, 27, 18, 18, 37, 47, 27]",18.23,265.0,exp,457.3,1.0,250
R32,0.2,logn30,A,False,8,3,263,262,"[37, 51, 27, 18, 18, 37, 47, 27]",22.23,263.0,exp,382.4,1.0,250
R32,0.2,logn30,A,False,8,4,262,261,"[37, 51, 27, 18, 18, 37, 46, 27]",28.87,262.0,exp,338.0,1.0,250
R32,0.2,logn30,A,False,8,5,261,261,"[37, 51, 27, 18, 18, 37, 46, 27]",44.13,261.0,exp,300.2,1.0,250
R32,0.2,logn30,A,False,8,6,261,261,"[37, 51, 27, 18, 18, 37, 46, 27]",24.53,261.0,exp,301.9,1.0,250
R32,0.2,logn30,A,False,8,7,261,261,"[37, 51, 27, 18, 18, 37, 46, 27]",23.97,261.0,exp,311.5,1.0,250
R32,0.2,logn30,A,False,8,8,261,261,"[37, 51, 27, 18, 18, 37, 46, 27]",38.23,261.0,exp,304.7,1.0,250
R32,0.2,logn30,A,False,9,1,269,261,"[37, 51, 27, 18, 18, 37, 46, 27]",25.27,269.0,exp,277.3,1.0,250
R32,0.2,logn30,A,False,9,2,261,257,"[36, 51, 27, 17, 17, 36, 46, 27]",37.67,261.0,exp,263.1,1.0,250
R32,0.2,logn30,A,False,9,3,257,261,"[37, 51, 27, 18, 18, 37, 46, 27]",23.73,257.0,exp,273.5,1.0,250
R32,0.2,logn30,A,False,9,4,261,261,"[37, 51, 27, 18, 18, 37, 46, 27]",15.6,261.0,exp,289.0,1.0,250
R32,0.2,logn30,A,False,9,5,261,261,"[37, 51, 27, 18, 18, 37, 46, 27]",32.2,261.0,exp,288.8,1.0,250
R32,0.2,logn30,A,False,9,6,261,261,"[37, 51, 27, 18, 18, 37, 46, 27]",46.5,261.0,exp,268.1,1.0,250
R32,0.2,logn30,A,False,9,7,261,261,"[37, 51, 27, 18, 18, 37, 46, 27]",34.37,261.0,exp,266.3,1.0,250
R32,0.2,logn30,A,False,9,8,261,259,"[36, 51, 27, 18, 18, 36, 46, 27]",30.87,261.0,exp,264.3,1.0,250
R32,0.2,logn30,B,False,0,1,269,250,"[35, 49, 26, 17, 17, 35, 45, 26]",14.53,269.0,lognormal,30.9,0.515,250
R32,0.2,logn30,B,False,0,2,250,250,"[35, 49, 26, 17, 17, 35, 45, 26]",48.83,250.0,lognormal,29.5,0.487,250
R32,0.2,logn30,B,False,0,3,250,250,"[35, 49, 26, 17, 17, 35, 45, 26]",53.0,250.0,lognormal,30.2,0.498,250
R32,0.2,logn30,B,False,0,4,250,250,"[35, 49, 26, 17, 17, 35, 45, 26]",62.47,250.0,lognormal,30.1,0.496,250
R32,0.2,logn30,B,False,0,5,250,250,"[35, 49, 26, 17, 17, 35, 45, 26]",65.0,250.0,lognormal,30.1,0.502,250
R32,0.2,logn30,B,False,0,6,250,250,"[35, 49, 26, 17, 17, 35, 45, 26]",65.4,250.0,lognormal,30.0,0.499,250
R32,0.2,logn30,B,False,0,7,250,250,"[35, 49, 26, 17, 17, 35, 45, 26]",53.67,250.0,lognormal,29.9,0.497,250
R32,0.2,logn30,B,False,0,8,250,250,"[35, 49, 26, 17, 17, 35, 45, 26]",61.8,250.0,lognormal,29.8,0.495,250
R32,0.2,logn30,B,False,1,1,269,250,"[35, 49, 26, 17, 17, 35, 45, 26]",16.8,269.0,lognormal,32.3,0.532,250
R32,0.2,logn30,B,False,1,2,250,250,"[35, 49, 26, 17, 17, 35, 45, 26]",64.67,250.0,lognormal,30.5,0.504,250
R32,0.2,logn30,B,False,1,3,250,250,"[35, 49, 26, 17, 17, 35, 45, 26]",57.83,250.0,lognormal,29.7,0.492,250
R32,0.2,logn30,B,False,1,4,250,249,"[35, 49, 26, 17, 17, 35, 44, 26]",54.6,250.0,lognormal,29.8,0.495,250
R32,0.2,logn30,B,False,1,5,249,249,"[35, 49, 26, 17, 17, 35, 44, 26]",64.33,249.0,lognormal,29.5,0.492,250
R32,0.2,logn30,B,False,1,6,249,249,"[35, 49, 26, 17, 17, 35, 44, 26]",54.4,249.0,lognormal,29.6,0.493,250
R32,0.2,logn30,B,False,1,7,249,249,"[35, 49, 26, 17, 17, 35, 44, 26]",76.17,249.0,lognormal,29.8,0.497,250
R32,0.2,logn30,B,False,1,8,249,249,"[35, 49, 26, 17, 17, 35, 44, 26]",46.83,249.0,lognormal,29.8,0.496,250
R32,0.2,logn30,B,False,2,1,269,249,"[35, 49, 26, 17, 17, 35, 44, 26]",16.3,269.0,lognormal,29.7,0.495,250
R32,0.2,logn30,B,False,2,2,249,250,"[35, 49, 26, 17, 17, 35, 45, 26]",60.23,249.0,lognormal,29.6,0.492,250
R32,0.2,logn30,B,False,2,3,250,249,"[35, 49, 26, 17, 17, 35, 44, 26]",69.03,250.0,lognormal,29.4,0.49,250
R32,0.2,logn30,B,False,2,4,249,249,"[35, 49, 26, 17, 17, 35, 44, 26]",70.9,249.0,lognormal,29.7,0.494,250
R32,0.2,logn30,B,False,2,5,249,250,"[35, 49, 26, 17, 17, 35, 45, 26]",76.27,249.0,lognormal,29.5,0.489,250
R32,0.2,logn30,B,False,2,6,250,250,"[35, 49, 26, 17, 17, 35, 45, 26]",55.6,250.0,lognormal,29.6,0.488,250
R32,0.2,logn30,B,False,2,7,250,250,"[35, 49, 26, 17, 17, 35, 45, 26]",47.97,250.0,lognormal,29.7,0.492,250
R32,0.2,logn30,B,False,2,8,250,250,"[35, 49, 26, 17, 17, 35, 45, 26]",67.43,250.0,lognormal,29.8,0.494,250
R32,0.2,logn30,B,False,3,1,269,246,"[35, 48, 26, 16, 16, 35, 44, 26]",12.47,269.0,lognormal,26.8,0.467,250
R32,0.2,logn30,B,False,3,2,246,249,"[35, 49, 26, 17, 17, 35, 44, 26]",87.57,246.0,lognormal,29.8,0.502,250
R32,0.2,logn30,B,False,3,3,249,249,"[35, 49, 26, 17, 17, 35, 44, 26]",53.87,249.0,lognormal,29.5,0.495,250
R32,0.2,logn30,B,False,3,4,249,249,"[35, 49, 26, 17, 17, 35, 44, 26]",57.3,249.0,lognormal,30.0,0.504,250
R32,0.2,logn30,B,False,3,5,249,249,"[35, 49, 26, 17, 17, 35, 44, 26]",64.97,249.0,lognormal,29.6,0.493,250
R32,0.2,logn30,B,False,3,6,249,249,"[35, 49, 26, 17, 17, 35, 44, 26]",72.77,249.0,lognormal,29.9,0.501,250
R32,0.2,logn30,B,False,3,7,249,249,"[35, 49, 26, 17, 17, 35, 44, 26]",49.03,249.0,lognormal,29.7,0.499,250
R32,0.2,logn30,B,False,3,8,249,249,"[35, 49, 26, 17, 17, 35, 44, 26]",69.9,249.0,lognormal,29.7,0.497,250
R32,0.2,logn30,B,False,4,1,269,249,"[35, 49, 26, 17, 17, 35, 44, 26]",13.63,269.0,lognormal,28.1,0.466,250
R32,0.2,logn30,B,False,4,2,249,249,"[35, 49, 26, 17, 17, 35, 44, 26]",75.73,249.0,lognormal,29.5,0.492,250
R32,0.2,logn30,B,False,4,3,249,250,"[35, 49, 26, 17, 17, 35, 45, 26]",61.9,249.0,lognormal,30.1,0.501,250
R32,0.2,logn30,B,False,4,4,250,250,"[35, 49, 26, 17, 17, 35, 45, 26]",53.8,250.0,lognormal,30.2,0.503,250
R32,0.2,logn30,B,False,4,5,250,249,"[35, 49, 26, 17, 17, 35, 44, 26]",71.67,250.0,lognormal,30.5,0.513,250
R32,0.2,logn30,B,False,4,6,249,249,"[35, 49, 26, 17, 17, 35, 44, 26]",66.53,249.0,lognormal,30.1,0.503,250
R32,0.2,logn30,B,False,4,7,249,250,"[35, 49, 26, 17, 17, 35, 45, 26]",45.97,249.0,lognormal,30.4,0.508,250
R32,0.2,logn30,B,False,4,8,250,250,"[35, 49, 26, 17, 17, 35, 45, 26]",54.37,250.0,lognormal,30.4,0.506,250
R32,0.2,logn30,B,False,5,1,269,249,"[35, 49, 26, 17, 17, 35, 44, 26]",12.43,269.0,lognormal,30.7,0.518,250
R32,0.2,logn30,B,False,5,2,249,250,"[35, 49, 26, 17, 17, 35, 45, 26]",44.17,249.0,lognormal,30.9,0.505,250
R32,0.2,logn30,B,False,5,3,250,250,"[35, 49, 26, 17, 17, 35, 45, 26]",46.7,250.0,lognormal,30.2,0.497,250
R32,0.2,logn30,B,False,5,4,250,250,"[35, 49, 26, 17, 17, 35, 45, 26]",51.03,250.0,lognormal,30.5,0.505,250
R32,0.2,logn30,B,False,5,5,250,250,"[35, 49, 26, 17, 17, 35, 45, 26]",74.4,250.0,lognormal,30.6,0.504,250
R32,0.2,logn30,B,False,5,6,250,250,"[35, 49, 26, 17, 17, 35, 45, 26]",53.13,250.0,lognormal,30.6,0.507,250
R32,0.2,logn30,B,False,5,7,250,250,"[35, 49, 26, 17, 17, 35, 45, 26]",83.77,250.0,lognormal,29.9,0.495,250
R32,0.2,logn30,B,False,5,8,250,250,"[35, 49, 26, 17, 17, 35, 45, 26]",65.5,250.0,lognormal,29.8,0.495,250
R32,0.2,logn30,B,False,6,1,269,249,"[35, 49, 26, 17, 17, 35, 44, 26]",20.13,269.0,lognormal,31.1,0.534,250
R32,0.2,logn30,B,False,6,2,249,249,"[35, 49, 26, 17, 17, 35, 44, 26]",64.17,249.0,lognormal,30.0,0.506,250
R32,0.2,logn30,B,False,6,3,249,249,"[35, 49, 26, 17, 17, 35, 44, 26]",61.27,249.0,lognormal,30.4,0.512,250
R32,0.2,logn30,B,False,6,4,249,249,"[35, 49, 26, 17, 17, 35, 44, 26]",80.2,249.0,lognormal,30.6,0.517,250
R32,0.2,logn30,B,False,6,5,249,249,"[35, 49, 26, 17, 17, 35, 44, 26]",69.23,249.0,lognormal,30.7,0.518,250
R32,0.2,logn30,B,False,6,6,249,249,"[35, 49, 26, 17, 17, 35, 44, 26]",87.53,249.0,lognormal,30.7,0.52,250
R32,0.2,logn30,B,False,6,7,249,249,"[35, 49, 26, 17, 17, 35, 44, 26]",66.4,249.0,lognormal,30.6,0.516,250
R32,0.2,logn30,B,False,6,8,249,249,"[35, 49, 26, 17, 17, 35, 44, 26]",48.97,249.0,lognormal,30.6,0.515,250
R32,0.2,logn30,B,False,7,1,269,250,"[35, 49, 26, 17, 17, 35, 45, 26]",16.0,269.0,lognormal,30.7,0.506,250
R32,0.2,logn30,B,False,7,2,250,249,"[35, 49, 26, 17, 17, 35, 44, 26]",80.87,250.0,lognormal,29.2,0.486,250
R32,0.2,logn30,B,False,7,3,249,249,"[35, 49, 26, 17, 17, 35, 44, 26]",61.4,249.0,lognormal,29.4,0.488,250
R32,0.2,logn30,B,False,7,4,249,249,"[35, 49, 26, 17, 17, 35, 44, 26]",65.0,249.0,lognormal,29.3,0.488,250
R32,0.2,logn30,B,False,7,5,249,249,"[35, 49, 26, 17, 17, 35, 44, 26]",61.67,249.0,lognormal,29.3,0.489,250
R32,0.2,logn30,B,False,7,6,249,249,"[35, 49, 26, 17, 17, 35, 44, 26]",74.43,249.0,lognormal,29.8,0.498,250
R32,0.2,logn30,B,False,7,7,249,249,"[35, 49, 26, 17, 17, 35, 44, 26]",71.83,249.0,lognormal,30.0,0.501,250
R32,0.2,logn30,B,False,7,8,249,249,"[35, 49, 26, 17, 17, 35, 44, 26]",78.87,249.0,lognormal,29.9,0.501,250
R32,0.2,logn30,B,False,8,1,269,250,"[35, 49, 26, 17, 17, 35, 45, 26]",8.97,269.0,lognormal,27.8,0.446,250
R32,0.2,logn30,B,False,8,2,250,250,"[35, 49, 26, 17, 17, 35, 45, 26]",61.5,250.0,lognormal,31.7,0.526,250
R32,0.2,logn30,B,False,8,3,250,250,"[35, 49, 26, 17, 17, 35, 45, 26]",66.37,250.0,lognormal,31.6,0.529,250
R32,0.2,logn30,B,False,8,4,250,250,"[35, 49, 26, 17, 17, 35, 45, 26]",56.6,250.0,lognormal,31.1,0.525,250
R32,0.2,logn30,B,False,8,5,250,250,"[35, 49, 26, 17, 17, 35, 45, 26]",73.5,250.0,lognormal,30.7,0.516,250
R32,0.2,logn30,B,False,8,6,250,250,"[35, 49, 26, 17, 17, 35, 45, 26]",58.6,250.0,lognormal,30.4,0.51,250
R32,0.2,logn30,B,False,8,7,250,250,"[35, 49, 26, 17, 17, 35, 45, 26]",58.83,250.0,lognormal,30.6,0.512,250
R32,0.2,logn30,B,False,8,8,250,250,"[35, 49, 26, 17, 17, 35, 45, 26]",78.37,250.0,lognormal,30.5,0.509,250
R32,0.2,logn30,B,False,9,1,269,250,"[35, 49, 26, 17, 17, 35, 45, 26]",25.27,269.0,lognormal,30.3,0.502,250
R32,0.2,logn30,B,False,9,2,250,250,"[35, 49, 26, 17, 17, 35, 45, 26]",76.17,250.0,lognormal,30.7,0.516,250
R32,0.2,logn30,B,False,9,3,250,249,"[35, 49, 26, 17, 17, 35, 44, 26]",53.73,250.0,lognormal,29.8,0.499,250
R32,0.2,logn30,B,False,9,4,249,249,"[35, 49, 26, 17, 17, 35, 44, 26]",46.07,249.0,lognormal,29.4,0.494,250
R32,0.2,logn30,B,False,9,5,249,249,"[35, 49, 26, 17, 17, 35, 44, 26]",72.83,249.0,lognormal,29.4,0.495,250
R32,0.2,logn30,B,False,9,6,249,249,"[35, 49, 26, 17, 17, 35, 44, 26]",89.23,249.0,lognormal,29.4,0.494,250
R32,0.2,logn30,B,False,9,7,249,249,"[35, 49, 26, 17, 17, 35, 44, 26]",73.17,249.0,lognormal,29.4,0.492,250
R32,0.2,logn30,B,False,9,8,249,249,"[35, 49, 26, 17, 17, 35, 44, 26]",69.8,249.0,lognormal,29.4,0.491,250
R32,0.2,logn30,A,True,0,1,269,257,"[36, 51, 27, 17, 17, 36, 46, 27]",24.2,266.2,exp,262.6,1.0,250
R32,0.2,logn30,A,True,0,2,257,261,"[37, 51, 27, 18, 18, 37, 46, 27]",41.43,254.2,exp,273.9,1.0,250
R32,0.2,logn30,A,True,0,3,261,257,"[36, 51, 27, 17, 17, 36, 46, 27]",39.07,258.2,exp,262.1,1.0,250
R32,0.2,logn30,A,True,0,4,257,257,"[36, 51, 27, 17, 17, 36, 46, 27]",50.3,254.2,exp,244.6,1.0,250
R32,0.2,logn30,A,True,0,5,257,256,"[36, 50, 27, 17, 17, 36, 46, 27]",52.5,254.2,exp,231.3,1.0,250
R32,0.2,logn30,A,True,0,6,256,256,"[36, 50, 27, 17, 17, 36, 46, 27]",69.87,253.2,exp,221.2,1.0,250
R32,0.2,logn30,A,True,0,7,256,256,"[36, 50, 27, 17, 17, 36, 46, 27]",52.57,253.2,exp,219.3,1.0,250
R32,0.2,logn30,A,True,0,8,256,256,"[36, 50, 27, 17, 17, 36, 46, 27]",51.13,253.2,exp,217.5,1.0,250
R32,0.2,logn30,A,True,1,1,269,261,"[37, 51, 27, 18, 18, 37, 46, 27]",26.87,266.2,exp,271.9,1.0,250
R32,0.2,logn30,A,True,1,2,261,261,"[37, 51, 27, 18, 18, 37, 46, 27]",38.8,258.2,exp,279.6,1.0,250
R32,0.2,logn30,A,True,1,3,261,256,"[36, 50, 27, 17, 17, 36, 46, 27]",46.0,258.2,exp,239.8,1.0,250
R32,0.2,logn30,A,True,1,4,256,256,"[36, 50, 27, 17, 17, 36, 46, 27]",51.17,253.2,exp,232.1,1.0,250
R32,0.2,logn30,A,True,1,5,256,256,"[36, 50, 27, 17, 17, 36, 46, 27]",62.5,253.2,exp,218.6,1.0,250
R32,0.2,logn30,A,True,1,6,256,256,"[36, 50, 27, 17, 17, 36, 46, 27]",44.1,253.2,exp,223.2,1.0,250
R32,0.2,logn30,A,True,1,7,256,256,"[36, 50, 27, 17, 17, 36, 46, 27]",71.03,253.2,exp,214.6,1.0,250
R32,0.2,logn30,A,True,1,8,256,256,"[36, 50, 27, 17, 17, 36, 46, 27]",47.33,253.2,exp,218.0,1.0,250
R32,0.2,logn30,A,True,2,1,269,261,"[37, 51, 27, 18, 18, 37, 46, 27]",28.5,266.2,exp,284.6,1.0,250
R32,0.2,logn30,A,True,2,2,261,261,"[37, 51, 27, 18, 18, 37, 46, 27]",34.1,258.2,exp,282.1,1.0,250
R32,0.2,logn30,A,True,2,3,261,257,"[36, 51, 27, 17, 17, 36, 46, 27]",49.17,258.2,exp,253.0,1.0,250
R32,0.2,logn30,A,True,2,4,257,256,"[36, 50, 27, 17, 17, 36, 46, 27]",63.43,254.2,exp,234.0,1.0,250
R32,0.2,logn30,A,True,2,5,256,256,"[36, 50, 27, 17, 17, 36, 46, 27]",61.87,253.2,exp,223.8,1.0,250
R32,0.2,logn30,A,True,2,6,256,256,"[36, 50, 27, 17, 17, 36, 46, 27]",39.8,253.2,exp,228.6,1.0,250
R32,0.2,logn30,A,True,2,7,256,256,"[36, 50, 27, 17, 17, 36, 46, 27]",37.7,253.2,exp,231.5,1.0,250
R32,0.2,logn30,A,True,2,8,256,256,"[36, 50, 27, 17, 17, 36, 46, 27]",59.87,253.2,exp,221.8,1.0,250
R32,0.2,logn30,A,True,3,1,269,261,"[37, 51, 27, 18, 18, 37, 46, 27]",21.3,266.2,exp,288.4,1.0,250
R32,0.2,logn30,A,True,3,2,261,261,"[37, 51, 27, 18, 18, 37, 46, 27]",42.17,258.2,exp,267.0,1.0,250
R32,0.2,logn30,A,True,3,3,261,261,"[37, 51, 27, 18, 18, 37, 46, 27]",33.2,258.2,exp,271.0,1.0,250
R32,0.2,logn30,A,True,3,4,261,257,"[36, 51, 27, 17, 17, 36, 46, 27]",40.6,258.2,exp,262.6,1.0,250
R32,0.2,logn30,A,True,3,5,257,257,"[36, 51, 27, 17, 17, 36, 46, 27]",52.13,254.2,exp,242.5,1.0,250
R32,0.2,logn30,A,True,3,6,257,256,"[36, 50, 27, 17, 17, 36, 46, 27]",62.1,254.2,exp,233.1,1.0,250
R32,0.2,logn30,A,True,3,7,256,256,"[36, 50, 27, 17, 17, 36, 46, 27]",43.57,253.2,exp,231.0,1.0,250
R32,0.2,logn30,A,True,3,8,256,256,"[36, 50, 27, 17, 17, 36, 46, 27]",56.23,253.2,exp,227.4,1.0,250
R32,0.2,logn30,A,True,4,1,269,256,"[36, 50, 27, 17, 17, 36, 46, 27]",28.9,266.2,exp,230.1,1.0,250
R32,0.2,logn30,A,True,4,2,256,255,"[36, 50, 27, 17, 17, 36, 45, 27]",62.27,253.2,exp,208.1,1.0,250
R32,0.2,logn30,A,True,4,3,255,255,"[36, 50, 27, 17, 17, 36, 45, 27]",58.87,252.2,exp,209.4,1.0,250
R32,0.2,logn30,A,True,4,4,255,256,"[36, 50, 27, 17, 17, 36, 46, 27]",48.0,252.2,exp,212.9,1.0,250
R32,0.2,logn30,A,True,4,5,256,255,"[36, 50, 27, 17, 17, 36, 45, 27]",58.4,253.2,exp,210.8,1.0,250
R32,0.2,logn30,A,True,4,6,255,255,"[36, 50, 27, 17, 17, 36, 45, 27]",67.5,252.2,exp,208.0,1.0,250
R32,0.2,logn30,A,True,4,7,255,256,"[36, 50, 27, 17, 17, 36, 46, 27]",46.5,252.2,exp,212.8,1.0,250
R32,0.2,logn30,A,True,4,8,256,256,"[36, 50, 27, 17, 17, 36, 46, 27]",48.6,253.2,exp,213.4,1.0,250
R32,0.2,logn30,A,True,5,1,269,261,"[37, 51, 27, 18, 18, 37, 46, 27]",22.0,266.2,exp,300.0,1.0,250
R32,0.2,logn30,A,True,5,2,261,261,"[37, 51, 27, 18, 18, 37, 46, 27]",26.83,258.2,exp,328.6,1.0,250
R32,0.2,logn30,A,True,5,3,261,261,"[37, 51, 27, 18, 18, 37, 46, 27]",34.93,258.2,exp,302.6,1.0,250
R32,0.2,logn30,A,True,5,4,261,261,"[37, 51, 27, 18, 18, 37, 46, 27]",33.93,258.2,exp,304.5,1.0,250
R32,0.2,logn30,A,True,5,5,261,261,"[37, 51, 27, 18, 18, 37, 46, 27]",59.3,258.2,exp,275.4,1.0,250
R32,0.2,logn30,A,True,5,6,261,261,"[37, 51, 27, 18, 18, 37, 46, 27]",38.83,258.2,exp,269.5,1.0,250
R32,0.2,logn30,A,True,5,7,261,257,"[36, 51, 27, 17, 17, 36, 46, 27]",59.6,258.2,exp,247.9,1.0,250
R32,0.2,logn30,A,True,5,8,257,256,"[36, 50, 27, 17, 17, 36, 46, 27]",62.17,254.2,exp,239.9,1.0,250
R32,0.2,logn30,A,True,6,1,269,256,"[36, 50, 27, 17, 17, 36, 46, 27]",30.3,266.2,exp,216.8,1.0,250
R32,0.2,logn30,A,True,6,2,256,255,"[36, 50, 27, 17, 17, 36, 45, 27]",53.37,253.2,exp,209.4,1.0,250
R32,0.2,logn30,A,True,6,3,255,255,"[36, 50, 27, 17, 17, 36, 45, 27]",56.03,252.2,exp,208.5,1.0,250
R32,0.2,logn30,A,True,6,4,255,255,"[36, 50, 27, 17, 17, 36, 45, 27]",73.87,252.2,exp,199.1,1.0,250
R32,0.2,logn30,A,True,6,5,255,255,"[36, 50, 27, 17, 17, 36, 45, 27]",60.3,252.2,exp,197.0,1.0,250
R32,0.2,logn30,A,True,6,6,255,255,"[36, 50, 27, 17, 17, 36, 45, 27]",84.93,252.2,exp,190.1,1.0,250
R32,0.2,logn30,A,True,6,7,255,255,"[36, 50, 27, 17, 17, 36, 45, 27]",60.73,252.2,exp,193.4,1.0,250
R32,0.2,logn30,A,True,6,8,255,255,"[36, 50, 27, 17, 17, 36, 45, 27]",48.13,252.2,exp,198.7,1.0,250
R32,0.2,logn30,A,True,7,1,269,261,"[37, 51, 27, 18, 18, 37, 46, 27]",23.77,266.2,exp,331.3,1.0,250
R32,0.2,logn30,A,True,7,2,261,257,"[36, 51, 27, 17, 17, 36, 46, 27]",51.3,258.2,exp,249.1,1.0,250
R32,0.2,logn30,A,True,7,3,257,256,"[36, 50, 27, 17, 17, 36, 46, 27]",43.67,254.2,exp,239.9,1.0,250
R32,0.2,logn30,A,True,7,4,256,256,"[36, 50, 27, 17, 17, 36, 46, 27]",48.8,253.2,exp,234.6,1.0,250
R32,0.2,logn30,A,True,7,5,256,256,"[36, 50, 27, 17, 17, 36, 46, 27]",46.13,253.2,exp,240.2,1.0,250
R32,0.2,logn30,A,True,7,6,256,256,"[36, 50, 27, 17, 17, 36, 46, 27]",64.03,253.2,exp,231.0,1.0,250
R32,0.2,logn30,A,True,7,7,256,256,"[36, 50, 27, 17, 17, 36, 46, 27]",56.37,253.2,exp,226.5,1.0,250
R32,0.2,logn30,A,True,7,8,256,256,"[36, 50, 27, 17, 17, 36, 46, 27]",59.3,253.2,exp,221.9,1.0,250
R32,0.2,logn30,A,True,8,1,269,263,"[37, 52, 27, 18, 18, 37, 47, 27]",14.4,266.2,exp,421.1,1.0,250
R32,0.2,logn30,A,True,8,2,263,261,"[37, 51, 27, 18, 18, 37, 46, 27]",33.37,260.2,exp,315.4,1.0,250
R32,0.2,logn30,A,True,8,3,261,261,"[37, 51, 27, 18, 18, 37, 46, 27]",44.07,258.2,exp,275.0,1.0,250
R32,0.2,logn30,A,True,8,4,261,257,"[36, 51, 27, 17, 17, 36, 46, 27]",48.6,258.2,exp,247.9,1.0,250
R32,0.2,logn30,A,True,8,5,257,256,"[36, 50, 27, 17, 17, 36, 46, 27]",73.07,254.2,exp,219.2,1.0,250
R32,0.2,logn30,A,True,8,6,256,256,"[36, 50, 27, 17, 17, 36, 46, 27]",56.2,253.2,exp,220.0,1.0,250
R32,0.2,logn30,A,True,8,7,256,256,"[36, 50, 27, 17, 17, 36, 46, 27]",52.43,253.2,exp,221.3,1.0,250
R32,0.2,logn30,A,True,8,8,256,256,"[36, 50, 27, 17, 17, 36, 46, 27]",70.13,253.2,exp,216.8,1.0,250
R32,0.2,logn30,A,True,9,1,269,257,"[36, 51, 27, 17, 17, 36, 46, 27]",31.47,266.2,exp,260.3,1.0,250
R32,0.2,logn30,A,True,9,2,257,255,"[36, 50, 27, 17, 17, 36, 45, 27]",56.8,254.2,exp,211.4,1.0,250
R32,0.2,logn30,A,True,9,3,255,255,"[36, 50, 27, 17, 17, 36, 45, 27]",59.47,252.2,exp,203.5,1.0,250
R32,0.2,logn30,A,True,9,4,255,256,"[36, 50, 27, 17, 17, 36, 46, 27]",32.67,252.2,exp,213.6,1.0,250
R32,0.2,logn30,A,True,9,5,256,256,"[36, 50, 27, 17, 17, 36, 46, 27]",63.1,253.2,exp,212.7,1.0,250
R32,0.2,logn30,A,True,9,6,256,255,"[36, 50, 27, 17, 17, 36, 45, 27]",81.4,253.2,exp,198.9,1.0,250
R32,0.2,logn30,A,True,9,7,255,255,"[36, 50, 27, 17, 17, 36, 45, 27]",69.97,252.2,exp,196.7,1.0,250
R32,0.2,logn30,A,True,9,8,255,255,"[36, 50, 27, 17, 17, 36, 45, 27]",58.2,252.2,exp,196.3,1.0,250
