plan_type,regime,chain,start_R,pre_shock_mean_R,collapsed,recovery_days,path
phi=1.00,H,0,23.07,23.65,False,5,"[23.1, 2.0, 24.0, 15.0, 39.0, 29.0, 44.0, 28.0, 16.0, 6.0, 35.0, 18.0, 14.0, 21.0, 26.0, 26.0, 27.0, 56.0, 43.0, 23.0, 17.0, 21.0, 29.0, 18.0, 20.0, 9.0, 5.0, 16.0, 29.0, 20.0, 15.0, 255.0, 218.0, 176.0, 133.0, 78.0, 35.0, 25.0, 17.0, 17.0, 34.0, 31.0, 24.0, 38.0, 31.0, 37.0, 44.0, 33.0, 12.0, 16.0, 19.0, 34.0, 31.0, 23.0, 7.0, 9.0, 18.0, 14.0, 28.0, 28.0, 40.0, 10.0, 14.0, 19.0, 29.0, 45.0, 31.0, 24.0, 23.0, 21.0, 43.0, 24.0, 30.0, 38.0, 20.0, 13.0, 14.0, 18.0, 41.0, 33.0, 24.0, 16.0, 6.0, 6.0, 18.0, 16.0, 8.0, 48.0, 28.0, 10.0, 27.0, 29.0, 41.0, 33.0, 51.0, 65.0, 30.0, 50.0, 48.0, 31.0, 38.0, 35.0, 24.0, 19.0, 20.0, 21.0, 6.0, 14.0, 17.0, 41.0, 31.0, 26.0, 37.0, 19.0, 27.0, 53.0, 30.0, 25.0, 21.0, 16.0, 18.0, 19.0, 16.0, 14.0, 26.0, 35.0, 41.0, 14.0, 19.0, 25.0, 30.0, 26.0, 20.0, 35.0, 19.0, 10.0, 15.0, 16.0, 19.0, 28.0, 12.0, 27.0, 18.0, 18.0, 20.0, 20.0, 15.0, 5.0, 19.0, 6.0, 43.0, 16.0, 15.0, 53.0, 61.0, 21.0, 35.0, 15.0, 21.0, 15.0, 9.0, 11.0, 11.0, 13.0, 10.0, 10.0, 5.0, 16.0, 14.0, 32.0, 33.0, 38.0, 24.0, 29.0, 41.0, 50.0, 43.0, 12.0, 25.0, 9.0, 15.0, 10.0, 28.0, 18.0, 24.0, 26.0, 24.0, 21.0, 15.0, 20.0, 20.0, 11.0, 37.0, 31.0, 34.0, 30.0, 17.0, 10.0, 23.0, 10.0, 16.0, 18.0, 17.0, 16.0, 9.0, 17.0, 23.0, 20.0, 30.0, 36.0, 32.0, 34.0, 19.0, 30.0, 25.0, 36.0, 65.0, 62.0, 31.0, 38.0, 15.0, 9.0, 12.0, 26.0, 25.0, 14.0, 23.0, 16.0, 24.0, 36.0, 31.0]"
phi=1.00,H,1,23.07,18.85,False,8,"[23.1, 17.0, 4.0, 19.0, 14.0, 41.0, 32.0, 26.0, 32.0, 17.0, 23.0, 6.0, 22.0, 34.0, 30.0, 16.0, 10.0, 41.0, 19.0, 25.0, 15.0, 27.0, 4.0, 13.0, 25.0, 17.0, 13.0, 9.0, 7.0, 21.0, 38.0, 278.0, 216.0, 211.0, 157.0, 108.0, 94.0, 87.0, 69.0, 41.0, 47.0, 22.0, 44.0, 21.0, 36.0, 43.0, 24.0, 31.0, 8.0, 23.0, 32.0, 33.0, 25.0, 11.0, 4.0, 21.0, 16.0, 15.0, 16.0, 28.0, 19.0, 26.0, 38.0, 23.0, 14.0, 17.0, 34.0, 21.0, 26.0, 13.0, 14.0, 14.0, 17.0, 50.0, 41.0, 29.0, 13.0, 30.0, 19.0, 6.0, 15.0, 15.0, 10.0, 11.0, 15.0, 52.0, 27.0, 26.0, 35.0, 44.0, 20.0, 15.0, 20.0, 17.0, 22.0, 29.0, 29.0, 28.0, 19.0, 11.0, 21.0, 35.0, 28.0, 31.0, 35.0, 18.0, 13.0, 20.0, 35.0, 43.0, 20.0, 19.0, 17.0, 35.0, 9.0, 4.0, 11.0, 23.0, 36.0, 34.0, 29.0, 16.0, 20.0, 23.0, 20.0, 21.0, 21.0, 35.0, 50.0, 23.0, 14.0, 15.0, 11.0, 26.0, 25.0, 24.0, 47.0, 31.0, 22.0, 24.0, 29.0, 29.0, 13.0, 14.0, 41.0, 39.0, 25.0, 10.0, 19.0, 26.0, 27.0, 22.0, 29.0, 22.0, 16.0, 12.0, 20.0, 25.0, 21.0, 18.0, 30.0, 11.0, 25.0, 22.0, 14.0, 23.0, 33.0, 35.0, 32.0, 12.0, 20.0, 11.0, 29.0, 38.0, 17.0, 25.0, 19.0, 7.0, 18.0, 7.0, 23.0, 13.0, 13.0, 21.0, 28.0, 71.0, 28.0, 47.0, 27.0, 44.0, 20.0, 11.0, 9.0, 14.0, 19.0, 19.0, 7.0, 22.0, 20.0, 11.0, 26.0, 39.0, 19.0, 15.0, 12.0, 27.0, 18.0, 26.0, 20.0, 41.0, 69.0, 33.0, 17.0, 13.0, 17.0, 31.0, 31.0, 21.0, 16.0, 13.0, 15.0, 35.0, 28.0, 40.0, 51.0, 43.0, 24.0, 43.0, 54.0, 17.0, 18.0]"
phi=1.00,H,2,23.07,18.55,False,5,"[23.1, 23.0, 15.0, 19.0, 15.0, 27.0, 17.0, 11.0, 20.0, 24.0, 10.0, 18.0, 23.0, 15.0, 16.0, 13.0, 27.0, 18.0, 36.0, 12.0, 14.0, 17.0, 10.0, 22.0, 24.0, 29.0, 10.0, 24.0, 10.0, 23.0, 21.0, 261.0, 227.0, 171.0, 125.0, 56.0, 40.0, 11.0, 42.0, 24.0, 15.0, 8.0, 8.0, 3.0, 14.0, 12.0, 19.0, 21.0, 26.0, 43.0, 22.0, 35.0, 25.0, 37.0, 55.0, 56.0, 62.0, 38.0, 47.0, 21.0, 41.0, 21.0, 28.0, 17.0, 26.0, 4.0, 4.0, 5.0, 32.0, 16.0, 18.0, 8.0, 30.0, 51.0, 43.0, 47.0, 44.0, 19.0, 16.0, 31.0, 32.0, 28.0, 26.0, 18.0, 33.0, 32.0, 24.0, 48.0, 20.0, 35.0, 22.0, 36.0, 26.0, 26.0, 11.0, 10.0, 24.0, 27.0, 20.0, 21.0, 16.0, 19.0, 36.0, 40.0, 14.0, 20.0, 19.0, 32.0, 28.0, 24.0, 32.0, 45.0, 19.0, 16.0, 13.0, 9.0, 8.0, 4.0, 25.0, 14.0, 21.0, 25.0, 29.0, 43.0, 21.0, 5.0, 17.0, 18.0, 29.0, 35.0, 29.0, 25.0, 8.0, 1.0, 23.0, 14.0, 9.0, 5.0, 20.0, 30.0, 10.0, 18.0, 18.0, 33.0, 37.0, 21.0, 25.0, 35.0, 24.0, 8.0, 9.0, 17.0, 14.0, 17.0, 17.0, 8.0, 31.0, 17.0, 14.0, 18.0, 19.0, 27.0, 27.0, 25.0, 14.0, 19.0, 30.0, 23.0, 24.0, 21.0, 25.0, 25.0, 10.0, 15.0, 16.0, 11.0, 14.0, 30.0, 21.0, 26.0, 28.0, 31.0, 43.0, 20.0, 22.0, 25.0, 54.0, 39.0, 22.0, 17.0, 20.0, 17.0, 21.0, 16.0, 41.0, 58.0, 41.0, 16.0, 15.0, 11.0, 14.0, 15.0, 38.0, 35.0, 15.0, 12.0, 8.0, 17.0, 25.0, 37.0, 33.0, 18.0, 33.0, 32.0, 25.0, 26.0, 30.0, 29.0, 15.0, 17.0, 11.0, 3.0, 20.0, 23.0, 10.0, 16.0, 11.0, 21.0, 28.0, 15.0, 11.0]"
phi=1.00,H,3,23.07,25.7,False,3,"[23.1, 13.0, 22.0, 10.0, 6.0, 22.0, 33.0, 37.0, 39.0, 28.0, 34.0, 16.0, 23.0, 38.0, 39.0, 41.0, 12.0, 12.0, 16.0, 24.0, 53.0, 28.0, 32.0, 38.0, 16.0, 14.0, 28.0, 18.0, 16.0, 16.0, 28.0, 268.0, 167.0, 73.0, 61.0, 34.0, 28.0, 17.0, 18.0, 31.0, 19.0, 23.0, 17.0, 12.0, 18.0, 45.0, 37.0, 42.0, 40.0, 27.0, 16.0, 19.0, 11.0, 28.0, 41.0, 31.0, 20.0, 27.0, 9.0, 16.0, 23.0, 33.0, 28.0, 27.0, 31.0, 13.0, 6.0, 27.0, 26.0, 17.0, 13.0, 10.0, 31.0, 15.0, 19.0, 43.0, 43.0, 28.0, 18.0, 37.0, 30.0, 11.0, 30.0, 34.0, 20.0, 21.0, 37.0, 42.0, 35.0, 17.0, 25.0, 31.0, 30.0, 44.0, 42.0, 29.0, 44.0, 52.0, 29.0, 24.0, 35.0, 33.0, 51.0, 28.0, 12.0, 25.0, 17.0, 11.0, 9.0, 22.0, 28.0, 10.0, 8.0, 2.0, 12.0, 16.0, 5.0, 7.0, 15.0, 14.0, 20.0, 10.0, 7.0, 14.0, 25.0, 16.0, 40.0, 69.0, 62.0, 47.0, 28.0, 33.0, 5.0, 16.0, 5.0, 8.0, 27.0, 14.0, 15.0, 7.0, 11.0, 18.0, 13.0, 21.0, 33.0, 39.0, 32.0, 40.0, 39.0, 29.0, 28.0, 26.0, 25.0, 21.0, 21.0, 24.0, 18.0, 10.0, 5.0, 15.0, 2.0, 11.0, 15.0, 29.0, 23.0, 31.0, 20.0, 61.0, 32.0, 19.0, 14.0, 23.0, 30.0, 32.0, 28.0, 39.0, 13.0, 15.0, 23.0, 30.0, 26.0, 16.0, 64.0, 26.0, 15.0, 4.0, 18.0, 25.0, 25.0, 21.0, 18.0, 17.0, 22.0, 29.0, 26.0, 8.0, 9.0, 4.0, 18.0, 51.0, 53.0, 40.0, 21.0, 34.0, 45.0, 52.0, 27.0, 25.0, 22.0, 25.0, 37.0, 28.0, 21.0, 24.0, 12.0, 10.0, 42.0, 28.0, 38.0, 32.0, 28.0, 37.0, 29.0, 37.0, 16.0, 22.0, 22.0, 16.0, 14.0, 14.0, 16.0]"
phi=1.00,H,4,23.07,16.3,False,4,"[23.1, 10.0, 28.0, 22.0, 6.0, 11.0, 17.0, 29.0, 4.0, 11.0, 18.0, 13.0, 25.0, 8.0, 16.0, 22.0, 8.0, 23.0, 16.0, 14.0, 17.0, 24.0, 38.0, 24.0, 25.0, 9.0, 11.0, 10.0, 0.0, 5.0, 9.0, 249.0, 215.0, 113.0, 54.0, 54.0, 22.0, 4.0, 24.0, 13.0, 34.0, 15.0, 33.0, 19.0, 29.0, 28.0, 31.0, 29.0, 6.0, 21.0, 9.0, 22.0, 15.0, 17.0, 26.0, 16.0, 17.0, 35.0, 26.0, 15.0, 15.0, 4.0, 9.0, 14.0, 14.0, 26.0, 23.0, 24.0, 18.0, 31.0, 12.0, 20.0, 26.0, 47.0, 23.0, 15.0, 19.0, 20.0, 9.0, 15.0, 12.0, 10.0, 11.0, 21.0, 17.0, 21.0, 30.0, 13.0, 15.0, 15.0, 9.0, 11.0, 12.0, 32.0, 29.0, 38.0, 27.0, 18.0, 16.0, 37.0, 22.0, 27.0, 20.0, 9.0, 15.0, 18.0, 20.0, 12.0, 12.0, 12.0, 34.0, 45.0, 60.0, 26.0, 22.0, 18.0, 27.0, 31.0, 39.0, 11.0, 12.0, 17.0, 30.0, 58.0, 26.0, 20.0, 21.0, 13.0, 8.0, 7.0, 20.0, 22.0, 33.0, 27.0, 17.0, 10.0, 10.0, 35.0, 35.0, 24.0, 30.0, 54.0, 46.0, 25.0, 32.0, 32.0, 22.0, 27.0, 24.0, 22.0, 31.0, 18.0, 18.0, 15.0, 4.0, 5.0, 13.0, 7.0, 9.0, 43.0, 20.0, 11.0, 24.0, 27.0, 13.0, 11.0, 12.0, 34.0, 15.0, 9.0, 25.0, 19.0, 20.0, 18.0, 16.0, 33.0, 20.0, 10.0, 18.0, 32.0, 37.0, 27.0, 41.0, 16.0, 24.0, 33.0, 27.0, 58.0, 30.0, 21.0, 25.0, 16.0, 13.0, 24.0, 3.0, 19.0, 23.0, 10.0, 25.0, 17.0, 19.0, 43.0, 52.0, 60.0, 68.0, 56.0, 27.0, 12.0, 6.0, 22.0, 26.0, 19.0, 5.0, 10.0, 26.0, 9.0, 16.0, 35.0, 22.0, 15.0, 13.0, 17.0, 18.0, 31.0, 8.0, 22.0, 17.0, 24.0, 6.0, 9.0, 13.0]"
phi=1.00,H,5,23.07,25.1,False,4,"[23.1, 5.0, 14.0, 11.0, 11.0, 28.0, 5.0, 2.0, 17.0, 13.0, 7.0, 26.0, 19.0, 23.0, 37.0, 19.0, 12.0, 28.0, 20.0, 31.0, 35.0, 13.0, 16.0, 28.0, 20.0, 22.0, 27.0, 27.0, 42.0, 50.0, 54.0, 294.0, 264.0, 127.0, 72.0, 37.0, 51.0, 25.0, 45.0, 54.0, 36.0, 46.0, 47.0, 58.0, 29.0, 10.0, 32.0, 10.0, 37.0, 17.0, 19.0, 21.0, 16.0, 31.0, 20.0, 41.0, 16.0, 15.0, 25.0, 12.0, 7.0, 41.0, 39.0, 19.0, 22.0, 12.0, 5.0, 26.0, 16.0, 36.0, 29.0, 25.0, 21.0, 13.0, 11.0, 16.0, 17.0, 24.0, 21.0, 42.0, 32.0, 26.0, 23.0, 55.0, 53.0, 41.0, 52.0, 74.0, 37.0, 59.0, 40.0, 37.0, 27.0, 19.0, 5.0, 7.0, 44.0, 27.0, 11.0, 24.0, 30.0, 41.0, 42.0, 52.0, 25.0, 14.0, 7.0, 23.0, 11.0, 12.0, 13.0, 20.0, 17.0, 23.0, 13.0, 15.0, 26.0, 21.0, 18.0, 27.0, 27.0, 15.0, 24.0, 5.0, 27.0, 17.0, 15.0, 36.0, 22.0, 17.0, 26.0, 17.0, 15.0, 13.0, 11.0, 13.0, 8.0, 19.0, 13.0, 20.0, 9.0, 11.0, 10.0, 15.0, 18.0, 11.0, 23.0, 24.0, 7.0, 17.0, 29.0, 32.0, 20.0, 19.0, 18.0, 9.0, 7.0, 19.0, 14.0, 15.0, 15.0, 7.0, 11.0, 9.0, 20.0, 19.0, 13.0, 14.0, 10.0, 34.0, 13.0, 40.0, 38.0, 47.0, 39.0, 35.0, 54.0, 61.0, 58.0, 55.0, 53.0, 56.0, 55.0, 49.0, 21.0, 11.0, 16.0, 35.0, 46.0, 29.0, 17.0, 7.0, 18.0, 19.0, 27.0, 13.0, 9.0, 22.0, 23.0, 14.0, 14.0, 2.0, 7.0, 19.0, 19.0, 10.0, 11.0, 18.0, 18.0, 12.0, 24.0, 13.0, 28.0, 39.0, 20.0, 12.0, 40.0, 31.0, 18.0, 13.0, 20.0, 25.0, 22.0, 21.0, 26.0, 45.0, 17.0, 18.0, 28.0, 30.0, 64.0]"
phi=1.00,H,6,23.07,19.0,False,4,"[23.1, 34.0, 30.0, 27.0, 19.0, 32.0, 13.0, 16.0, 20.0, 18.0, 15.0, 16.0, 14.0, 25.0, 15.0, 16.0, 12.0, 13.0, 61.0, 42.0, 27.0, 20.0, 12.0, 21.0, 24.0, 18.0, 7.0, 4.0, 14.0, 4.0, 16.0, 256.0, 184.0, 103.0, 76.0, 46.0, 33.0, 30.0, 24.0, 23.0, 9.0, 18.0, 19.0, 15.0, 11.0, 32.0, 22.0, 20.0, 33.0, 26.0, 23.0, 24.0, 18.0, 20.0, 23.0, 26.0, 20.0, 39.0, 38.0, 30.0, 18.0, 20.0, 14.0, 31.0, 23.0, 35.0, 33.0, 15.0, 11.0, 9.0, 31.0, 16.0, 15.0, 15.0, 23.0, 20.0, 4.0, 7.0, 15.0, 13.0, 18.0, 14.0, 18.0, 29.0, 13.0, 16.0, 13.0, 13.0, 21.0, 26.0, 20.0, 23.0, 15.0, 11.0, 26.0, 24.0, 17.0, 12.0, 11.0, 10.0, 15.0, 34.0, 57.0, 17.0, 16.0, 13.0, 21.0, 26.0, 18.0, 14.0, 14.0, 11.0, 7.0, 13.0, 20.0, 14.0, 5.0, 21.0, 23.0, 36.0, 20.0, 13.0, 23.0, 22.0, 31.0, 28.0, 10.0, 7.0, 10.0, 14.0, 22.0, 27.0, 25.0, 35.0, 47.0, 27.0, 22.0, 20.0, 33.0, 38.0, 26.0, 14.0, 14.0, 20.0, 16.0, 11.0, 8.0, 28.0, 20.0, 18.0, 32.0, 30.0, 30.0, 22.0, 23.0, 49.0, 50.0, 13.0, 13.0, 18.0, 19.0, 6.0, 26.0, 19.0, 46.0, 21.0, 15.0, 23.0, 20.0, 15.0, 31.0, 45.0, 54.0, 36.0, 33.0, 84.0, 77.0, 52.0, 31.0, 13.0, 14.0, 25.0, 16.0, 24.0, 25.0, 20.0, 16.0, 22.0, 27.0, 14.0, 28.0, 17.0, 40.0, 47.0, 34.0, 35.0, 23.0, 13.0, 9.0, 23.0, 20.0, 22.0, 22.0, 20.0, 9.0, 11.0, 17.0, 8.0, 10.0, 11.0, 15.0, 22.0, 31.0, 33.0, 42.0, 31.0, 15.0, 9.0, 29.0, 33.0, 11.0, 30.0, 49.0, 36.0, 36.0, 47.0, 34.0, 16.0, 4.0, 7.0, 5.0]"
phi=1.00,H,7,23.07,32.45,False,5,"[23.1, 24.0, 38.0, 16.0, 6.0, 14.0, 12.0, 9.0, 16.0, 16.0, 9.0, 31.0, 35.0, 62.0, 61.0, 43.0, 56.0, 39.0, 45.0, 46.0, 33.0, 31.0, 19.0, 13.0, 18.0, 9.0, 28.0, 28.0, 12.0, 31.0, 22.0, 262.0, 219.0, 173.0, 128.0, 96.0, 76.0, 44.0, 41.0, 35.0, 17.0, 15.0, 8.0, 15.0, 28.0, 60.0, 83.0, 52.0, 24.0, 47.0, 47.0, 33.0, 23.0, 23.0, 12.0, 10.0, 13.0, 19.0, 16.0, 10.0, 7.0, 5.0, 18.0, 20.0, 15.0, 16.0, 16.0, 41.0, 22.0, 16.0, 39.0, 40.0, 34.0, 18.0, 19.0, 31.0, 28.0, 13.0, 28.0, 44.0, 24.0, 28.0, 16.0, 7.0, 13.0, 8.0, 17.0, 14.0, 9.0, 14.0, 19.0, 13.0, 13.0, 8.0, 6.0, 10.0, 21.0, 38.0, 20.0, 20.0, 23.0, 19.0, 22.0, 20.0, 8.0, 12.0, 19.0, 30.0, 29.0, 34.0, 41.0, 26.0, 20.0, 22.0, 9.0, 24.0, 25.0, 24.0, 12.0, 11.0, 32.0, 16.0, 9.0, 21.0, 35.0, 25.0, 24.0, 40.0, 41.0, 37.0, 25.0, 33.0, 54.0, 53.0, 39.0, 20.0, 23.0, 24.0, 13.0, 22.0, 25.0, 14.0, 23.0, 11.0, 12.0, 17.0, 15.0, 7.0, 7.0, 23.0, 15.0, 15.0, 22.0, 21.0, 13.0, 16.0, 34.0, 19.0, 23.0, 16.0, 16.0, 19.0, 14.0, 12.0, 17.0, 16.0, 17.0, 17.0, 28.0, 30.0, 20.0, 16.0, 12.0, 18.0, 26.0, 31.0, 29.0, 30.0, 29.0, 10.0, 14.0, 17.0, 23.0, 23.0, 22.0, 34.0, 22.0, 31.0, 25.0, 24.0, 38.0, 44.0, 43.0, 35.0, 33.0, 16.0, 20.0, 11.0, 12.0, 11.0, 18.0, 18.0, 14.0, 11.0, 27.0, 9.0, 11.0, 26.0, 10.0, 8.0, 8.0, 10.0, 14.0, 4.0, 10.0, 23.0, 30.0, 27.0, 23.0, 8.0, 24.0, 15.0, 18.0, 43.0, 17.0, 9.0, 20.0, 25.0, 22.0, 34.0, 51.0]"
phi=1.00,H,8,23.07,25.45,False,5,"[23.1, 19.0, 8.0, 18.0, 43.0, 26.0, 10.0, 17.0, 10.0, 19.0, 5.0, 5.0, 10.0, 27.0, 11.0, 14.0, 29.0, 38.0, 44.0, 27.0, 37.0, 28.0, 17.0, 33.0, 39.0, 34.0, 28.0, 27.0, 14.0, 42.0, 26.0, 266.0, 193.0, 159.0, 121.0, 97.0, 52.0, 37.0, 17.0, 12.0, 34.0, 22.0, 27.0, 12.0, 34.0, 54.0, 13.0, 15.0, 26.0, 20.0, 11.0, 15.0, 6.0, 26.0, 34.0, 13.0, 6.0, 14.0, 21.0, 9.0, 30.0, 18.0, 25.0, 15.0, 27.0, 16.0, 10.0, 20.0, 28.0, 20.0, 19.0, 22.0, 10.0, 27.0, 28.0, 22.0, 26.0, 33.0, 20.0, 7.0, 29.0, 41.0, 36.0, 27.0, 29.0, 19.0, 12.0, 34.0, 26.0, 26.0, 24.0, 38.0, 24.0, 30.0, 29.0, 18.0, 17.0, 31.0, 22.0, 13.0, 16.0, 19.0, 39.0, 62.0, 39.0, 26.0, 15.0, 28.0, 16.0, 19.0, 29.0, 13.0, 18.0, 16.0, 20.0, 19.0, 42.0, 51.0, 30.0, 30.0, 36.0, 34.0, 22.0, 9.0, 17.0, 23.0, 12.0, 9.0, 28.0, 28.0, 19.0, 17.0, 17.0, 29.0, 25.0, 16.0, 19.0, 15.0, 19.0, 14.0, 26.0, 15.0, 14.0, 20.0, 24.0, 26.0, 29.0, 36.0, 27.0, 41.0, 27.0, 24.0, 14.0, 16.0, 35.0, 14.0, 9.0, 22.0, 32.0, 30.0, 14.0, 14.0, 39.0, 51.0, 12.0, 9.0, 26.0, 16.0, 8.0, 3.0, 11.0, 11.0, 17.0, 4.0, 25.0, 47.0, 40.0, 38.0, 20.0, 4.0, 7.0, 24.0, 11.0, 8.0, 9.0, 12.0, 12.0, 23.0, 11.0, 10.0, 19.0, 27.0, 17.0, 15.0, 17.0, 3.0, 7.0, 12.0, 17.0, 15.0, 12.0, 14.0, 18.0, 19.0, 28.0, 10.0, 9.0, 11.0, 8.0, 20.0, 31.0, 13.0, 7.0, 19.0, 8.0, 9.0, 37.0, 10.0, 39.0, 44.0, 15.0, 11.0, 16.0, 30.0, 13.0, 14.0, 23.0, 25.0, 22.0, 24.0, 13.0]"
phi=1.00,H,9,23.07,23.9,False,6,"[23.1, 4.0, 17.0, 24.0, 18.0, 5.0, 18.0, 18.0, 19.0, 25.0, 29.0, 25.0, 15.0, 14.0, 31.0, 25.0, 15.0, 29.0, 7.0, 16.0, 21.0, 33.0, 33.0, 32.0, 27.0, 35.0, 24.0, 22.0, 23.0, 22.0, 26.0, 266.0, 233.0, 197.0, 154.0, 87.0, 55.0, 84.0, 45.0, 34.0, 31.0, 38.0, 43.0, 41.0, 30.0, 29.0, 12.0, 21.0, 38.0, 22.0, 22.0, 13.0, 13.0, 19.0, 20.0, 21.0, 17.0, 4.0, 14.0, 13.0, 42.0, 21.0, 34.0, 31.0, 33.0, 20.0, 3.0, 10.0, 7.0, 14.0, 19.0, 18.0, 8.0, 30.0, 14.0, 7.0, 10.0, 17.0, 16.0, 18.0, 31.0, 8.0, 18.0, 32.0, 18.0, 6.0, 8.0, 10.0, 21.0, 33.0, 20.0, 20.0, 17.0, 14.0, 18.0, 20.0, 14.0, 17.0, 29.0, 28.0, 8.0, 10.0, 18.0, 28.0, 15.0, 11.0, 11.0, 18.0, 30.0, 24.0, 23.0, 13.0, 22.0, 17.0, 9.0, 21.0, 14.0, 3.0, 17.0, 14.0, 19.0, 13.0, 20.0, 31.0, 64.0, 27.0, 27.0, 26.0, 25.0, 6.0, 20.0, 23.0, 30.0, 43.0, 45.0, 34.0, 27.0, 17.0, 6.0, 9.0, 21.0, 20.0, 19.0, 25.0, 27.0, 18.0, 14.0, 20.0, 43.0, 13.0, 11.0, 9.0, 17.0, 8.0, 30.0, 31.0, 18.0, 13.0, 15.0, 18.0, 17.0, 30.0, 7.0, 18.0, 13.0, 23.0, 11.0, 27.0, 6.0, 11.0, 7.0, 24.0, 33.0, 32.0, 37.0, 40.0, 15.0, 14.0, 8.0, 21.0, 26.0, 29.0, 36.0, 40.0, 23.0, 20.0, 27.0, 26.0, 22.0, 16.0, 19.0, 50.0, 36.0, 37.0, 56.0, 35.0, 39.0, 24.0, 29.0, 29.0, 13.0, 23.0, 16.0, 8.0, 19.0, 18.0, 9.0, 10.0, 25.0, 22.0, 26.0, 16.0, 25.0, 17.0, 26.0, 10.0, 14.0, 22.0, 17.0, 17.0, 18.0, 30.0, 43.0, 15.0, 21.0, 14.0, 12.0, 16.0, 14.0, 20.0, 26.0]"
phi=1.00,H,10,23.07,32.15,False,5,"[23.1, 39.0, 29.0, 8.0, 4.0, 9.0, 33.0, 33.0, 49.0, 41.0, 27.0, 55.0, 66.0, 60.0, 35.0, 23.0, 32.0, 47.0, 29.0, 28.0, 33.0, 26.0, 33.0, 23.0, 30.0, 19.0, 25.0, 18.0, 22.0, 12.0, 15.0, 255.0, 203.0, 143.0, 124.0, 76.0, 66.0, 41.0, 29.0, 29.0, 34.0, 19.0, 15.0, 18.0, 15.0, 6.0, 10.0, 33.0, 20.0, 12.0, 16.0, 8.0, 16.0, 17.0, 11.0, 23.0, 26.0, 24.0, 39.0, 52.0, 45.0, 59.0, 28.0, 14.0, 38.0, 22.0, 27.0, 37.0, 47.0, 27.0, 18.0, 12.0, 25.0, 22.0, 17.0, 10.0, 16.0, 11.0, 12.0, 16.0, 13.0, 15.0, 15.0, 13.0, 16.0, 21.0, 15.0, 16.0, 26.0, 13.0, 49.0, 27.0, 17.0, 17.0, 42.0, 34.0, 27.0, 21.0, 10.0, 10.0, 17.0, 23.0, 11.0, 12.0, 24.0, 16.0, 21.0, 34.0, 25.0, 18.0, 51.0, 38.0, 39.0, 21.0, 24.0, 41.0, 26.0, 24.0, 27.0, 23.0, 46.0, 14.0, 19.0, 14.0, 6.0, 6.0, 7.0, 33.0, 20.0, 10.0, 27.0, 14.0, 19.0, 18.0, 13.0, 17.0, 27.0, 24.0, 16.0, 22.0, 18.0, 30.0, 19.0, 13.0, 14.0, 16.0, 10.0, 13.0, 22.0, 18.0, 8.0, 4.0, 19.0, 11.0, 17.0, 37.0, 42.0, 14.0, 36.0, 34.0, 21.0, 24.0, 25.0, 12.0, 14.0, 18.0, 7.0, 7.0, 6.0, 10.0, 7.0, 27.0, 10.0, 18.0, 23.0, 9.0, 7.0, 22.0, 3.0, 3.0, 10.0, 11.0, 24.0, 16.0, 7.0, 6.0, 12.0, 21.0, 24.0, 45.0, 32.0, 28.0, 15.0, 16.0, 14.0, 14.0, 14.0, 22.0, 15.0, 8.0, 16.0, 10.0, 14.0, 8.0, 13.0, 12.0, 19.0, 35.0, 37.0, 20.0, 22.0, 25.0, 22.0, 23.0, 13.0, 18.0, 16.0, 23.0, 22.0, 21.0, 23.0, 24.0, 24.0, 30.0, 20.0, 20.0, 27.0, 30.0, 23.0, 33.0, 36.0]"
phi=1.00,H,11,23.07,18.5,False,5,"[23.1, 25.0, 18.0, 20.0, 18.0, 13.0, 29.0, 28.0, 26.0, 35.0, 14.0, 19.0, 15.0, 8.0, 18.0, 21.0, 27.0, 9.0, 6.0, 26.0, 19.0, 26.0, 17.0, 13.0, 28.0, 29.0, 9.0, 23.0, 28.0, 15.0, 2.0, 242.0, 193.0, 143.0, 91.0, 66.0, 66.0, 41.0, 27.0, 28.0, 19.0, 7.0, 20.0, 13.0, 14.0, 42.0, 28.0, 11.0, 11.0, 40.0, 37.0, 39.0, 25.0, 16.0, 21.0, 48.0, 24.0, 17.0, 63.0, 27.0, 46.0, 42.0, 26.0, 24.0, 30.0, 7.0, 9.0, 14.0, 14.0, 18.0, 21.0, 26.0, 46.0, 40.0, 21.0, 32.0, 28.0, 28.0, 29.0, 15.0, 22.0, 20.0, 38.0, 13.0, 11.0, 28.0, 14.0, 31.0, 36.0, 25.0, 15.0, 26.0, 21.0, 35.0, 10.0, 12.0, 3.0, 10.0, 18.0, 14.0, 22.0, 8.0, 3.0, 9.0, 21.0, 7.0, 35.0, 26.0, 13.0, 10.0, 25.0, 43.0, 81.0, 62.0, 45.0, 48.0, 30.0, 36.0, 20.0, 22.0, 14.0, 24.0, 10.0, 15.0, 23.0, 10.0, 12.0, 23.0, 24.0, 12.0, 22.0, 7.0, 28.0, 22.0, 27.0, 10.0, 12.0, 18.0, 7.0, 3.0, 13.0, 7.0, 15.0, 18.0, 21.0, 33.0, 22.0, 24.0, 32.0, 31.0, 27.0, 18.0, 19.0, 11.0, 13.0, 37.0, 44.0, 30.0, 32.0, 21.0, 28.0, 26.0, 31.0, 33.0, 37.0, 28.0, 53.0, 57.0, 31.0, 42.0, 18.0, 20.0, 19.0, 13.0, 30.0, 47.0, 36.0, 56.0, 46.0, 37.0, 11.0, 17.0, 27.0, 32.0, 15.0, 34.0, 29.0, 17.0, 35.0, 68.0, 51.0, 35.0, 21.0, 15.0, 15.0, 23.0, 20.0, 24.0, 25.0, 15.0, 17.0, 20.0, 26.0, 24.0, 22.0, 13.0, 12.0, 11.0, 18.0, 37.0, 26.0, 12.0, 4.0, 14.0, 23.0, 21.0, 8.0, 17.0, 13.0, 26.0, 31.0, 34.0, 41.0, 31.0, 46.0, 47.0, 21.0, 32.0, 29.0, 11.0, 15.0]"
phi=1.00,H,12,23.07,15.6,False,4,"[23.1, 18.0, 15.0, 14.0, 17.0, 26.0, 21.0, 24.0, 34.0, 22.0, 7.0, 11.0, 12.0, 23.0, 7.0, 2.0, 9.0, 9.0, 12.0, 23.0, 13.0, 6.0, 15.0, 24.0, 15.0, 23.0, 15.0, 18.0, 30.0, 38.0, 16.0, 256.0, 161.0, 117.0, 88.0, 41.0, 24.0, 15.0, 15.0, 8.0, 28.0, 33.0, 44.0, 40.0, 61.0, 55.0, 35.0, 20.0, 17.0, 7.0, 14.0, 13.0, 30.0, 25.0, 16.0, 11.0, 7.0, 16.0, 25.0, 23.0, 18.0, 10.0, 23.0, 8.0, 23.0, 15.0, 42.0, 28.0, 19.0, 23.0, 21.0, 7.0, 12.0, 11.0, 22.0, 27.0, 7.0, 14.0, 32.0, 16.0, 27.0, 25.0, 26.0, 29.0, 23.0, 29.0, 11.0, 20.0, 16.0, 15.0, 14.0, 8.0, 12.0, 25.0, 29.0, 32.0, 24.0, 34.0, 21.0, 19.0, 46.0, 31.0, 24.0, 35.0, 22.0, 29.0, 9.0, 8.0, 12.0, 33.0, 23.0, 26.0, 20.0, 14.0, 12.0, 2.0, 20.0, 18.0, 17.0, 15.0, 31.0, 36.0, 23.0, 30.0, 13.0, 31.0, 37.0, 31.0, 17.0, 13.0, 30.0, 19.0, 15.0, 14.0, 26.0, 18.0, 10.0, 10.0, 22.0, 24.0, 22.0, 24.0, 18.0, 40.0, 56.0, 26.0, 27.0, 38.0, 36.0, 27.0, 13.0, 17.0, 24.0, 10.0, 25.0, 16.0, 10.0, 6.0, 22.0, 28.0, 30.0, 26.0, 27.0, 11.0, 19.0, 17.0, 17.0, 7.0, 20.0, 31.0, 13.0, 12.0, 26.0, 33.0, 24.0, 22.0, 41.0, 32.0, 14.0, 29.0, 12.0, 13.0, 8.0, 11.0, 18.0, 6.0, 28.0, 6.0, 31.0, 22.0, 10.0, 17.0, 7.0, 18.0, 26.0, 21.0, 3.0, 12.0, 23.0, 10.0, 21.0, 13.0, 22.0, 18.0, 37.0, 22.0, 31.0, 28.0, 43.0, 20.0, 15.0, 12.0, 10.0, 18.0, 20.0, 7.0, 9.0, 16.0, 5.0, 21.0, 15.0, 25.0, 43.0, 20.0, 22.0, 33.0, 19.0, 22.0, 14.0, 12.0, 23.0]"
phi=1.00,H,13,23.07,23.0,False,6,"[23.1, 32.0, 15.0, 11.0, 19.0, 11.0, 22.0, 22.0, 19.0, 17.0, 32.0, 48.0, 20.0, 12.0, 17.0, 41.0, 17.0, 24.0, 22.0, 18.0, 11.0, 18.0, 21.0, 30.0, 26.0, 21.0, 26.0, 32.0, 13.0, 11.0, 24.0, 264.0, 226.0, 225.0, 179.0, 136.0, 59.0, 82.0, 26.0, 15.0, 19.0, 44.0, 33.0, 48.0, 16.0, 28.0, 22.0, 30.0, 30.0, 20.0, 12.0, 26.0, 23.0, 20.0, 27.0, 36.0, 31.0, 41.0, 16.0, 32.0, 23.0, 38.0, 31.0, 32.0, 29.0, 27.0, 41.0, 40.0, 29.0, 21.0, 39.0, 49.0, 29.0, 6.0, 34.0, 41.0, 79.0, 48.0, 29.0, 66.0, 29.0, 6.0, 17.0, 15.0, 13.0, 15.0, 1.0, 9.0, 14.0, 22.0, 13.0, 12.0, 20.0, 24.0, 40.0, 13.0, 21.0, 9.0, 25.0, 24.0, 18.0, 15.0, 16.0, 30.0, 22.0, 35.0, 31.0, 35.0, 35.0, 9.0, 13.0, 22.0, 18.0, 8.0, 16.0, 18.0, 18.0, 23.0, 22.0, 34.0, 31.0, 46.0, 18.0, 17.0, 8.0, 3.0, 14.0, 14.0, 33.0, 23.0, 20.0, 32.0, 35.0, 40.0, 20.0, 30.0, 40.0, 41.0, 20.0, 23.0, 19.0, 24.0, 23.0, 25.0, 21.0, 20.0, 42.0, 31.0, 19.0, 21.0, 16.0, 11.0, 27.0, 32.0, 32.0, 19.0, 26.0, 29.0, 26.0, 47.0, 49.0, 23.0, 21.0, 12.0, 26.0, 15.0, 14.0, 36.0, 12.0, 10.0, 4.0, 12.0, 12.0, 12.0, 16.0, 28.0, 20.0, 22.0, 20.0, 43.0, 40.0, 51.0, 44.0, 19.0, 17.0, 31.0, 12.0, 13.0, 8.0, 2.0, 24.0, 24.0, 17.0, 23.0, 14.0, 8.0, 23.0, 24.0, 21.0, 40.0, 19.0, 6.0, 8.0, 18.0, 25.0, 14.0, 21.0, 7.0, 7.0, 9.0, 8.0, 23.0, 19.0, 14.0, 20.0, 7.0, 22.0, 24.0, 42.0, 38.0, 22.0, 21.0, 22.0, 10.0, 10.0, 29.0, 57.0, 39.0, 38.0, 32.0, 21.0]"
phi=1.00,H,14,23.07,18.0,False,4,"[23.1, 22.0, 24.0, 13.0, 21.0, 23.0, 26.0, 27.0, 11.0, 18.0, 16.0, 11.0, 16.0, 12.0, 16.0, 23.0, 21.0, 18.0, 9.0, 21.0, 14.0, 24.0, 18.0, 23.0, 22.0, 22.0, 16.0, 25.0, 8.0, 25.0, 15.0, 255.0, 162.0, 145.0, 101.0, 50.0, 22.0, 11.0, 7.0, 7.0, 24.0, 36.0, 26.0, 9.0, 31.0, 14.0, 30.0, 25.0, 40.0, 33.0, 55.0, 29.0, 24.0, 25.0, 14.0, 9.0, 16.0, 21.0, 23.0, 22.0, 9.0, 45.0, 36.0, 18.0, 21.0, 27.0, 28.0, 29.0, 18.0, 16.0, 4.0, 16.0, 17.0, 28.0, 11.0, 12.0, 18.0, 8.0, 16.0, 30.0, 24.0, 8.0, 15.0, 34.0, 24.0, 16.0, 10.0, 32.0, 24.0, 10.0, 5.0, 22.0, 22.0, 21.0, 35.0, 49.0, 18.0, 22.0, 22.0, 30.0, 32.0, 33.0, 33.0, 40.0, 20.0, 21.0, 30.0, 15.0, 27.0, 24.0, 32.0, 35.0, 27.0, 13.0, 14.0, 16.0, 20.0, 13.0, 24.0, 26.0, 50.0, 44.0, 26.0, 17.0, 17.0, 18.0, 20.0, 20.0, 33.0, 26.0, 35.0, 47.0, 37.0, 23.0, 27.0, 24.0, 42.0, 17.0, 21.0, 16.0, 24.0, 17.0, 17.0, 16.0, 26.0, 29.0, 34.0, 11.0, 7.0, 14.0, 17.0, 23.0, 25.0, 30.0, 22.0, 27.0, 29.0, 22.0, 48.0, 27.0, 17.0, 25.0, 20.0, 19.0, 22.0, 21.0, 25.0, 6.0, 5.0, 19.0, 15.0, 16.0, 23.0, 11.0, 15.0, 11.0, 13.0, 21.0, 28.0, 20.0, 38.0, 30.0, 16.0, 35.0, 17.0, 25.0, 22.0, 17.0, 16.0, 22.0, 7.0, 14.0, 4.0, 10.0, 17.0, 22.0, 17.0, 12.0, 22.0, 25.0, 15.0, 31.0, 52.0, 46.0, 21.0, 21.0, 28.0, 27.0, 19.0, 16.0, 20.0, 30.0, 32.0, 26.0, 16.0, 13.0, 27.0, 40.0, 34.0, 23.0, 25.0, 17.0, 22.0, 16.0, 19.0, 28.0, 38.0, 49.0, 14.0, 14.0, 34.0]"
phi=1.00,H,15,23.07,20.8,False,7,"[23.1, 11.0, 8.0, 19.0, 14.0, 28.0, 17.0, 6.0, 13.0, 16.0, 14.0, 5.0, 11.0, 37.0, 34.0, 19.0, 21.0, 15.0, 11.0, 6.0, 12.0, 36.0, 29.0, 17.0, 27.0, 24.0, 26.0, 26.0, 37.0, 9.0, 7.0, 247.0, 183.0, 216.0, 161.0, 127.0, 110.0, 63.0, 33.0, 37.0, 33.0, 21.0, 37.0, 29.0, 8.0, 21.0, 26.0, 21.0, 26.0, 21.0, 14.0, 10.0, 23.0, 24.0, 42.0, 51.0, 24.0, 25.0, 24.0, 14.0, 35.0, 25.0, 22.0, 45.0, 50.0, 45.0, 45.0, 23.0, 24.0, 10.0, 16.0, 19.0, 20.0, 18.0, 25.0, 41.0, 18.0, 12.0, 24.0, 27.0, 17.0, 13.0, 10.0, 28.0, 33.0, 40.0, 22.0, 31.0, 35.0, 28.0, 33.0, 34.0, 28.0, 21.0, 9.0, 21.0, 16.0, 36.0, 22.0, 9.0, 6.0, 14.0, 8.0, 13.0, 35.0, 58.0, 21.0, 26.0, 31.0, 32.0, 18.0, 18.0, 16.0, 20.0, 10.0, 14.0, 50.0, 40.0, 23.0, 42.0, 16.0, 39.0, 30.0, 46.0, 46.0, 28.0, 28.0, 26.0, 30.0, 16.0, 14.0, 17.0, 9.0, 26.0, 18.0, 34.0, 14.0, 5.0, 17.0, 34.0, 50.0, 36.0, 42.0, 18.0, 15.0, 7.0, 4.0, 9.0, 8.0, 29.0, 34.0, 29.0, 34.0, 32.0, 14.0, 46.0, 76.0, 37.0, 36.0, 10.0, 17.0, 7.0, 5.0, 15.0, 31.0, 31.0, 10.0, 8.0, 11.0, 17.0, 30.0, 21.0, 6.0, 4.0, 17.0, 21.0, 12.0, 15.0, 13.0, 14.0, 12.0, 32.0, 28.0, 33.0, 46.0, 39.0, 74.0, 39.0, 38.0, 33.0, 31.0, 12.0, 35.0, 25.0, 12.0, 19.0, 20.0, 24.0, 56.0, 38.0, 40.0, 47.0, 29.0, 10.0, 15.0, 25.0, 20.0, 20.0, 7.0, 19.0, 19.0, 35.0, 52.0, 38.0, 35.0, 15.0, 28.0, 15.0, 9.0, 12.0, 27.0, 26.0, 26.0, 20.0, 13.0, 21.0, 58.0, 35.0, 6.0, 26.0, 8.0]"
phi=1.00,H,16,23.07,15.1,False,6,"[23.1, 12.0, 22.0, 33.0, 23.0, 25.0, 6.0, 15.0, 25.0, 21.0, 15.0, 33.0, 24.0, 11.0, 17.0, 20.0, 3.0, 0.0, 11.0, 11.0, 25.0, 16.0, 14.0, 17.0, 12.0, 17.0, 10.0, 12.0, 14.0, 20.0, 7.0, 247.0, 180.0, 142.0, 88.0, 84.0, 68.0, 46.0, 30.0, 12.0, 21.0, 34.0, 46.0, 37.0, 46.0, 35.0, 25.0, 24.0, 23.0, 20.0, 17.0, 14.0, 10.0, 17.0, 22.0, 43.0, 30.0, 20.0, 9.0, 13.0, 24.0, 13.0, 2.0, 13.0, 24.0, 17.0, 12.0, 13.0, 32.0, 19.0, 24.0, 41.0, 28.0, 23.0, 19.0, 16.0, 35.0, 28.0, 23.0, 17.0, 16.0, 13.0, 26.0, 55.0, 16.0, 16.0, 13.0, 41.0, 27.0, 11.0, 16.0, 27.0, 22.0, 8.0, 13.0, 18.0, 21.0, 15.0, 22.0, 34.0, 19.0, 8.0, 15.0, 22.0, 21.0, 24.0, 12.0, 16.0, 15.0, 15.0, 16.0, 39.0, 40.0, 36.0, 11.0, 14.0, 17.0, 24.0, 15.0, 22.0, 26.0, 14.0, 37.0, 43.0, 41.0, 30.0, 5.0, 6.0, 10.0, 28.0, 25.0, 6.0, 8.0, 10.0, 25.0, 6.0, 18.0, 10.0, 24.0, 19.0, 9.0, 15.0, 29.0, 22.0, 17.0, 12.0, 22.0, 29.0, 29.0, 18.0, 17.0, 9.0, 6.0, 23.0, 14.0, 29.0, 43.0, 43.0, 29.0, 26.0, 8.0, 24.0, 38.0, 37.0, 24.0, 12.0, 22.0, 13.0, 17.0, 18.0, 23.0, 29.0, 57.0, 38.0, 39.0, 21.0, 35.0, 12.0, 12.0, 14.0, 16.0, 10.0, 6.0, 13.0, 23.0, 15.0, 54.0, 34.0, 36.0, 21.0, 24.0, 30.0, 60.0, 26.0, 32.0, 39.0, 17.0, 36.0, 28.0, 29.0, 28.0, 18.0, 15.0, 33.0, 22.0, 16.0, 17.0, 14.0, 24.0, 12.0, 21.0, 14.0, 23.0, 33.0, 23.0, 39.0, 36.0, 37.0, 33.0, 21.0, 24.0, 13.0, 13.0, 27.0, 22.0, 30.0, 19.0, 38.0, 48.0, 28.0, 25.0]"
phi=1.00,H,17,23.07,27.45,False,4,"[23.1, 27.0, 32.0, 29.0, 28.0, 45.0, 45.0, 17.0, 43.0, 35.0, 23.0, 24.0, 16.0, 34.0, 29.0, 24.0, 39.0, 48.0, 43.0, 11.0, 37.0, 36.0, 16.0, 27.0, 24.0, 18.0, 23.0, 32.0, 27.0, 18.0, 14.0, 254.0, 245.0, 219.0, 99.0, 42.0, 41.0, 38.0, 34.0, 17.0, 20.0, 22.0, 26.0, 28.0, 21.0, 8.0, 11.0, 14.0, 20.0, 22.0, 13.0, 11.0, 10.0, 15.0, 8.0, 4.0, 11.0, 12.0, 14.0, 24.0, 40.0, 33.0, 29.0, 35.0, 37.0, 18.0, 12.0, 3.0, 15.0, 23.0, 26.0, 29.0, 25.0, 37.0, 29.0, 29.0, 12.0, 8.0, 26.0, 20.0, 19.0, 41.0, 14.0, 29.0, 15.0, 18.0, 13.0, 40.0, 32.0, 26.0, 10.0, 30.0, 19.0, 8.0, 23.0, 28.0, 35.0, 44.0, 40.0, 24.0, 38.0, 39.0, 31.0, 20.0, 38.0, 24.0, 16.0, 14.0, 14.0, 13.0, 25.0, 40.0, 37.0, 9.0, 8.0, 14.0, 32.0, 46.0, 72.0, 31.0, 21.0, 36.0, 18.0, 16.0, 19.0, 25.0, 20.0, 22.0, 27.0, 17.0, 29.0, 9.0, 7.0, 10.0, 18.0, 23.0, 31.0, 34.0, 18.0, 12.0, 22.0, 16.0, 16.0, 14.0, 21.0, 20.0, 33.0, 21.0, 16.0, 26.0, 40.0, 14.0, 11.0, 40.0, 16.0, 21.0, 21.0, 21.0, 30.0, 15.0, 22.0, 32.0, 11.0, 25.0, 37.0, 34.0, 34.0, 24.0, 17.0, 11.0, 16.0, 19.0, 27.0, 28.0, 34.0, 27.0, 56.0, 10.0, 15.0, 31.0, 39.0, 23.0, 36.0, 20.0, 28.0, 40.0, 31.0, 17.0, 15.0, 30.0, 11.0, 23.0, 27.0, 30.0, 32.0, 32.0, 30.0, 11.0, 14.0, 30.0, 46.0, 32.0, 35.0, 39.0, 29.0, 22.0, 25.0, 16.0, 25.0, 17.0, 14.0, 38.0, 18.0, 22.0, 7.0, 24.0, 6.0, 11.0, 30.0, 25.0, 15.0, 12.0, 16.0, 12.0, 14.0, 21.0, 19.0, 25.0, 18.0, 13.0, 23.0]"
phi=1.00,H,18,23.07,20.55,False,6,"[23.1, 35.0, 22.0, 16.0, 22.0, 10.0, 24.0, 8.0, 13.0, 17.0, 16.0, 25.0, 18.0, 24.0, 6.0, 17.0, 17.0, 29.0, 38.0, 27.0, 38.0, 24.0, 6.0, 22.0, 20.0, 21.0, 12.0, 17.0, 19.0, 15.0, 26.0, 266.0, 236.0, 180.0, 144.0, 121.0, 102.0, 58.0, 39.0, 15.0, 22.0, 28.0, 13.0, 10.0, 17.0, 44.0, 22.0, 17.0, 32.0, 34.0, 25.0, 26.0, 9.0, 12.0, 19.0, 39.0, 30.0, 34.0, 24.0, 35.0, 32.0, 9.0, 8.0, 20.0, 30.0, 34.0, 8.0, 15.0, 17.0, 25.0, 17.0, 16.0, 22.0, 20.0, 44.0, 24.0, 20.0, 21.0, 29.0, 21.0, 10.0, 24.0, 22.0, 28.0, 35.0, 33.0, 25.0, 7.0, 10.0, 20.0, 6.0, 38.0, 23.0, 28.0, 30.0, 18.0, 22.0, 8.0, 14.0, 23.0, 28.0, 6.0, 5.0, 3.0, 11.0, 15.0, 15.0, 10.0, 35.0, 24.0, 19.0, 7.0, 37.0, 20.0, 6.0, 8.0, 21.0, 13.0, 30.0, 24.0, 29.0, 24.0, 31.0, 28.0, 28.0, 26.0, 35.0, 40.0, 37.0, 41.0, 29.0, 31.0, 26.0, 20.0, 21.0, 35.0, 56.0, 65.0, 37.0, 27.0, 30.0, 18.0, 19.0, 13.0, 8.0, 18.0, 14.0, 21.0, 9.0, 5.0, 14.0, 5.0, 10.0, 15.0, 20.0, 16.0, 33.0, 19.0, 14.0, 20.0, 8.0, 14.0, 24.0, 13.0, 26.0, 48.0, 55.0, 47.0, 40.0, 50.0, 16.0, 19.0, 40.0, 20.0, 10.0, 20.0, 14.0, 21.0, 18.0, 21.0, 19.0, 39.0, 33.0, 25.0, 16.0, 15.0, 27.0, 12.0, 10.0, 25.0, 31.0, 35.0, 18.0, 7.0, 5.0, 12.0, 19.0, 28.0, 21.0, 19.0, 10.0, 24.0, 28.0, 42.0, 22.0, 14.0, 12.0, 25.0, 5.0, 9.0, 32.0, 6.0, 25.0, 15.0, 40.0, 32.0, 27.0, 31.0, 56.0, 53.0, 52.0, 67.0, 61.0, 45.0, 48.0, 25.0, 31.0, 13.0, 21.0, 18.0, 11.0]"
phi=1.00,H,19,23.07,18.6,False,4,"[23.1, 12.0, 8.0, 21.0, 18.0, 17.0, 29.0, 39.0, 50.0, 33.0, 29.0, 36.0, 20.0, 6.0, 18.0, 20.0, 26.0, 29.0, 25.0, 18.0, 7.0, 10.0, 19.0, 11.0, 15.0, 17.0, 23.0, 20.0, 11.0, 12.0, 12.0, 252.0, 227.0, 164.0, 117.0, 61.0, 24.0, 27.0, 11.0, 15.0, 18.0, 12.0, 27.0, 47.0, 24.0, 26.0, 28.0, 33.0, 30.0, 27.0, 11.0, 25.0, 17.0, 14.0, 6.0, 43.0, 20.0, 18.0, 16.0, 7.0, 24.0, 20.0, 16.0, 11.0, 21.0, 33.0, 16.0, 9.0, 42.0, 34.0, 33.0, 20.0, 31.0, 18.0, 21.0, 45.0, 27.0, 13.0, 3.0, 12.0, 12.0, 15.0, 23.0, 26.0, 18.0, 22.0, 13.0, 28.0, 10.0, 7.0, 10.0, 12.0, 2.0, 19.0, 39.0, 38.0, 28.0, 41.0, 20.0, 43.0, 39.0, 34.0, 13.0, 12.0, 23.0, 32.0, 22.0, 32.0, 20.0, 35.0, 35.0, 45.0, 49.0, 42.0, 10.0, 28.0, 25.0, 13.0, 24.0, 30.0, 45.0, 33.0, 14.0, 18.0, 9.0, 11.0, 9.0, 5.0, 13.0, 9.0, 3.0, 16.0, 27.0, 21.0, 36.0, 22.0, 38.0, 22.0, 15.0, 17.0, 26.0, 46.0, 51.0, 41.0, 31.0, 24.0, 24.0, 41.0, 26.0, 36.0, 20.0, 19.0, 20.0, 37.0, 13.0, 19.0, 31.0, 39.0, 36.0, 17.0, 46.0, 47.0, 47.0, 61.0, 33.0, 23.0, 5.0, 13.0, 18.0, 3.0, 18.0, 34.0, 14.0, 15.0, 15.0, 18.0, 19.0, 12.0, 44.0, 34.0, 20.0, 1.0, 22.0, 12.0, 8.0, 13.0, 17.0, 14.0, 7.0, 40.0, 34.0, 40.0, 34.0, 28.0, 24.0, 18.0, 25.0, 21.0, 22.0, 22.0, 20.0, 27.0, 38.0, 30.0, 14.0, 22.0, 22.0, 34.0, 29.0, 13.0, 29.0, 29.0, 38.0, 32.0, 31.0, 41.0, 11.0, 35.0, 5.0, 22.0, 31.0, 32.0, 36.0, 38.0, 25.0, 11.0, 13.0, 25.0, 4.0, 14.0, 46.0]"
phi=1.00,O-M15,0,24.35,23.15,False,5,"[24.4, 2.0, 25.0, 15.0, 41.0, 32.0, 48.0, 26.0, 16.0, 6.0, 31.0, 16.0, 13.0, 21.0, 26.0, 26.0, 26.0, 51.0, 43.0, 27.0, 15.0, 22.0, 27.0, 16.0, 22.0, 9.0, 5.0, 17.0, 28.0, 22.0, 15.0, 255.0, 225.0, 192.0, 142.0, 85.0, 39.0, 26.0, 16.0, 18.0, 39.0, 33.0, 25.0, 38.0, 31.0, 42.0, 52.0, 30.0, 13.0, 16.0, 18.0, 45.0, 37.0, 30.0, 13.0, 8.0, 15.0, 11.0, 25.0, 26.0, 35.0, 9.0, 14.0, 20.0, 32.0, 52.0, 33.0, 28.0, 35.0, 22.0, 46.0, 26.0, 32.0, 36.0, 18.0, 13.0, 14.0, 18.0, 41.0, 34.0, 23.0, 17.0, 6.0, 6.0, 21.0, 19.0, 9.0, 46.0, 26.0, 10.0, 26.0, 34.0, 51.0, 33.0, 52.0, 62.0, 34.0, 56.0, 57.0, 35.0, 42.0, 34.0, 22.0, 15.0, 18.0, 20.0, 6.0, 14.0, 17.0, 41.0, 31.0, 26.0, 37.0, 19.0, 27.0, 50.0, 29.0, 26.0, 30.0, 15.0, 17.0, 17.0, 15.0, 12.0, 31.0, 32.0, 35.0, 11.0, 19.0, 26.0, 35.0, 34.0, 22.0, 36.0, 18.0, 10.0, 17.0, 13.0, 21.0, 29.0, 15.0, 35.0, 21.0, 26.0, 21.0, 19.0, 12.0, 7.0, 18.0, 6.0, 43.0, 16.0, 16.0, 62.0, 75.0, 25.0, 40.0, 18.0, 21.0, 17.0, 11.0, 11.0, 11.0, 13.0, 10.0, 10.0, 6.0, 16.0, 14.0, 30.0, 35.0, 41.0, 28.0, 30.0, 42.0, 44.0, 37.0, 13.0, 21.0, 9.0, 15.0, 10.0, 28.0, 18.0, 20.0, 24.0, 20.0, 17.0, 15.0, 20.0, 21.0, 11.0, 38.0, 29.0, 35.0, 33.0, 19.0, 10.0, 25.0, 12.0, 17.0, 19.0, 18.0, 17.0, 10.0, 18.0, 28.0, 20.0, 31.0, 37.0, 35.0, 34.0, 19.0, 27.0, 23.0, 37.0, 71.0, 65.0, 34.0, 39.0, 17.0, 10.0, 14.0, 29.0, 28.0, 11.0, 17.0, 14.0, 21.0, 32.0, 26.0]"
phi=1.00,O-M15,1,24.35,19.15,False,9,"[24.4, 16.0, 4.0, 19.0, 14.0, 39.0, 28.0, 26.0, 30.0, 18.0, 20.0, 8.0, 23.0, 37.0, 26.0, 16.0, 10.0, 40.0, 21.0, 28.0, 14.0, 27.0, 4.0, 13.0, 25.0, 17.0, 14.0, 9.0, 7.0, 24.0, 35.0, 275.0, 229.0, 227.0, 170.0, 138.0, 98.0, 91.0, 70.0, 43.0, 54.0, 29.0, 52.0, 30.0, 38.0, 49.0, 26.0, 33.0, 8.0, 25.0, 33.0, 36.0, 26.0, 11.0, 4.0, 22.0, 17.0, 16.0, 20.0, 35.0, 29.0, 34.0, 46.0, 27.0, 13.0, 18.0, 39.0, 28.0, 31.0, 14.0, 15.0, 14.0, 16.0, 51.0, 39.0, 32.0, 14.0, 29.0, 21.0, 6.0, 15.0, 16.0, 11.0, 11.0, 15.0, 57.0, 26.0, 27.0, 36.0, 45.0, 20.0, 15.0, 22.0, 25.0, 25.0, 32.0, 28.0, 29.0, 20.0, 12.0, 21.0, 36.0, 30.0, 27.0, 35.0, 19.0, 14.0, 23.0, 38.0, 44.0, 22.0, 21.0, 20.0, 34.0, 9.0, 4.0, 10.0, 24.0, 37.0, 36.0, 30.0, 22.0, 25.0, 25.0, 20.0, 18.0, 21.0, 35.0, 50.0, 23.0, 14.0, 15.0, 11.0, 28.0, 24.0, 21.0, 46.0, 33.0, 27.0, 24.0, 30.0, 28.0, 14.0, 14.0, 35.0, 34.0, 20.0, 8.0, 20.0, 25.0, 26.0, 19.0, 30.0, 23.0, 17.0, 19.0, 24.0, 31.0, 23.0, 20.0, 28.0, 12.0, 25.0, 22.0, 14.0, 23.0, 31.0, 33.0, 32.0, 14.0, 21.0, 13.0, 36.0, 58.0, 22.0, 31.0, 28.0, 8.0, 20.0, 4.0, 20.0, 11.0, 12.0, 21.0, 27.0, 71.0, 28.0, 49.0, 32.0, 44.0, 22.0, 11.0, 9.0, 14.0, 19.0, 19.0, 7.0, 23.0, 20.0, 11.0, 29.0, 40.0, 18.0, 16.0, 14.0, 28.0, 22.0, 32.0, 23.0, 43.0, 78.0, 37.0, 16.0, 13.0, 17.0, 32.0, 34.0, 25.0, 17.0, 13.0, 16.0, 41.0, 32.0, 46.0, 51.0, 42.0, 23.0, 44.0, 58.0, 20.0, 17.0]"
phi=1.00,O-M15,2,24.35,20.35,False,5,"[24.4, 25.0, 21.0, 21.0, 17.0, 29.0, 19.0, 11.0, 23.0, 25.0, 14.0, 24.0, 29.0, 20.0, 16.0, 12.0, 29.0, 18.0, 38.0, 13.0, 14.0, 16.0, 8.0, 20.0, 25.0, 33.0, 17.0, 24.0, 11.0, 26.0, 21.0, 261.0, 225.0, 176.0, 144.0, 73.0, 43.0, 13.0, 51.0, 33.0, 19.0, 14.0, 14.0, 2.0, 13.0, 11.0, 18.0, 20.0, 28.0, 49.0, 22.0, 36.0, 25.0, 40.0, 57.0, 52.0, 55.0, 24.0, 55.0, 27.0, 43.0, 24.0, 28.0, 20.0, 25.0, 5.0, 4.0, 5.0, 32.0, 17.0, 19.0, 8.0, 32.0, 58.0, 52.0, 48.0, 43.0, 17.0, 17.0, 32.0, 33.0, 28.0, 26.0, 19.0, 33.0, 32.0, 24.0, 51.0, 24.0, 35.0, 21.0, 37.0, 28.0, 32.0, 13.0, 14.0, 32.0, 29.0, 20.0, 23.0, 18.0, 20.0, 38.0, 44.0, 14.0, 20.0, 21.0, 32.0, 28.0, 24.0, 32.0, 43.0, 17.0, 18.0, 16.0, 10.0, 10.0, 6.0, 23.0, 16.0, 20.0, 26.0, 30.0, 40.0, 25.0, 5.0, 17.0, 18.0, 31.0, 40.0, 36.0, 37.0, 17.0, 4.0, 30.0, 21.0, 10.0, 5.0, 17.0, 36.0, 11.0, 16.0, 16.0, 36.0, 37.0, 23.0, 27.0, 40.0, 26.0, 10.0, 6.0, 16.0, 14.0, 18.0, 16.0, 8.0, 33.0, 18.0, 16.0, 12.0, 19.0, 28.0, 30.0, 24.0, 14.0, 20.0, 29.0, 25.0, 21.0, 22.0, 26.0, 23.0, 12.0, 16.0, 15.0, 13.0, 15.0, 33.0, 23.0, 28.0, 24.0, 31.0, 47.0, 26.0, 29.0, 32.0, 59.0, 40.0, 23.0, 19.0, 27.0, 20.0, 26.0, 19.0, 53.0, 71.0, 58.0, 23.0, 18.0, 13.0, 16.0, 15.0, 42.0, 40.0, 19.0, 13.0, 9.0, 17.0, 25.0, 34.0, 32.0, 20.0, 35.0, 31.0, 29.0, 28.0, 32.0, 33.0, 18.0, 18.0, 12.0, 3.0, 21.0, 22.0, 9.0, 16.0, 12.0, 23.0, 27.0, 17.0, 12.0]"
phi=1.00,O-M15,3,24.35,26.95,False,3,"[24.4, 16.0, 24.0, 17.0, 13.0, 25.0, 36.0, 44.0, 44.0, 24.0, 37.0, 15.0, 25.0, 38.0, 41.0, 36.0, 12.0, 12.0, 17.0, 24.0, 52.0, 28.0, 40.0, 47.0, 20.0, 14.0, 28.0, 18.0, 16.0, 19.0, 29.0, 269.0, 189.0, 89.0, 71.0, 42.0, 34.0, 22.0, 23.0, 39.0, 27.0, 28.0, 23.0, 16.0, 17.0, 41.0, 29.0, 43.0, 44.0, 24.0, 15.0, 21.0, 15.0, 28.0, 41.0, 34.0, 21.0, 27.0, 9.0, 16.0, 23.0, 32.0, 27.0, 29.0, 35.0, 12.0, 5.0, 32.0, 31.0, 24.0, 13.0, 11.0, 33.0, 17.0, 18.0, 41.0, 51.0, 35.0, 22.0, 37.0, 31.0, 16.0, 33.0, 33.0, 23.0, 19.0, 35.0, 37.0, 29.0, 16.0, 22.0, 26.0, 26.0, 34.0, 34.0, 29.0, 38.0, 45.0, 29.0, 28.0, 39.0, 36.0, 50.0, 23.0, 11.0, 23.0, 15.0, 10.0, 10.0, 23.0, 32.0, 9.0, 8.0, 2.0, 15.0, 19.0, 3.0, 7.0, 17.0, 16.0, 23.0, 9.0, 7.0, 14.0, 25.0, 16.0, 41.0, 72.0, 62.0, 51.0, 24.0, 33.0, 5.0, 16.0, 5.0, 8.0, 30.0, 16.0, 15.0, 7.0, 11.0, 19.0, 15.0, 21.0, 30.0, 34.0, 32.0, 40.0, 44.0, 35.0, 33.0, 29.0, 30.0, 25.0, 24.0, 28.0, 21.0, 11.0, 5.0, 15.0, 2.0, 11.0, 15.0, 33.0, 25.0, 34.0, 19.0, 61.0, 32.0, 19.0, 14.0, 23.0, 31.0, 31.0, 28.0, 40.0, 15.0, 16.0, 23.0, 33.0, 21.0, 14.0, 66.0, 28.0, 21.0, 9.0, 18.0, 27.0, 31.0, 24.0, 20.0, 28.0, 25.0, 36.0, 35.0, 18.0, 10.0, 6.0, 19.0, 59.0, 65.0, 37.0, 17.0, 33.0, 47.0, 54.0, 26.0, 21.0, 23.0, 27.0, 47.0, 32.0, 20.0, 26.0, 14.0, 10.0, 45.0, 30.0, 42.0, 34.0, 29.0, 40.0, 29.0, 44.0, 20.0, 26.0, 31.0, 14.0, 13.0, 12.0, 12.0]"
phi=1.00,O-M15,4,24.35,17.1,False,4,"[24.4, 11.0, 33.0, 22.0, 6.0, 11.0, 19.0, 28.0, 3.0, 13.0, 22.0, 14.0, 22.0, 7.0, 17.0, 21.0, 8.0, 23.0, 16.0, 14.0, 22.0, 33.0, 36.0, 24.0, 24.0, 8.0, 12.0, 12.0, 2.0, 5.0, 8.0, 248.0, 218.0, 124.0, 64.0, 67.0, 26.0, 8.0, 29.0, 13.0, 35.0, 18.0, 34.0, 20.0, 28.0, 30.0, 30.0, 31.0, 5.0, 22.0, 9.0, 22.0, 15.0, 18.0, 27.0, 17.0, 18.0, 37.0, 29.0, 17.0, 18.0, 5.0, 10.0, 16.0, 16.0, 30.0, 25.0, 26.0, 21.0, 34.0, 11.0, 23.0, 28.0, 52.0, 19.0, 22.0, 25.0, 29.0, 11.0, 18.0, 16.0, 22.0, 18.0, 29.0, 20.0, 18.0, 28.0, 7.0, 16.0, 15.0, 9.0, 13.0, 15.0, 32.0, 30.0, 43.0, 31.0, 21.0, 18.0, 34.0, 22.0, 29.0, 21.0, 10.0, 14.0, 17.0, 22.0, 12.0, 12.0, 12.0, 38.0, 54.0, 63.0, 27.0, 25.0, 20.0, 27.0, 29.0, 40.0, 12.0, 19.0, 25.0, 32.0, 60.0, 23.0, 18.0, 25.0, 8.0, 7.0, 7.0, 23.0, 26.0, 33.0, 27.0, 14.0, 15.0, 16.0, 45.0, 47.0, 40.0, 33.0, 61.0, 57.0, 37.0, 28.0, 29.0, 20.0, 29.0, 27.0, 22.0, 29.0, 21.0, 24.0, 24.0, 10.0, 6.0, 10.0, 7.0, 9.0, 38.0, 24.0, 10.0, 23.0, 26.0, 13.0, 11.0, 13.0, 36.0, 18.0, 8.0, 29.0, 18.0, 17.0, 14.0, 16.0, 34.0, 21.0, 11.0, 16.0, 31.0, 31.0, 15.0, 40.0, 16.0, 26.0, 36.0, 33.0, 68.0, 42.0, 27.0, 32.0, 25.0, 16.0, 21.0, 3.0, 19.0, 24.0, 9.0, 23.0, 17.0, 19.0, 44.0, 48.0, 70.0, 88.0, 75.0, 41.0, 21.0, 17.0, 22.0, 27.0, 20.0, 5.0, 10.0, 27.0, 10.0, 17.0, 37.0, 22.0, 15.0, 13.0, 17.0, 18.0, 31.0, 8.0, 23.0, 19.0, 22.0, 6.0, 9.0, 13.0]"
phi=1.00,O-M15,5,24.35,25.75,False,5,"[24.4, 8.0, 14.0, 13.0, 16.0, 32.0, 9.0, 4.0, 14.0, 11.0, 3.0, 19.0, 19.0, 23.0, 38.0, 20.0, 12.0, 28.0, 22.0, 33.0, 40.0, 14.0, 20.0, 33.0, 20.0, 22.0, 27.0, 27.0, 44.0, 51.0, 52.0, 292.0, 251.0, 130.0, 76.0, 46.0, 58.0, 29.0, 54.0, 50.0, 36.0, 48.0, 51.0, 58.0, 29.0, 13.0, 30.0, 11.0, 44.0, 21.0, 20.0, 22.0, 15.0, 35.0, 23.0, 38.0, 15.0, 15.0, 25.0, 12.0, 8.0, 44.0, 44.0, 22.0, 25.0, 12.0, 5.0, 28.0, 18.0, 37.0, 31.0, 28.0, 24.0, 12.0, 10.0, 18.0, 27.0, 35.0, 32.0, 58.0, 41.0, 33.0, 30.0, 55.0, 54.0, 46.0, 54.0, 74.0, 42.0, 67.0, 55.0, 40.0, 27.0, 19.0, 7.0, 5.0, 44.0, 28.0, 11.0, 25.0, 35.0, 45.0, 49.0, 53.0, 29.0, 16.0, 7.0, 26.0, 13.0, 13.0, 14.0, 22.0, 20.0, 28.0, 17.0, 22.0, 29.0, 23.0, 22.0, 31.0, 31.0, 19.0, 25.0, 7.0, 26.0, 17.0, 15.0, 36.0, 25.0, 20.0, 30.0, 15.0, 16.0, 13.0, 11.0, 15.0, 9.0, 20.0, 13.0, 20.0, 9.0, 11.0, 10.0, 16.0, 20.0, 12.0, 23.0, 26.0, 8.0, 19.0, 22.0, 33.0, 19.0, 21.0, 19.0, 9.0, 7.0, 20.0, 16.0, 20.0, 17.0, 7.0, 11.0, 9.0, 20.0, 19.0, 13.0, 14.0, 11.0, 37.0, 14.0, 41.0, 41.0, 45.0, 36.0, 33.0, 53.0, 60.0, 54.0, 52.0, 47.0, 56.0, 55.0, 46.0, 22.0, 15.0, 22.0, 36.0, 46.0, 30.0, 20.0, 11.0, 19.0, 19.0, 27.0, 14.0, 10.0, 24.0, 27.0, 18.0, 19.0, 3.0, 7.0, 19.0, 19.0, 10.0, 11.0, 18.0, 19.0, 11.0, 26.0, 14.0, 28.0, 38.0, 18.0, 10.0, 44.0, 38.0, 21.0, 14.0, 18.0, 23.0, 19.0, 18.0, 26.0, 49.0, 24.0, 18.0, 34.0, 35.0, 66.0]"
phi=1.00,O-M15,6,24.35,20.95,False,4,"[24.4, 34.0, 29.0, 29.0, 22.0, 35.0, 15.0, 14.0, 21.0, 18.0, 15.0, 17.0, 14.0, 25.0, 15.0, 16.0, 12.0, 13.0, 67.0, 45.0, 33.0, 31.0, 18.0, 28.0, 25.0, 16.0, 7.0, 4.0, 14.0, 4.0, 15.0, 255.0, 191.0, 106.0, 85.0, 55.0, 41.0, 34.0, 24.0, 23.0, 11.0, 12.0, 19.0, 17.0, 16.0, 40.0, 25.0, 24.0, 32.0, 26.0, 23.0, 24.0, 18.0, 20.0, 23.0, 30.0, 24.0, 39.0, 44.0, 41.0, 28.0, 19.0, 11.0, 23.0, 18.0, 31.0, 25.0, 15.0, 11.0, 9.0, 34.0, 21.0, 13.0, 14.0, 24.0, 20.0, 4.0, 7.0, 15.0, 13.0, 19.0, 14.0, 18.0, 31.0, 18.0, 18.0, 15.0, 12.0, 21.0, 27.0, 23.0, 27.0, 15.0, 11.0, 26.0, 27.0, 20.0, 17.0, 16.0, 11.0, 14.0, 40.0, 67.0, 25.0, 22.0, 15.0, 20.0, 26.0, 18.0, 14.0, 16.0, 14.0, 8.0, 13.0, 20.0, 14.0, 5.0, 22.0, 19.0, 38.0, 21.0, 13.0, 22.0, 20.0, 26.0, 24.0, 10.0, 7.0, 10.0, 14.0, 23.0, 30.0, 24.0, 39.0, 46.0, 26.0, 20.0, 18.0, 28.0, 43.0, 29.0, 18.0, 18.0, 26.0, 22.0, 16.0, 7.0, 26.0, 21.0, 22.0, 34.0, 33.0, 28.0, 24.0, 23.0, 54.0, 59.0, 17.0, 14.0, 19.0, 20.0, 6.0, 26.0, 19.0, 41.0, 19.0, 13.0, 25.0, 17.0, 14.0, 30.0, 46.0, 57.0, 38.0, 34.0, 89.0, 80.0, 64.0, 34.0, 14.0, 17.0, 27.0, 18.0, 24.0, 29.0, 22.0, 15.0, 23.0, 30.0, 14.0, 30.0, 19.0, 38.0, 46.0, 34.0, 36.0, 29.0, 24.0, 14.0, 22.0, 18.0, 21.0, 23.0, 22.0, 11.0, 14.0, 18.0, 9.0, 13.0, 13.0, 12.0, 21.0, 31.0, 37.0, 45.0, 34.0, 13.0, 7.0, 29.0, 33.0, 11.0, 30.0, 51.0, 34.0, 37.0, 47.0, 36.0, 15.0, 3.0, 13.0, 9.0]"
phi=1.00,O-M15,7,24.35,33.25,False,6,"[24.4, 25.0, 41.0, 18.0, 12.0, 20.0, 15.0, 10.0, 16.0, 16.0, 9.0, 31.0, 35.0, 64.0, 64.0, 44.0, 55.0, 44.0, 46.0, 46.0, 34.0, 31.0, 21.0, 15.0, 17.0, 11.0, 24.0, 26.0, 14.0, 34.0, 22.0, 262.0, 212.0, 181.0, 136.0, 122.0, 98.0, 64.0, 58.0, 33.0, 18.0, 18.0, 8.0, 15.0, 28.0, 57.0, 68.0, 40.0, 22.0, 56.0, 53.0, 41.0, 22.0, 23.0, 12.0, 10.0, 13.0, 24.0, 16.0, 10.0, 8.0, 3.0, 18.0, 20.0, 15.0, 17.0, 16.0, 42.0, 23.0, 19.0, 38.0, 38.0, 37.0, 20.0, 24.0, 38.0, 36.0, 14.0, 24.0, 34.0, 16.0, 23.0, 15.0, 7.0, 16.0, 7.0, 16.0, 16.0, 9.0, 14.0, 21.0, 18.0, 18.0, 5.0, 4.0, 9.0, 22.0, 40.0, 26.0, 28.0, 26.0, 22.0, 23.0, 18.0, 10.0, 14.0, 20.0, 35.0, 33.0, 36.0, 41.0, 27.0, 20.0, 22.0, 9.0, 22.0, 23.0, 26.0, 12.0, 11.0, 33.0, 17.0, 10.0, 19.0, 36.0, 27.0, 25.0, 38.0, 41.0, 37.0, 26.0, 29.0, 48.0, 48.0, 32.0, 22.0, 24.0, 23.0, 15.0, 22.0, 25.0, 14.0, 26.0, 8.0, 11.0, 16.0, 15.0, 7.0, 7.0, 24.0, 13.0, 14.0, 23.0, 17.0, 12.0, 14.0, 31.0, 15.0, 22.0, 16.0, 17.0, 16.0, 10.0, 12.0, 17.0, 16.0, 17.0, 17.0, 28.0, 30.0, 15.0, 16.0, 16.0, 23.0, 31.0, 30.0, 33.0, 25.0, 24.0, 14.0, 17.0, 16.0, 25.0, 25.0, 22.0, 34.0, 22.0, 33.0, 22.0, 24.0, 38.0, 43.0, 44.0, 40.0, 34.0, 18.0, 21.0, 12.0, 13.0, 11.0, 20.0, 19.0, 14.0, 11.0, 24.0, 10.0, 10.0, 24.0, 11.0, 6.0, 8.0, 10.0, 14.0, 4.0, 10.0, 23.0, 31.0, 27.0, 24.0, 10.0, 21.0, 15.0, 18.0, 45.0, 16.0, 11.0, 23.0, 28.0, 26.0, 39.0, 57.0]"
phi=1.00,O-M15,8,24.35,34.3,False,5,"[24.4, 19.0, 8.0, 19.0, 43.0, 26.0, 10.0, 18.0, 11.0, 18.0, 5.0, 6.0, 9.0, 30.0, 15.0, 19.0, 39.0, 51.0, 61.0, 42.0, 65.0, 41.0, 27.0, 44.0, 50.0, 47.0, 41.0, 34.0, 17.0, 43.0, 33.0, 273.0, 214.0, 176.0, 133.0, 117.0, 83.0, 61.0, 33.0, 17.0, 36.0, 22.0, 26.0, 8.0, 19.0, 33.0, 15.0, 15.0, 28.0, 24.0, 14.0, 17.0, 6.0, 28.0, 40.0, 15.0, 7.0, 14.0, 20.0, 10.0, 29.0, 16.0, 21.0, 17.0, 28.0, 17.0, 11.0, 23.0, 27.0, 18.0, 19.0, 22.0, 10.0, 27.0, 28.0, 22.0, 28.0, 33.0, 22.0, 8.0, 27.0, 33.0, 30.0, 27.0, 31.0, 19.0, 12.0, 34.0, 30.0, 33.0, 27.0, 43.0, 29.0, 32.0, 25.0, 15.0, 17.0, 32.0, 23.0, 15.0, 20.0, 22.0, 45.0, 80.0, 53.0, 30.0, 18.0, 34.0, 19.0, 20.0, 33.0, 16.0, 16.0, 16.0, 20.0, 19.0, 40.0, 53.0, 37.0, 38.0, 41.0, 41.0, 23.0, 9.0, 18.0, 27.0, 11.0, 9.0, 28.0, 31.0, 21.0, 16.0, 17.0, 31.0, 31.0, 14.0, 17.0, 15.0, 20.0, 17.0, 28.0, 15.0, 15.0, 22.0, 22.0, 31.0, 33.0, 29.0, 26.0, 40.0, 27.0, 28.0, 16.0, 17.0, 39.0, 14.0, 12.0, 25.0, 38.0, 30.0, 14.0, 15.0, 37.0, 53.0, 14.0, 10.0, 27.0, 18.0, 10.0, 4.0, 12.0, 14.0, 20.0, 5.0, 27.0, 51.0, 46.0, 44.0, 24.0, 4.0, 7.0, 24.0, 11.0, 9.0, 9.0, 13.0, 14.0, 29.0, 12.0, 8.0, 20.0, 29.0, 22.0, 16.0, 19.0, 1.0, 6.0, 12.0, 19.0, 13.0, 11.0, 14.0, 18.0, 19.0, 31.0, 12.0, 10.0, 12.0, 9.0, 18.0, 30.0, 13.0, 7.0, 19.0, 8.0, 9.0, 37.0, 10.0, 40.0, 48.0, 17.0, 12.0, 15.0, 26.0, 9.0, 12.0, 22.0, 22.0, 26.0, 27.0, 14.0]"
phi=1.00,O-M15,9,24.35,25.45,False,8,"[24.4, 4.0, 17.0, 26.0, 21.0, 4.0, 19.0, 18.0, 21.0, 31.0, 36.0, 27.0, 12.0, 14.0, 34.0, 27.0, 17.0, 27.0, 7.0, 16.0, 23.0, 28.0, 31.0, 30.0, 27.0, 40.0, 25.0, 26.0, 33.0, 29.0, 31.0, 271.0, 244.0, 218.0, 176.0, 108.0, 72.0, 93.0, 56.0, 40.0, 33.0, 39.0, 45.0, 47.0, 27.0, 22.0, 15.0, 22.0, 36.0, 26.0, 24.0, 13.0, 13.0, 19.0, 21.0, 22.0, 19.0, 6.0, 17.0, 16.0, 45.0, 25.0, 40.0, 42.0, 31.0, 22.0, 2.0, 10.0, 7.0, 14.0, 19.0, 19.0, 9.0, 34.0, 16.0, 8.0, 11.0, 17.0, 16.0, 18.0, 31.0, 8.0, 20.0, 33.0, 19.0, 7.0, 7.0, 10.0, 21.0, 34.0, 21.0, 20.0, 19.0, 13.0, 22.0, 21.0, 17.0, 13.0, 30.0, 30.0, 9.0, 10.0, 20.0, 30.0, 19.0, 13.0, 13.0, 21.0, 34.0, 28.0, 25.0, 12.0, 18.0, 15.0, 9.0, 22.0, 13.0, 4.0, 18.0, 13.0, 19.0, 13.0, 24.0, 34.0, 68.0, 33.0, 32.0, 29.0, 22.0, 4.0, 22.0, 24.0, 29.0, 42.0, 41.0, 33.0, 31.0, 21.0, 6.0, 9.0, 23.0, 20.0, 19.0, 26.0, 28.0, 16.0, 12.0, 17.0, 39.0, 15.0, 13.0, 13.0, 19.0, 8.0, 30.0, 32.0, 17.0, 13.0, 15.0, 21.0, 22.0, 38.0, 9.0, 18.0, 13.0, 25.0, 14.0, 35.0, 6.0, 11.0, 7.0, 24.0, 33.0, 32.0, 41.0, 49.0, 23.0, 16.0, 7.0, 28.0, 36.0, 33.0, 42.0, 46.0, 30.0, 22.0, 29.0, 30.0, 27.0, 23.0, 20.0, 53.0, 36.0, 39.0, 62.0, 42.0, 42.0, 23.0, 30.0, 34.0, 14.0, 25.0, 15.0, 7.0, 19.0, 18.0, 9.0, 10.0, 26.0, 22.0, 29.0, 16.0, 26.0, 16.0, 27.0, 11.0, 15.0, 26.0, 18.0, 15.0, 17.0, 31.0, 42.0, 17.0, 14.0, 13.0, 12.0, 16.0, 16.0, 21.0, 27.0]"
phi=1.00,O-M15,10,24.35,33.7,False,5,"[24.4, 40.0, 29.0, 8.0, 4.0, 8.0, 36.0, 37.0, 49.0, 38.0, 25.0, 57.0, 72.0, 62.0, 37.0, 27.0, 31.0, 49.0, 31.0, 28.0, 36.0, 31.0, 32.0, 24.0, 33.0, 29.0, 30.0, 15.0, 16.0, 9.0, 19.0, 259.0, 189.0, 130.0, 119.0, 78.0, 73.0, 45.0, 39.0, 37.0, 31.0, 16.0, 18.0, 24.0, 20.0, 7.0, 12.0, 41.0, 25.0, 15.0, 22.0, 10.0, 16.0, 17.0, 12.0, 25.0, 30.0, 29.0, 40.0, 56.0, 41.0, 56.0, 27.0, 13.0, 43.0, 24.0, 30.0, 39.0, 50.0, 28.0, 19.0, 14.0, 25.0, 22.0, 18.0, 10.0, 16.0, 12.0, 10.0, 20.0, 19.0, 19.0, 13.0, 11.0, 17.0, 28.0, 22.0, 20.0, 35.0, 13.0, 53.0, 27.0, 17.0, 16.0, 47.0, 38.0, 31.0, 23.0, 8.0, 10.0, 17.0, 25.0, 10.0, 13.0, 21.0, 15.0, 20.0, 29.0, 22.0, 21.0, 52.0, 42.0, 39.0, 22.0, 24.0, 47.0, 25.0, 23.0, 27.0, 23.0, 45.0, 16.0, 15.0, 14.0, 6.0, 6.0, 7.0, 34.0, 21.0, 10.0, 27.0, 14.0, 21.0, 22.0, 18.0, 18.0, 31.0, 27.0, 21.0, 18.0, 16.0, 28.0, 19.0, 13.0, 14.0, 16.0, 10.0, 15.0, 21.0, 18.0, 8.0, 4.0, 19.0, 11.0, 19.0, 39.0, 43.0, 13.0, 35.0, 33.0, 22.0, 26.0, 24.0, 11.0, 11.0, 17.0, 8.0, 9.0, 7.0, 10.0, 7.0, 27.0, 12.0, 19.0, 26.0, 7.0, 8.0, 19.0, 3.0, 3.0, 10.0, 11.0, 24.0, 16.0, 7.0, 6.0, 12.0, 24.0, 31.0, 49.0, 35.0, 31.0, 17.0, 17.0, 19.0, 14.0, 14.0, 22.0, 15.0, 8.0, 17.0, 10.0, 17.0, 9.0, 15.0, 13.0, 18.0, 32.0, 36.0, 19.0, 22.0, 25.0, 23.0, 24.0, 14.0, 21.0, 19.0, 25.0, 26.0, 21.0, 24.0, 26.0, 25.0, 33.0, 20.0, 20.0, 30.0, 32.0, 25.0, 36.0, 42.0]"
phi=1.00,O-M15,11,24.35,18.85,False,5,"[24.4, 22.0, 21.0, 24.0, 22.0, 17.0, 34.0, 32.0, 27.0, 39.0, 16.0, 21.0, 18.0, 7.0, 17.0, 17.0, 28.0, 8.0, 6.0, 26.0, 19.0, 28.0, 18.0, 13.0, 28.0, 25.0, 14.0, 22.0, 29.0, 17.0, 2.0, 242.0, 201.0, 162.0, 93.0, 73.0, 84.0, 48.0, 31.0, 29.0, 18.0, 7.0, 20.0, 13.0, 17.0, 48.0, 28.0, 12.0, 12.0, 43.0, 33.0, 40.0, 24.0, 16.0, 21.0, 49.0, 24.0, 17.0, 61.0, 28.0, 55.0, 46.0, 26.0, 27.0, 32.0, 7.0, 9.0, 14.0, 19.0, 23.0, 21.0, 29.0, 50.0, 42.0, 23.0, 35.0, 29.0, 30.0, 32.0, 13.0, 22.0, 18.0, 43.0, 15.0, 14.0, 30.0, 17.0, 36.0, 40.0, 26.0, 15.0, 27.0, 23.0, 38.0, 9.0, 11.0, 4.0, 9.0, 18.0, 14.0, 22.0, 8.0, 4.0, 11.0, 22.0, 8.0, 39.0, 25.0, 11.0, 10.0, 29.0, 52.0, 79.0, 58.0, 45.0, 61.0, 35.0, 44.0, 23.0, 24.0, 15.0, 20.0, 11.0, 13.0, 21.0, 11.0, 13.0, 26.0, 24.0, 12.0, 22.0, 7.0, 31.0, 20.0, 27.0, 10.0, 15.0, 22.0, 10.0, 5.0, 16.0, 9.0, 16.0, 20.0, 21.0, 35.0, 24.0, 21.0, 30.0, 33.0, 34.0, 18.0, 19.0, 11.0, 13.0, 40.0, 45.0, 33.0, 35.0, 27.0, 34.0, 29.0, 31.0, 33.0, 37.0, 29.0, 63.0, 57.0, 31.0, 42.0, 18.0, 23.0, 20.0, 12.0, 27.0, 51.0, 39.0, 66.0, 51.0, 34.0, 10.0, 16.0, 24.0, 29.0, 14.0, 34.0, 33.0, 19.0, 35.0, 65.0, 52.0, 41.0, 31.0, 16.0, 17.0, 24.0, 21.0, 29.0, 24.0, 14.0, 16.0, 18.0, 26.0, 26.0, 22.0, 14.0, 12.0, 11.0, 19.0, 40.0, 29.0, 10.0, 3.0, 15.0, 22.0, 21.0, 8.0, 17.0, 13.0, 28.0, 32.0, 36.0, 43.0, 32.0, 50.0, 52.0, 26.0, 41.0, 30.0, 10.0, 16.0]"
phi=1.00,O-M15,12,24.35,17.05,False,4,"[24.4, 19.0, 16.0, 15.0, 15.0, 21.0, 21.0, 25.0, 34.0, 23.0, 7.0, 11.0, 12.0, 24.0, 7.0, 2.0, 9.0, 9.0, 14.0, 29.0, 15.0, 7.0, 16.0, 27.0, 19.0, 29.0, 21.0, 19.0, 32.0, 32.0, 18.0, 258.0, 166.0, 115.0, 81.0, 47.0, 41.0, 22.0, 24.0, 6.0, 23.0, 30.0, 45.0, 44.0, 68.0, 51.0, 36.0, 24.0, 20.0, 8.0, 16.0, 15.0, 30.0, 23.0, 15.0, 10.0, 12.0, 18.0, 24.0, 28.0, 20.0, 10.0, 23.0, 8.0, 22.0, 15.0, 43.0, 29.0, 22.0, 24.0, 21.0, 7.0, 12.0, 11.0, 22.0, 31.0, 9.0, 13.0, 34.0, 17.0, 25.0, 20.0, 19.0, 34.0, 23.0, 30.0, 10.0, 21.0, 17.0, 16.0, 15.0, 8.0, 12.0, 25.0, 30.0, 33.0, 23.0, 34.0, 21.0, 19.0, 45.0, 29.0, 22.0, 35.0, 24.0, 29.0, 9.0, 8.0, 17.0, 32.0, 26.0, 28.0, 23.0, 14.0, 14.0, 4.0, 20.0, 16.0, 16.0, 14.0, 28.0, 32.0, 23.0, 32.0, 16.0, 29.0, 28.0, 30.0, 17.0, 13.0, 33.0, 20.0, 16.0, 12.0, 23.0, 16.0, 12.0, 8.0, 21.0, 27.0, 22.0, 24.0, 20.0, 39.0, 59.0, 28.0, 28.0, 42.0, 35.0, 32.0, 11.0, 13.0, 25.0, 11.0, 27.0, 18.0, 13.0, 7.0, 21.0, 29.0, 32.0, 35.0, 31.0, 11.0, 19.0, 16.0, 15.0, 7.0, 20.0, 32.0, 13.0, 13.0, 27.0, 34.0, 24.0, 22.0, 42.0, 32.0, 14.0, 35.0, 13.0, 16.0, 13.0, 12.0, 18.0, 6.0, 28.0, 6.0, 32.0, 22.0, 11.0, 17.0, 7.0, 18.0, 31.0, 24.0, 7.0, 14.0, 22.0, 10.0, 22.0, 13.0, 23.0, 17.0, 37.0, 23.0, 32.0, 28.0, 40.0, 19.0, 17.0, 13.0, 11.0, 20.0, 21.0, 7.0, 9.0, 16.0, 5.0, 21.0, 15.0, 28.0, 49.0, 20.0, 22.0, 31.0, 19.0, 21.0, 13.0, 14.0, 25.0]"
phi=1.00,O-M15,13,24.35,23.8,False,6,"[24.4, 39.0, 17.0, 13.0, 22.0, 13.0, 23.0, 20.0, 21.0, 19.0, 34.0, 48.0, 20.0, 12.0, 16.0, 34.0, 16.0, 25.0, 22.0, 19.0, 13.0, 18.0, 21.0, 33.0, 26.0, 25.0, 30.0, 37.0, 17.0, 10.0, 26.0, 266.0, 235.0, 238.0, 184.0, 139.0, 73.0, 94.0, 27.0, 18.0, 15.0, 43.0, 28.0, 45.0, 16.0, 27.0, 21.0, 26.0, 28.0, 23.0, 13.0, 31.0, 24.0, 22.0, 29.0, 38.0, 27.0, 42.0, 19.0, 30.0, 26.0, 42.0, 36.0, 39.0, 35.0, 28.0, 39.0, 40.0, 29.0, 25.0, 45.0, 51.0, 28.0, 6.0, 34.0, 41.0, 84.0, 48.0, 29.0, 69.0, 35.0, 5.0, 15.0, 13.0, 13.0, 16.0, 1.0, 9.0, 14.0, 25.0, 19.0, 12.0, 20.0, 29.0, 41.0, 14.0, 17.0, 8.0, 29.0, 30.0, 21.0, 17.0, 19.0, 33.0, 25.0, 36.0, 33.0, 38.0, 37.0, 9.0, 18.0, 25.0, 23.0, 10.0, 15.0, 15.0, 14.0, 24.0, 24.0, 40.0, 48.0, 61.0, 17.0, 18.0, 8.0, 3.0, 14.0, 14.0, 28.0, 20.0, 16.0, 32.0, 36.0, 42.0, 18.0, 30.0, 43.0, 43.0, 23.0, 24.0, 18.0, 33.0, 21.0, 28.0, 20.0, 18.0, 40.0, 33.0, 24.0, 23.0, 17.0, 11.0, 28.0, 42.0, 32.0, 19.0, 26.0, 30.0, 32.0, 56.0, 46.0, 22.0, 19.0, 9.0, 29.0, 15.0, 15.0, 26.0, 9.0, 10.0, 4.0, 9.0, 13.0, 12.0, 16.0, 28.0, 20.0, 23.0, 21.0, 47.0, 45.0, 55.0, 46.0, 16.0, 15.0, 33.0, 16.0, 13.0, 8.0, 2.0, 27.0, 28.0, 17.0, 26.0, 15.0, 7.0, 24.0, 25.0, 23.0, 36.0, 13.0, 4.0, 9.0, 18.0, 25.0, 14.0, 22.0, 9.0, 6.0, 7.0, 8.0, 24.0, 20.0, 18.0, 17.0, 6.0, 21.0, 22.0, 45.0, 39.0, 23.0, 21.0, 22.0, 10.0, 10.0, 29.0, 57.0, 40.0, 38.0, 32.0, 22.0]"
phi=1.00,O-M15,14,24.35,19.3,False,4,"[24.4, 22.0, 24.0, 13.0, 22.0, 25.0, 25.0, 27.0, 11.0, 19.0, 18.0, 13.0, 19.0, 11.0, 19.0, 22.0, 18.0, 23.0, 11.0, 22.0, 20.0, 26.0, 20.0, 22.0, 24.0, 20.0, 17.0, 26.0, 9.0, 26.0, 20.0, 260.0, 190.0, 182.0, 146.0, 65.0, 25.0, 14.0, 6.0, 6.0, 21.0, 37.0, 30.0, 12.0, 28.0, 12.0, 35.0, 24.0, 41.0, 33.0, 58.0, 31.0, 24.0, 25.0, 14.0, 8.0, 18.0, 23.0, 23.0, 23.0, 9.0, 48.0, 39.0, 19.0, 21.0, 28.0, 30.0, 30.0, 16.0, 18.0, 4.0, 20.0, 18.0, 25.0, 10.0, 11.0, 20.0, 7.0, 17.0, 41.0, 33.0, 11.0, 18.0, 35.0, 27.0, 22.0, 12.0, 30.0, 26.0, 14.0, 4.0, 24.0, 18.0, 18.0, 35.0, 45.0, 14.0, 18.0, 23.0, 30.0, 38.0, 36.0, 35.0, 39.0, 22.0, 22.0, 31.0, 16.0, 27.0, 26.0, 35.0, 32.0, 25.0, 14.0, 16.0, 14.0, 20.0, 12.0, 27.0, 24.0, 52.0, 48.0, 35.0, 17.0, 18.0, 17.0, 20.0, 20.0, 34.0, 29.0, 33.0, 51.0, 43.0, 26.0, 24.0, 21.0, 38.0, 11.0, 14.0, 18.0, 28.0, 18.0, 20.0, 21.0, 23.0, 28.0, 34.0, 11.0, 7.0, 13.0, 22.0, 27.0, 25.0, 33.0, 25.0, 31.0, 36.0, 22.0, 51.0, 42.0, 21.0, 25.0, 20.0, 19.0, 22.0, 21.0, 24.0, 6.0, 5.0, 19.0, 17.0, 16.0, 24.0, 10.0, 16.0, 12.0, 14.0, 22.0, 31.0, 20.0, 39.0, 29.0, 16.0, 35.0, 18.0, 25.0, 27.0, 21.0, 23.0, 27.0, 16.0, 10.0, 7.0, 8.0, 17.0, 24.0, 19.0, 10.0, 22.0, 27.0, 14.0, 31.0, 58.0, 48.0, 21.0, 23.0, 29.0, 34.0, 25.0, 25.0, 20.0, 32.0, 35.0, 28.0, 18.0, 14.0, 27.0, 41.0, 36.0, 23.0, 25.0, 18.0, 25.0, 18.0, 20.0, 30.0, 41.0, 56.0, 13.0, 11.0, 31.0]"
phi=1.00,O-M15,15,24.35,22.6,False,7,"[24.4, 11.0, 8.0, 19.0, 15.0, 29.0, 18.0, 7.0, 13.0, 16.0, 14.0, 5.0, 11.0, 37.0, 34.0, 19.0, 22.0, 15.0, 11.0, 6.0, 12.0, 39.0, 31.0, 16.0, 33.0, 30.0, 35.0, 34.0, 40.0, 8.0, 7.0, 247.0, 197.0, 226.0, 166.0, 125.0, 106.0, 68.0, 41.0, 50.0, 30.0, 26.0, 40.0, 30.0, 8.0, 22.0, 28.0, 21.0, 28.0, 23.0, 15.0, 11.0, 25.0, 30.0, 47.0, 44.0, 21.0, 25.0, 23.0, 17.0, 37.0, 32.0, 31.0, 57.0, 56.0, 66.0, 63.0, 30.0, 27.0, 13.0, 18.0, 22.0, 26.0, 25.0, 33.0, 54.0, 21.0, 16.0, 22.0, 26.0, 17.0, 14.0, 9.0, 26.0, 32.0, 43.0, 21.0, 30.0, 35.0, 25.0, 35.0, 42.0, 30.0, 22.0, 11.0, 21.0, 16.0, 36.0, 22.0, 9.0, 6.0, 14.0, 8.0, 14.0, 42.0, 64.0, 20.0, 26.0, 31.0, 32.0, 18.0, 18.0, 18.0, 19.0, 11.0, 14.0, 51.0, 44.0, 26.0, 41.0, 18.0, 42.0, 30.0, 46.0, 48.0, 31.0, 26.0, 25.0, 32.0, 15.0, 14.0, 17.0, 9.0, 25.0, 19.0, 33.0, 14.0, 5.0, 17.0, 31.0, 51.0, 38.0, 42.0, 18.0, 15.0, 7.0, 4.0, 9.0, 9.0, 33.0, 30.0, 33.0, 33.0, 31.0, 17.0, 50.0, 79.0, 41.0, 38.0, 13.0, 16.0, 7.0, 5.0, 15.0, 35.0, 32.0, 10.0, 9.0, 9.0, 20.0, 29.0, 21.0, 6.0, 4.0, 17.0, 27.0, 21.0, 22.0, 15.0, 16.0, 12.0, 33.0, 23.0, 34.0, 51.0, 48.0, 78.0, 39.0, 39.0, 37.0, 40.0, 20.0, 35.0, 26.0, 13.0, 20.0, 21.0, 21.0, 46.0, 37.0, 40.0, 47.0, 32.0, 11.0, 16.0, 27.0, 24.0, 23.0, 6.0, 18.0, 17.0, 37.0, 63.0, 46.0, 33.0, 15.0, 29.0, 17.0, 9.0, 12.0, 27.0, 26.0, 26.0, 22.0, 13.0, 21.0, 60.0, 35.0, 6.0, 29.0, 10.0]"
phi=1.00,O-M15,16,24.35,15.0,False,7,"[24.4, 12.0, 22.0, 33.0, 24.0, 19.0, 6.0, 15.0, 25.0, 21.0, 16.0, 34.0, 30.0, 14.0, 15.0, 20.0, 3.0, 0.0, 11.0, 11.0, 28.0, 12.0, 13.0, 19.0, 15.0, 14.0, 6.0, 10.0, 12.0, 17.0, 8.0, 248.0, 193.0, 151.0, 102.0, 91.0, 76.0, 53.0, 40.0, 18.0, 24.0, 32.0, 52.0, 42.0, 46.0, 33.0, 27.0, 21.0, 24.0, 22.0, 17.0, 14.0, 10.0, 17.0, 23.0, 46.0, 30.0, 22.0, 8.0, 14.0, 21.0, 14.0, 0.0, 15.0, 38.0, 30.0, 11.0, 17.0, 34.0, 20.0, 25.0, 42.0, 29.0, 27.0, 19.0, 16.0, 39.0, 31.0, 26.0, 19.0, 18.0, 13.0, 27.0, 56.0, 17.0, 21.0, 17.0, 41.0, 27.0, 11.0, 16.0, 28.0, 23.0, 8.0, 13.0, 19.0, 24.0, 15.0, 23.0, 36.0, 21.0, 9.0, 16.0, 18.0, 24.0, 31.0, 14.0, 24.0, 25.0, 16.0, 16.0, 41.0, 42.0, 44.0, 9.0, 15.0, 18.0, 24.0, 15.0, 22.0, 26.0, 14.0, 41.0, 45.0, 48.0, 35.0, 6.0, 6.0, 10.0, 28.0, 32.0, 10.0, 9.0, 13.0, 23.0, 4.0, 17.0, 8.0, 27.0, 18.0, 10.0, 15.0, 32.0, 24.0, 19.0, 13.0, 21.0, 34.0, 31.0, 17.0, 14.0, 8.0, 6.0, 23.0, 15.0, 35.0, 45.0, 51.0, 33.0, 30.0, 8.0, 25.0, 44.0, 43.0, 29.0, 11.0, 20.0, 12.0, 15.0, 18.0, 25.0, 32.0, 62.0, 42.0, 33.0, 22.0, 32.0, 17.0, 16.0, 16.0, 17.0, 10.0, 6.0, 13.0, 24.0, 20.0, 53.0, 33.0, 32.0, 16.0, 24.0, 30.0, 56.0, 26.0, 33.0, 41.0, 17.0, 39.0, 28.0, 30.0, 30.0, 23.0, 19.0, 38.0, 26.0, 16.0, 17.0, 14.0, 25.0, 15.0, 20.0, 17.0, 23.0, 33.0, 24.0, 44.0, 42.0, 39.0, 33.0, 21.0, 24.0, 13.0, 13.0, 28.0, 23.0, 33.0, 22.0, 40.0, 51.0, 35.0, 32.0]"
phi=1.00,O-M15,17,24.35,28.65,False,4,"[24.4, 29.0, 35.0, 26.0, 30.0, 44.0, 53.0, 26.0, 51.0, 39.0, 25.0, 22.0, 16.0, 36.0, 34.0, 27.0, 42.0, 49.0, 43.0, 11.0, 35.0, 34.0, 19.0, 25.0, 27.0, 20.0, 23.0, 29.0, 35.0, 21.0, 24.0, 264.0, 238.0, 222.0, 104.0, 54.0, 49.0, 47.0, 37.0, 18.0, 25.0, 31.0, 30.0, 34.0, 27.0, 13.0, 12.0, 15.0, 22.0, 20.0, 12.0, 10.0, 9.0, 15.0, 8.0, 4.0, 11.0, 12.0, 14.0, 26.0, 38.0, 32.0, 26.0, 34.0, 38.0, 20.0, 14.0, 3.0, 14.0, 24.0, 27.0, 29.0, 28.0, 38.0, 30.0, 29.0, 14.0, 8.0, 29.0, 18.0, 18.0, 41.0, 14.0, 29.0, 16.0, 20.0, 12.0, 35.0, 28.0, 27.0, 13.0, 30.0, 19.0, 8.0, 23.0, 29.0, 42.0, 49.0, 34.0, 20.0, 36.0, 39.0, 34.0, 24.0, 41.0, 30.0, 19.0, 14.0, 14.0, 13.0, 26.0, 36.0, 43.0, 13.0, 5.0, 11.0, 34.0, 44.0, 73.0, 33.0, 25.0, 40.0, 23.0, 18.0, 16.0, 25.0, 21.0, 24.0, 25.0, 19.0, 26.0, 8.0, 7.0, 10.0, 18.0, 24.0, 33.0, 35.0, 20.0, 12.0, 23.0, 18.0, 17.0, 14.0, 20.0, 22.0, 35.0, 24.0, 20.0, 21.0, 40.0, 14.0, 11.0, 45.0, 19.0, 19.0, 19.0, 19.0, 27.0, 11.0, 21.0, 34.0, 11.0, 27.0, 40.0, 32.0, 33.0, 25.0, 17.0, 11.0, 16.0, 20.0, 29.0, 24.0, 36.0, 32.0, 64.0, 18.0, 17.0, 35.0, 43.0, 33.0, 47.0, 34.0, 35.0, 40.0, 32.0, 18.0, 11.0, 33.0, 13.0, 26.0, 31.0, 28.0, 31.0, 33.0, 31.0, 14.0, 14.0, 33.0, 54.0, 30.0, 38.0, 46.0, 32.0, 24.0, 23.0, 14.0, 25.0, 17.0, 14.0, 37.0, 18.0, 22.0, 7.0, 26.0, 11.0, 16.0, 31.0, 26.0, 16.0, 14.0, 17.0, 12.0, 12.0, 21.0, 20.0, 29.0, 23.0, 16.0, 23.0]"
phi=1.00,O-M15,18,24.35,21.3,False,6,"[24.4, 40.0, 33.0, 18.0, 22.0, 11.0, 23.0, 6.0, 11.0, 20.0, 23.0, 23.0, 19.0, 25.0, 10.0, 20.0, 14.0, 25.0, 36.0, 25.0, 39.0, 24.0, 6.0, 25.0, 27.0, 22.0, 10.0, 14.0, 20.0, 19.0, 27.0, 267.0, 236.0, 190.0, 151.0, 121.0, 98.0, 47.0, 31.0, 10.0, 21.0, 26.0, 11.0, 10.0, 17.0, 45.0, 23.0, 22.0, 38.0, 41.0, 34.0, 32.0, 12.0, 12.0, 18.0, 47.0, 35.0, 40.0, 30.0, 40.0, 38.0, 11.0, 10.0, 22.0, 33.0, 37.0, 9.0, 14.0, 19.0, 26.0, 20.0, 19.0, 22.0, 20.0, 45.0, 24.0, 20.0, 20.0, 31.0, 24.0, 8.0, 23.0, 23.0, 29.0, 39.0, 33.0, 28.0, 7.0, 10.0, 20.0, 6.0, 39.0, 20.0, 26.0, 30.0, 19.0, 20.0, 8.0, 14.0, 25.0, 26.0, 7.0, 5.0, 3.0, 11.0, 15.0, 15.0, 10.0, 37.0, 27.0, 14.0, 8.0, 37.0, 20.0, 6.0, 8.0, 21.0, 14.0, 30.0, 23.0, 28.0, 24.0, 31.0, 29.0, 29.0, 22.0, 30.0, 39.0, 36.0, 47.0, 37.0, 32.0, 27.0, 19.0, 16.0, 39.0, 56.0, 69.0, 46.0, 33.0, 30.0, 18.0, 20.0, 12.0, 9.0, 18.0, 14.0, 21.0, 9.0, 5.0, 15.0, 4.0, 10.0, 15.0, 21.0, 16.0, 33.0, 19.0, 14.0, 20.0, 8.0, 14.0, 26.0, 16.0, 31.0, 53.0, 55.0, 40.0, 35.0, 39.0, 22.0, 24.0, 43.0, 20.0, 10.0, 20.0, 14.0, 24.0, 21.0, 27.0, 31.0, 44.0, 36.0, 26.0, 16.0, 16.0, 24.0, 11.0, 13.0, 24.0, 32.0, 36.0, 22.0, 6.0, 5.0, 12.0, 19.0, 29.0, 22.0, 21.0, 9.0, 26.0, 37.0, 45.0, 22.0, 14.0, 13.0, 27.0, 9.0, 11.0, 30.0, 4.0, 25.0, 15.0, 39.0, 32.0, 26.0, 33.0, 58.0, 51.0, 48.0, 67.0, 67.0, 46.0, 49.0, 23.0, 30.0, 12.0, 21.0, 18.0, 11.0]"
phi=1.00,O-M15,19,24.35,19.85,False,5,"[24.4, 16.0, 9.0, 28.0, 21.0, 19.0, 31.0, 46.0, 63.0, 44.0, 36.0, 36.0, 20.0, 6.0, 18.0, 20.0, 32.0, 30.0, 28.0, 22.0, 8.0, 9.0, 18.0, 12.0, 15.0, 17.0, 27.0, 21.0, 10.0, 12.0, 14.0, 254.0, 241.0, 191.0, 154.0, 91.0, 57.0, 32.0, 11.0, 15.0, 18.0, 12.0, 27.0, 47.0, 24.0, 27.0, 26.0, 30.0, 30.0, 31.0, 10.0, 27.0, 18.0, 15.0, 7.0, 49.0, 21.0, 17.0, 15.0, 6.0, 24.0, 20.0, 16.0, 11.0, 22.0, 35.0, 16.0, 9.0, 45.0, 40.0, 41.0, 19.0, 32.0, 19.0, 28.0, 54.0, 36.0, 23.0, 7.0, 10.0, 17.0, 16.0, 22.0, 26.0, 20.0, 21.0, 13.0, 28.0, 10.0, 7.0, 10.0, 14.0, 4.0, 16.0, 28.0, 38.0, 27.0, 38.0, 16.0, 45.0, 49.0, 40.0, 12.0, 11.0, 26.0, 30.0, 25.0, 34.0, 24.0, 30.0, 35.0, 43.0, 51.0, 43.0, 11.0, 31.0, 22.0, 11.0, 22.0, 33.0, 57.0, 35.0, 14.0, 18.0, 9.0, 11.0, 9.0, 5.0, 13.0, 9.0, 3.0, 17.0, 30.0, 25.0, 37.0, 29.0, 42.0, 29.0, 19.0, 15.0, 27.0, 42.0, 46.0, 44.0, 32.0, 28.0, 29.0, 43.0, 23.0, 33.0, 22.0, 18.0, 24.0, 43.0, 17.0, 24.0, 33.0, 43.0, 35.0, 19.0, 52.0, 60.0, 55.0, 66.0, 42.0, 26.0, 7.0, 16.0, 19.0, 5.0, 15.0, 29.0, 15.0, 15.0, 16.0, 18.0, 19.0, 12.0, 44.0, 34.0, 21.0, 3.0, 19.0, 10.0, 7.0, 12.0, 16.0, 12.0, 7.0, 46.0, 36.0, 44.0, 42.0, 39.0, 30.0, 20.0, 25.0, 22.0, 24.0, 23.0, 18.0, 26.0, 37.0, 34.0, 14.0, 24.0, 22.0, 35.0, 26.0, 17.0, 33.0, 30.0, 41.0, 40.0, 33.0, 46.0, 18.0, 34.0, 7.0, 22.0, 31.0, 34.0, 37.0, 40.0, 27.0, 13.0, 15.0, 28.0, 9.0, 20.0, 51.0]"
phi=1.00,C0-M15,0,25.07,24.35,False,5,"[25.1, 2.0, 26.0, 17.0, 40.0, 29.0, 45.0, 27.0, 16.0, 6.0, 33.0, 17.0, 15.0, 21.0, 26.0, 30.0, 32.0, 57.0, 44.0, 27.0, 15.0, 23.0, 31.0, 21.0, 26.0, 11.0, 4.0, 13.0, 22.0, 19.0, 15.0, 255.0, 227.0, 195.0, 139.0, 87.0, 42.0, 35.0, 17.0, 23.0, 41.0, 34.0, 24.0, 39.0, 32.0, 35.0, 47.0, 34.0, 15.0, 14.0, 19.0, 37.0, 31.0, 25.0, 8.0, 8.0, 15.0, 11.0, 27.0, 27.0, 39.0, 11.0, 19.0, 21.0, 26.0, 52.0, 32.0, 27.0, 29.0, 24.0, 54.0, 26.0, 33.0, 30.0, 16.0, 9.0, 14.0, 18.0, 40.0, 36.0, 26.0, 19.0, 6.0, 6.0, 22.0, 18.0, 10.0, 50.0, 35.0, 11.0, 27.0, 30.0, 50.0, 33.0, 51.0, 66.0, 34.0, 55.0, 56.0, 36.0, 46.0, 46.0, 25.0, 19.0, 22.0, 23.0, 7.0, 15.0, 16.0, 39.0, 36.0, 30.0, 46.0, 25.0, 37.0, 68.0, 42.0, 47.0, 42.0, 22.0, 22.0, 23.0, 16.0, 14.0, 30.0, 33.0, 43.0, 16.0, 20.0, 28.0, 38.0, 29.0, 22.0, 39.0, 19.0, 10.0, 16.0, 15.0, 15.0, 28.0, 12.0, 27.0, 18.0, 21.0, 20.0, 22.0, 17.0, 6.0, 21.0, 7.0, 39.0, 18.0, 22.0, 69.0, 75.0, 28.0, 42.0, 20.0, 24.0, 14.0, 9.0, 11.0, 11.0, 13.0, 13.0, 12.0, 6.0, 14.0, 15.0, 32.0, 32.0, 33.0, 25.0, 32.0, 49.0, 53.0, 56.0, 15.0, 29.0, 13.0, 14.0, 10.0, 29.0, 19.0, 24.0, 30.0, 25.0, 24.0, 16.0, 18.0, 16.0, 9.0, 32.0, 29.0, 35.0, 30.0, 17.0, 10.0, 23.0, 10.0, 17.0, 19.0, 18.0, 17.0, 11.0, 18.0, 25.0, 16.0, 28.0, 24.0, 27.0, 30.0, 21.0, 31.0, 27.0, 31.0, 67.0, 67.0, 35.0, 44.0, 21.0, 13.0, 11.0, 27.0, 29.0, 11.0, 18.0, 14.0, 21.0, 30.0, 24.0]"
phi=1.00,C0-M15,1,25.07,20.6,False,10,"[25.1, 19.0, 5.0, 19.0, 14.0, 46.0, 38.0, 32.0, 34.0, 23.0, 26.0, 8.0, 26.0, 38.0, 31.0, 15.0, 10.0, 41.0, 20.0, 30.0, 13.0, 29.0, 12.0, 16.0, 29.0, 15.0, 11.0, 10.0, 7.0, 25.0, 33.0, 273.0, 212.0, 215.0, 167.0, 142.0, 97.0, 98.0, 75.0, 53.0, 59.0, 36.0, 65.0, 40.0, 39.0, 45.0, 21.0, 30.0, 8.0, 23.0, 32.0, 33.0, 29.0, 11.0, 4.0, 22.0, 17.0, 16.0, 19.0, 38.0, 32.0, 33.0, 46.0, 29.0, 15.0, 16.0, 36.0, 23.0, 27.0, 14.0, 17.0, 19.0, 28.0, 56.0, 45.0, 33.0, 15.0, 31.0, 21.0, 6.0, 15.0, 14.0, 10.0, 13.0, 16.0, 61.0, 34.0, 24.0, 34.0, 44.0, 25.0, 15.0, 21.0, 19.0, 22.0, 28.0, 32.0, 27.0, 22.0, 12.0, 21.0, 32.0, 25.0, 28.0, 37.0, 20.0, 13.0, 24.0, 40.0, 48.0, 25.0, 18.0, 18.0, 31.0, 6.0, 7.0, 10.0, 25.0, 36.0, 34.0, 31.0, 19.0, 24.0, 25.0, 21.0, 25.0, 21.0, 33.0, 46.0, 23.0, 15.0, 16.0, 9.0, 21.0, 23.0, 21.0, 45.0, 38.0, 30.0, 28.0, 32.0, 35.0, 19.0, 13.0, 37.0, 33.0, 20.0, 9.0, 23.0, 27.0, 27.0, 22.0, 31.0, 26.0, 17.0, 16.0, 22.0, 27.0, 22.0, 21.0, 25.0, 12.0, 25.0, 22.0, 16.0, 25.0, 33.0, 40.0, 37.0, 14.0, 21.0, 19.0, 31.0, 48.0, 19.0, 29.0, 22.0, 6.0, 18.0, 7.0, 28.0, 10.0, 13.0, 22.0, 30.0, 76.0, 27.0, 50.0, 30.0, 50.0, 21.0, 11.0, 9.0, 14.0, 22.0, 20.0, 10.0, 23.0, 20.0, 11.0, 30.0, 41.0, 19.0, 14.0, 14.0, 29.0, 22.0, 27.0, 22.0, 46.0, 83.0, 41.0, 15.0, 12.0, 19.0, 27.0, 28.0, 19.0, 18.0, 13.0, 16.0, 44.0, 42.0, 48.0, 52.0, 50.0, 29.0, 45.0, 61.0, 22.0, 22.0]"
phi=1.00,C0-M15,2,25.07,19.65,False,5,"[25.1, 27.0, 18.0, 22.0, 19.0, 21.0, 21.0, 15.0, 22.0, 24.0, 10.0, 18.0, 23.0, 18.0, 17.0, 15.0, 28.0, 15.0, 37.0, 13.0, 12.0, 16.0, 8.0, 20.0, 27.0, 34.0, 20.0, 29.0, 10.0, 23.0, 21.0, 261.0, 234.0, 180.0, 157.0, 79.0, 43.0, 13.0, 42.0, 24.0, 15.0, 8.0, 8.0, 3.0, 14.0, 12.0, 20.0, 27.0, 27.0, 47.0, 22.0, 35.0, 26.0, 43.0, 61.0, 66.0, 71.0, 43.0, 59.0, 25.0, 39.0, 20.0, 26.0, 18.0, 29.0, 6.0, 4.0, 5.0, 29.0, 16.0, 29.0, 12.0, 32.0, 60.0, 50.0, 47.0, 42.0, 18.0, 16.0, 32.0, 36.0, 35.0, 35.0, 25.0, 42.0, 31.0, 25.0, 56.0, 22.0, 34.0, 27.0, 35.0, 30.0, 35.0, 22.0, 17.0, 32.0, 34.0, 23.0, 22.0, 17.0, 24.0, 39.0, 46.0, 12.0, 19.0, 19.0, 32.0, 28.0, 26.0, 41.0, 43.0, 17.0, 16.0, 13.0, 9.0, 8.0, 4.0, 25.0, 14.0, 21.0, 26.0, 29.0, 40.0, 25.0, 5.0, 17.0, 18.0, 29.0, 38.0, 38.0, 37.0, 17.0, 6.0, 33.0, 20.0, 8.0, 5.0, 22.0, 42.0, 19.0, 21.0, 18.0, 42.0, 40.0, 25.0, 30.0, 48.0, 28.0, 10.0, 6.0, 17.0, 14.0, 19.0, 16.0, 8.0, 33.0, 18.0, 15.0, 15.0, 23.0, 23.0, 24.0, 29.0, 16.0, 18.0, 31.0, 25.0, 24.0, 21.0, 28.0, 25.0, 10.0, 19.0, 16.0, 11.0, 14.0, 31.0, 24.0, 32.0, 32.0, 35.0, 40.0, 19.0, 27.0, 30.0, 71.0, 42.0, 24.0, 19.0, 18.0, 17.0, 22.0, 16.0, 43.0, 63.0, 48.0, 22.0, 17.0, 14.0, 18.0, 11.0, 38.0, 37.0, 17.0, 14.0, 10.0, 17.0, 25.0, 39.0, 36.0, 17.0, 37.0, 33.0, 31.0, 34.0, 34.0, 36.0, 21.0, 22.0, 15.0, 3.0, 23.0, 20.0, 7.0, 19.0, 14.0, 25.0, 27.0, 17.0, 12.0]"
phi=1.00,C0-M15,3,25.07,30.9,False,3,"[25.1, 14.0, 23.0, 12.0, 10.0, 30.0, 34.0, 37.0, 46.0, 30.0, 38.0, 17.0, 22.0, 38.0, 38.0, 41.0, 12.0, 14.0, 18.0, 30.0, 73.0, 44.0, 51.0, 58.0, 23.0, 14.0, 29.0, 19.0, 16.0, 23.0, 35.0, 275.0, 190.0, 97.0, 72.0, 40.0, 29.0, 17.0, 18.0, 32.0, 19.0, 24.0, 17.0, 12.0, 20.0, 47.0, 36.0, 42.0, 37.0, 29.0, 19.0, 22.0, 16.0, 31.0, 48.0, 38.0, 23.0, 34.0, 11.0, 14.0, 23.0, 34.0, 28.0, 33.0, 41.0, 16.0, 5.0, 33.0, 32.0, 23.0, 13.0, 10.0, 32.0, 14.0, 17.0, 41.0, 43.0, 28.0, 19.0, 34.0, 30.0, 14.0, 29.0, 31.0, 22.0, 18.0, 32.0, 45.0, 33.0, 17.0, 27.0, 30.0, 31.0, 40.0, 41.0, 28.0, 44.0, 52.0, 32.0, 26.0, 33.0, 31.0, 49.0, 21.0, 8.0, 23.0, 19.0, 12.0, 9.0, 24.0, 32.0, 10.0, 8.0, 2.0, 13.0, 17.0, 5.0, 7.0, 16.0, 15.0, 20.0, 10.0, 7.0, 14.0, 28.0, 17.0, 45.0, 82.0, 67.0, 57.0, 27.0, 37.0, 7.0, 17.0, 5.0, 8.0, 29.0, 19.0, 12.0, 5.0, 11.0, 19.0, 16.0, 22.0, 33.0, 45.0, 40.0, 50.0, 50.0, 34.0, 35.0, 31.0, 31.0, 30.0, 27.0, 29.0, 22.0, 12.0, 5.0, 15.0, 2.0, 11.0, 16.0, 38.0, 25.0, 34.0, 19.0, 62.0, 34.0, 18.0, 14.0, 23.0, 31.0, 31.0, 30.0, 44.0, 18.0, 17.0, 27.0, 29.0, 21.0, 15.0, 63.0, 24.0, 19.0, 7.0, 22.0, 33.0, 32.0, 26.0, 24.0, 19.0, 25.0, 38.0, 39.0, 16.0, 11.0, 6.0, 22.0, 59.0, 67.0, 40.0, 22.0, 36.0, 56.0, 61.0, 26.0, 23.0, 23.0, 28.0, 38.0, 28.0, 25.0, 22.0, 12.0, 10.0, 43.0, 32.0, 42.0, 39.0, 38.0, 41.0, 41.0, 53.0, 24.0, 31.0, 32.0, 13.0, 12.0, 13.0, 13.0]"
phi=1.00,C0-M15,4,25.07,17.8,False,4,"[25.1, 11.0, 33.0, 23.0, 10.0, 13.0, 17.0, 28.0, 3.0, 12.0, 21.0, 17.0, 21.0, 7.0, 17.0, 24.0, 11.0, 21.0, 15.0, 14.0, 24.0, 36.0, 38.0, 25.0, 25.0, 9.0, 12.0, 12.0, 2.0, 5.0, 9.0, 249.0, 228.0, 120.0, 63.0, 66.0, 25.0, 8.0, 25.0, 15.0, 30.0, 13.0, 35.0, 19.0, 28.0, 35.0, 37.0, 28.0, 6.0, 21.0, 9.0, 22.0, 17.0, 18.0, 32.0, 22.0, 13.0, 35.0, 27.0, 15.0, 15.0, 4.0, 9.0, 15.0, 15.0, 29.0, 26.0, 29.0, 23.0, 28.0, 12.0, 20.0, 27.0, 54.0, 23.0, 17.0, 20.0, 22.0, 12.0, 15.0, 12.0, 11.0, 13.0, 23.0, 18.0, 19.0, 30.0, 13.0, 16.0, 15.0, 9.0, 14.0, 18.0, 32.0, 35.0, 37.0, 26.0, 20.0, 19.0, 39.0, 24.0, 32.0, 28.0, 14.0, 19.0, 22.0, 26.0, 14.0, 11.0, 13.0, 36.0, 52.0, 59.0, 25.0, 22.0, 22.0, 27.0, 31.0, 41.0, 12.0, 19.0, 27.0, 28.0, 53.0, 28.0, 18.0, 24.0, 10.0, 8.0, 7.0, 22.0, 29.0, 31.0, 24.0, 17.0, 14.0, 15.0, 42.0, 43.0, 34.0, 28.0, 57.0, 56.0, 35.0, 30.0, 36.0, 19.0, 29.0, 27.0, 22.0, 28.0, 16.0, 19.0, 17.0, 4.0, 5.0, 13.0, 7.0, 9.0, 44.0, 23.0, 10.0, 24.0, 29.0, 13.0, 11.0, 13.0, 36.0, 21.0, 8.0, 25.0, 18.0, 17.0, 14.0, 16.0, 34.0, 27.0, 8.0, 20.0, 31.0, 32.0, 19.0, 38.0, 15.0, 26.0, 38.0, 32.0, 69.0, 42.0, 28.0, 29.0, 22.0, 15.0, 26.0, 4.0, 19.0, 24.0, 9.0, 26.0, 18.0, 17.0, 42.0, 48.0, 60.0, 70.0, 57.0, 22.0, 10.0, 11.0, 21.0, 23.0, 17.0, 4.0, 10.0, 32.0, 11.0, 19.0, 39.0, 24.0, 16.0, 14.0, 19.0, 18.0, 30.0, 7.0, 22.0, 17.0, 24.0, 6.0, 9.0, 13.0]"
phi=1.00,C0-M15,5,25.07,26.25,False,10,"[25.1, 6.0, 14.0, 12.0, 14.0, 31.0, 7.0, 2.0, 17.0, 13.0, 7.0, 26.0, 19.0, 24.0, 39.0, 22.0, 13.0, 30.0, 23.0, 32.0, 35.0, 13.0, 16.0, 29.0, 19.0, 23.0, 30.0, 32.0, 41.0, 52.0, 49.0, 289.0, 270.0, 145.0, 87.0, 49.0, 71.0, 39.0, 49.0, 60.0, 48.0, 54.0, 57.0, 73.0, 48.0, 15.0, 29.0, 11.0, 42.0, 24.0, 20.0, 23.0, 15.0, 36.0, 18.0, 36.0, 15.0, 15.0, 27.0, 13.0, 7.0, 46.0, 50.0, 24.0, 28.0, 18.0, 4.0, 33.0, 14.0, 40.0, 34.0, 33.0, 26.0, 11.0, 9.0, 16.0, 17.0, 26.0, 31.0, 57.0, 39.0, 34.0, 31.0, 59.0, 63.0, 57.0, 76.0, 94.0, 54.0, 76.0, 55.0, 37.0, 27.0, 23.0, 6.0, 7.0, 44.0, 25.0, 10.0, 21.0, 37.0, 52.0, 59.0, 70.0, 40.0, 15.0, 7.0, 25.0, 14.0, 14.0, 16.0, 22.0, 22.0, 31.0, 25.0, 24.0, 27.0, 26.0, 25.0, 33.0, 31.0, 18.0, 24.0, 5.0, 27.0, 17.0, 15.0, 29.0, 12.0, 21.0, 27.0, 16.0, 15.0, 13.0, 11.0, 13.0, 8.0, 21.0, 16.0, 21.0, 9.0, 11.0, 11.0, 20.0, 26.0, 16.0, 25.0, 30.0, 8.0, 18.0, 27.0, 31.0, 21.0, 21.0, 21.0, 10.0, 9.0, 19.0, 14.0, 17.0, 18.0, 10.0, 13.0, 7.0, 22.0, 26.0, 17.0, 22.0, 17.0, 39.0, 15.0, 37.0, 37.0, 44.0, 36.0, 37.0, 51.0, 61.0, 61.0, 50.0, 46.0, 53.0, 51.0, 43.0, 19.0, 14.0, 24.0, 42.0, 49.0, 28.0, 20.0, 11.0, 19.0, 25.0, 32.0, 14.0, 11.0, 19.0, 24.0, 17.0, 24.0, 4.0, 8.0, 17.0, 18.0, 11.0, 12.0, 25.0, 21.0, 12.0, 24.0, 17.0, 32.0, 34.0, 18.0, 10.0, 44.0, 36.0, 23.0, 14.0, 18.0, 23.0, 19.0, 17.0, 27.0, 48.0, 25.0, 18.0, 32.0, 32.0, 72.0]"
phi=1.00,C0-M15,6,25.07,20.1,False,5,"[25.1, 37.0, 30.0, 29.0, 24.0, 38.0, 17.0, 16.0, 20.0, 19.0, 12.0, 15.0, 17.0, 20.0, 11.0, 17.0, 12.0, 13.0, 74.0, 42.0, 28.0, 26.0, 14.0, 25.0, 26.0, 18.0, 8.0, 5.0, 15.0, 4.0, 16.0, 256.0, 207.0, 133.0, 102.0, 68.0, 37.0, 37.0, 32.0, 27.0, 8.0, 19.0, 17.0, 20.0, 17.0, 40.0, 26.0, 25.0, 33.0, 27.0, 23.0, 24.0, 19.0, 25.0, 27.0, 32.0, 25.0, 43.0, 53.0, 59.0, 42.0, 26.0, 13.0, 29.0, 21.0, 35.0, 33.0, 15.0, 11.0, 9.0, 31.0, 15.0, 12.0, 16.0, 25.0, 24.0, 5.0, 10.0, 14.0, 12.0, 16.0, 13.0, 14.0, 30.0, 16.0, 18.0, 15.0, 12.0, 22.0, 23.0, 18.0, 21.0, 16.0, 12.0, 22.0, 30.0, 20.0, 18.0, 17.0, 11.0, 14.0, 38.0, 64.0, 26.0, 24.0, 16.0, 22.0, 26.0, 18.0, 17.0, 15.0, 18.0, 11.0, 19.0, 23.0, 9.0, 6.0, 18.0, 17.0, 35.0, 21.0, 15.0, 22.0, 21.0, 30.0, 30.0, 11.0, 8.0, 14.0, 19.0, 21.0, 27.0, 26.0, 38.0, 50.0, 28.0, 23.0, 22.0, 40.0, 33.0, 23.0, 13.0, 17.0, 24.0, 18.0, 13.0, 9.0, 25.0, 19.0, 20.0, 34.0, 34.0, 29.0, 32.0, 27.0, 56.0, 64.0, 31.0, 23.0, 23.0, 23.0, 8.0, 25.0, 20.0, 46.0, 23.0, 15.0, 27.0, 17.0, 14.0, 31.0, 46.0, 57.0, 41.0, 38.0, 78.0, 71.0, 57.0, 34.0, 14.0, 17.0, 27.0, 16.0, 24.0, 29.0, 23.0, 17.0, 27.0, 34.0, 21.0, 26.0, 17.0, 43.0, 46.0, 35.0, 36.0, 32.0, 25.0, 15.0, 29.0, 30.0, 31.0, 30.0, 30.0, 16.0, 17.0, 20.0, 11.0, 14.0, 16.0, 16.0, 21.0, 31.0, 34.0, 46.0, 33.0, 13.0, 7.0, 33.0, 34.0, 11.0, 30.0, 52.0, 42.0, 36.0, 49.0, 38.0, 14.0, 3.0, 11.0, 5.0]"
phi=1.00,C0-M15,7,25.07,32.95,False,4,"[25.1, 25.0, 46.0, 21.0, 10.0, 18.0, 16.0, 11.0, 16.0, 16.0, 9.0, 31.0, 34.0, 63.0, 61.0, 45.0, 50.0, 32.0, 43.0, 48.0, 43.0, 39.0, 20.0, 13.0, 18.0, 9.0, 25.0, 30.0, 14.0, 32.0, 24.0, 264.0, 208.0, 173.0, 129.0, 90.0, 61.0, 36.0, 31.0, 28.0, 18.0, 18.0, 8.0, 15.0, 29.0, 67.0, 85.0, 59.0, 34.0, 53.0, 55.0, 46.0, 27.0, 29.0, 11.0, 10.0, 13.0, 19.0, 19.0, 13.0, 10.0, 1.0, 20.0, 14.0, 16.0, 18.0, 17.0, 40.0, 21.0, 17.0, 42.0, 40.0, 37.0, 20.0, 25.0, 41.0, 34.0, 13.0, 29.0, 51.0, 21.0, 27.0, 23.0, 9.0, 14.0, 8.0, 18.0, 13.0, 8.0, 13.0, 21.0, 16.0, 17.0, 6.0, 6.0, 11.0, 30.0, 45.0, 26.0, 27.0, 30.0, 22.0, 22.0, 22.0, 11.0, 15.0, 21.0, 34.0, 30.0, 37.0, 45.0, 26.0, 19.0, 20.0, 10.0, 24.0, 26.0, 30.0, 14.0, 14.0, 31.0, 18.0, 14.0, 17.0, 35.0, 26.0, 25.0, 40.0, 43.0, 38.0, 31.0, 34.0, 52.0, 54.0, 38.0, 20.0, 25.0, 22.0, 14.0, 21.0, 27.0, 16.0, 28.0, 14.0, 11.0, 16.0, 15.0, 7.0, 7.0, 25.0, 15.0, 15.0, 23.0, 17.0, 12.0, 14.0, 32.0, 22.0, 26.0, 22.0, 19.0, 21.0, 11.0, 15.0, 17.0, 16.0, 17.0, 19.0, 29.0, 31.0, 17.0, 17.0, 15.0, 21.0, 25.0, 31.0, 31.0, 27.0, 24.0, 14.0, 17.0, 19.0, 22.0, 22.0, 19.0, 31.0, 23.0, 32.0, 25.0, 25.0, 37.0, 41.0, 41.0, 43.0, 35.0, 21.0, 21.0, 12.0, 13.0, 12.0, 20.0, 19.0, 14.0, 11.0, 31.0, 16.0, 16.0, 30.0, 15.0, 8.0, 8.0, 11.0, 15.0, 5.0, 10.0, 25.0, 29.0, 27.0, 24.0, 11.0, 21.0, 15.0, 19.0, 42.0, 18.0, 9.0, 22.0, 20.0, 19.0, 30.0, 43.0]"
phi=1.00,C0-M15,8,25.07,29.25,False,6,"[25.1, 16.0, 8.0, 17.0, 42.0, 35.0, 11.0, 19.0, 10.0, 19.0, 5.0, 5.0, 10.0, 29.0, 12.0, 13.0, 30.0, 44.0, 50.0, 33.0, 46.0, 37.0, 21.0, 34.0, 44.0, 44.0, 37.0, 30.0, 18.0, 43.0, 32.0, 272.0, 231.0, 204.0, 180.0, 161.0, 103.0, 82.0, 40.0, 19.0, 36.0, 21.0, 25.0, 13.0, 36.0, 52.0, 16.0, 15.0, 27.0, 22.0, 14.0, 17.0, 6.0, 31.0, 39.0, 14.0, 6.0, 15.0, 25.0, 14.0, 28.0, 17.0, 27.0, 15.0, 27.0, 16.0, 10.0, 20.0, 31.0, 22.0, 22.0, 25.0, 13.0, 31.0, 33.0, 22.0, 28.0, 30.0, 23.0, 9.0, 28.0, 42.0, 43.0, 28.0, 27.0, 18.0, 12.0, 29.0, 25.0, 29.0, 27.0, 38.0, 26.0, 35.0, 28.0, 18.0, 20.0, 35.0, 27.0, 22.0, 23.0, 22.0, 53.0, 72.0, 48.0, 30.0, 18.0, 37.0, 18.0, 21.0, 35.0, 17.0, 13.0, 14.0, 20.0, 21.0, 43.0, 47.0, 33.0, 37.0, 39.0, 44.0, 20.0, 10.0, 15.0, 21.0, 11.0, 9.0, 28.0, 30.0, 22.0, 18.0, 19.0, 34.0, 32.0, 18.0, 15.0, 17.0, 20.0, 17.0, 29.0, 13.0, 14.0, 20.0, 25.0, 34.0, 32.0, 35.0, 29.0, 44.0, 30.0, 30.0, 18.0, 25.0, 50.0, 24.0, 13.0, 23.0, 34.0, 30.0, 14.0, 14.0, 42.0, 56.0, 13.0, 7.0, 27.0, 18.0, 10.0, 4.0, 11.0, 11.0, 17.0, 4.0, 29.0, 55.0, 44.0, 46.0, 27.0, 4.0, 7.0, 24.0, 11.0, 9.0, 9.0, 13.0, 13.0, 28.0, 12.0, 7.0, 21.0, 31.0, 17.0, 16.0, 20.0, 1.0, 6.0, 13.0, 20.0, 15.0, 12.0, 14.0, 18.0, 19.0, 30.0, 11.0, 10.0, 12.0, 9.0, 20.0, 32.0, 12.0, 6.0, 20.0, 10.0, 8.0, 29.0, 9.0, 37.0, 44.0, 15.0, 12.0, 14.0, 29.0, 14.0, 15.0, 24.0, 30.0, 25.0, 30.0, 15.0]"
phi=1.00,C0-M15,9,25.07,23.95,False,8,"[25.1, 4.0, 17.0, 23.0, 21.0, 4.0, 18.0, 19.0, 18.0, 25.0, 30.0, 24.0, 17.0, 14.0, 33.0, 21.0, 17.0, 27.0, 7.0, 16.0, 22.0, 26.0, 29.0, 27.0, 29.0, 38.0, 23.0, 23.0, 28.0, 28.0, 28.0, 268.0, 254.0, 237.0, 181.0, 113.0, 82.0, 102.0, 62.0, 41.0, 36.0, 41.0, 45.0, 44.0, 29.0, 27.0, 14.0, 21.0, 38.0, 24.0, 21.0, 13.0, 14.0, 20.0, 21.0, 24.0, 18.0, 5.0, 16.0, 15.0, 47.0, 26.0, 41.0, 46.0, 40.0, 20.0, 3.0, 10.0, 7.0, 14.0, 20.0, 18.0, 8.0, 29.0, 14.0, 7.0, 11.0, 18.0, 15.0, 14.0, 30.0, 10.0, 22.0, 31.0, 18.0, 6.0, 10.0, 10.0, 21.0, 32.0, 21.0, 20.0, 18.0, 15.0, 23.0, 22.0, 17.0, 13.0, 27.0, 32.0, 10.0, 10.0, 27.0, 30.0, 21.0, 13.0, 13.0, 21.0, 35.0, 30.0, 30.0, 14.0, 22.0, 19.0, 12.0, 23.0, 13.0, 4.0, 18.0, 13.0, 19.0, 14.0, 22.0, 33.0, 71.0, 36.0, 32.0, 29.0, 24.0, 7.0, 26.0, 27.0, 32.0, 42.0, 49.0, 39.0, 28.0, 21.0, 6.0, 9.0, 23.0, 21.0, 16.0, 26.0, 31.0, 23.0, 10.0, 20.0, 40.0, 14.0, 11.0, 9.0, 17.0, 8.0, 30.0, 35.0, 17.0, 13.0, 15.0, 23.0, 22.0, 41.0, 7.0, 19.0, 12.0, 28.0, 16.0, 32.0, 7.0, 12.0, 6.0, 22.0, 34.0, 37.0, 47.0, 40.0, 15.0, 14.0, 8.0, 28.0, 33.0, 36.0, 43.0, 46.0, 29.0, 26.0, 32.0, 31.0, 27.0, 22.0, 19.0, 50.0, 36.0, 36.0, 55.0, 38.0, 42.0, 23.0, 29.0, 31.0, 16.0, 23.0, 16.0, 8.0, 19.0, 18.0, 9.0, 10.0, 26.0, 29.0, 22.0, 14.0, 28.0, 19.0, 25.0, 12.0, 16.0, 25.0, 18.0, 17.0, 18.0, 29.0, 44.0, 16.0, 14.0, 12.0, 11.0, 18.0, 16.0, 21.0, 27.0]"
phi=1.00,C0-M15,10,25.07,34.8,False,5,"[25.1, 41.0, 34.0, 7.0, 4.0, 12.0, 38.0, 47.0, 64.0, 49.0, 27.0, 55.0, 75.0, 72.0, 38.0, 26.0, 29.0, 49.0, 32.0, 29.0, 34.0, 27.0, 34.0, 30.0, 35.0, 24.0, 28.0, 18.0, 22.0, 12.0, 15.0, 255.0, 206.0, 165.0, 151.0, 97.0, 91.0, 56.0, 48.0, 41.0, 39.0, 22.0, 19.0, 23.0, 15.0, 6.0, 10.0, 37.0, 22.0, 16.0, 22.0, 10.0, 17.0, 20.0, 10.0, 27.0, 29.0, 30.0, 42.0, 55.0, 37.0, 57.0, 31.0, 13.0, 36.0, 20.0, 25.0, 37.0, 54.0, 29.0, 19.0, 13.0, 29.0, 24.0, 20.0, 13.0, 17.0, 11.0, 13.0, 20.0, 17.0, 17.0, 11.0, 12.0, 19.0, 32.0, 25.0, 20.0, 33.0, 18.0, 57.0, 32.0, 25.0, 23.0, 55.0, 34.0, 27.0, 23.0, 8.0, 10.0, 17.0, 27.0, 11.0, 15.0, 25.0, 22.0, 30.0, 43.0, 36.0, 24.0, 64.0, 57.0, 44.0, 29.0, 26.0, 40.0, 26.0, 24.0, 27.0, 24.0, 49.0, 21.0, 20.0, 15.0, 6.0, 7.0, 7.0, 34.0, 26.0, 10.0, 27.0, 14.0, 20.0, 19.0, 16.0, 23.0, 27.0, 24.0, 19.0, 16.0, 13.0, 29.0, 20.0, 14.0, 14.0, 18.0, 13.0, 9.0, 19.0, 20.0, 12.0, 5.0, 18.0, 14.0, 23.0, 46.0, 50.0, 18.0, 41.0, 33.0, 24.0, 31.0, 27.0, 12.0, 14.0, 22.0, 8.0, 8.0, 7.0, 10.0, 8.0, 30.0, 14.0, 20.0, 26.0, 7.0, 8.0, 19.0, 3.0, 3.0, 11.0, 16.0, 26.0, 14.0, 7.0, 6.0, 12.0, 23.0, 27.0, 48.0, 36.0, 29.0, 17.0, 18.0, 22.0, 16.0, 17.0, 27.0, 16.0, 11.0, 18.0, 10.0, 14.0, 8.0, 15.0, 13.0, 21.0, 32.0, 37.0, 20.0, 22.0, 27.0, 22.0, 23.0, 14.0, 20.0, 17.0, 26.0, 29.0, 21.0, 23.0, 27.0, 25.0, 34.0, 20.0, 22.0, 32.0, 36.0, 31.0, 32.0, 40.0]"
phi=1.00,C0-M15,11,25.07,19.65,False,6,"[25.1, 22.0, 21.0, 25.0, 24.0, 16.0, 31.0, 30.0, 33.0, 45.0, 20.0, 19.0, 15.0, 8.0, 21.0, 21.0, 23.0, 8.0, 7.0, 28.0, 20.0, 27.0, 19.0, 15.0, 31.0, 32.0, 12.0, 20.0, 29.0, 18.0, 2.0, 242.0, 212.0, 169.0, 101.0, 88.0, 100.0, 48.0, 32.0, 31.0, 17.0, 7.0, 23.0, 16.0, 23.0, 47.0, 29.0, 13.0, 10.0, 45.0, 36.0, 43.0, 26.0, 19.0, 22.0, 55.0, 28.0, 22.0, 61.0, 29.0, 51.0, 45.0, 27.0, 29.0, 31.0, 7.0, 9.0, 14.0, 19.0, 27.0, 20.0, 32.0, 47.0, 44.0, 26.0, 34.0, 34.0, 36.0, 36.0, 20.0, 25.0, 22.0, 49.0, 22.0, 17.0, 31.0, 16.0, 33.0, 39.0, 26.0, 15.0, 26.0, 21.0, 36.0, 11.0, 14.0, 6.0, 11.0, 18.0, 14.0, 22.0, 8.0, 6.0, 8.0, 20.0, 12.0, 34.0, 26.0, 13.0, 10.0, 29.0, 53.0, 82.0, 65.0, 58.0, 71.0, 44.0, 46.0, 23.0, 27.0, 15.0, 23.0, 10.0, 17.0, 28.0, 13.0, 17.0, 29.0, 24.0, 12.0, 23.0, 8.0, 31.0, 23.0, 31.0, 12.0, 18.0, 25.0, 10.0, 5.0, 16.0, 8.0, 18.0, 22.0, 20.0, 35.0, 22.0, 24.0, 35.0, 34.0, 28.0, 19.0, 19.0, 12.0, 13.0, 42.0, 46.0, 37.0, 34.0, 23.0, 27.0, 36.0, 35.0, 41.0, 34.0, 23.0, 61.0, 60.0, 32.0, 41.0, 14.0, 24.0, 21.0, 13.0, 30.0, 52.0, 40.0, 62.0, 59.0, 54.0, 13.0, 20.0, 31.0, 41.0, 23.0, 35.0, 29.0, 17.0, 35.0, 65.0, 52.0, 40.0, 27.0, 19.0, 12.0, 23.0, 20.0, 25.0, 29.0, 17.0, 17.0, 20.0, 26.0, 24.0, 22.0, 15.0, 10.0, 10.0, 23.0, 35.0, 23.0, 9.0, 2.0, 16.0, 22.0, 22.0, 8.0, 17.0, 15.0, 27.0, 30.0, 33.0, 47.0, 43.0, 72.0, 67.0, 30.0, 44.0, 37.0, 12.0, 14.0]"
phi=1.00,C0-M15,12,25.07,16.9,False,5,"[25.1, 18.0, 15.0, 14.0, 17.0, 25.0, 27.0, 30.0, 36.0, 30.0, 11.0, 13.0, 15.0, 24.0, 7.0, 2.0, 9.0, 9.0, 14.0, 27.0, 13.0, 6.0, 15.0, 25.0, 16.0, 24.0, 18.0, 19.0, 31.0, 40.0, 21.0, 261.0, 168.0, 126.0, 101.0, 64.0, 44.0, 25.0, 26.0, 7.0, 22.0, 32.0, 46.0, 44.0, 70.0, 52.0, 35.0, 24.0, 22.0, 8.0, 13.0, 12.0, 33.0, 24.0, 17.0, 10.0, 10.0, 16.0, 26.0, 26.0, 18.0, 10.0, 25.0, 10.0, 25.0, 16.0, 47.0, 28.0, 20.0, 24.0, 24.0, 8.0, 13.0, 12.0, 23.0, 31.0, 9.0, 13.0, 35.0, 18.0, 25.0, 24.0, 26.0, 31.0, 25.0, 30.0, 10.0, 16.0, 18.0, 13.0, 11.0, 7.0, 13.0, 25.0, 34.0, 36.0, 28.0, 36.0, 18.0, 15.0, 37.0, 25.0, 19.0, 30.0, 27.0, 28.0, 14.0, 11.0, 18.0, 35.0, 27.0, 33.0, 19.0, 17.0, 16.0, 3.0, 25.0, 19.0, 17.0, 15.0, 35.0, 52.0, 30.0, 32.0, 16.0, 31.0, 38.0, 32.0, 19.0, 11.0, 31.0, 16.0, 13.0, 16.0, 27.0, 18.0, 13.0, 8.0, 24.0, 26.0, 21.0, 27.0, 21.0, 45.0, 56.0, 26.0, 29.0, 40.0, 38.0, 33.0, 13.0, 17.0, 25.0, 11.0, 27.0, 18.0, 13.0, 6.0, 20.0, 28.0, 31.0, 33.0, 30.0, 12.0, 21.0, 14.0, 14.0, 7.0, 20.0, 32.0, 14.0, 13.0, 27.0, 33.0, 24.0, 24.0, 45.0, 35.0, 17.0, 34.0, 16.0, 14.0, 9.0, 15.0, 17.0, 5.0, 31.0, 8.0, 33.0, 22.0, 11.0, 17.0, 7.0, 18.0, 33.0, 29.0, 8.0, 19.0, 27.0, 8.0, 24.0, 15.0, 25.0, 18.0, 35.0, 18.0, 32.0, 32.0, 45.0, 21.0, 17.0, 13.0, 10.0, 20.0, 22.0, 10.0, 9.0, 16.0, 5.0, 22.0, 15.0, 30.0, 51.0, 21.0, 23.0, 35.0, 18.0, 21.0, 13.0, 16.0, 25.0]"
phi=1.00,C0-M15,13,25.07,25.3,False,6,"[25.1, 40.0, 20.0, 9.0, 20.0, 13.0, 24.0, 23.0, 20.0, 18.0, 34.0, 50.0, 23.0, 14.0, 20.0, 42.0, 18.0, 26.0, 25.0, 24.0, 11.0, 19.0, 19.0, 31.0, 28.0, 28.0, 39.0, 30.0, 13.0, 12.0, 26.0, 266.0, 237.0, 226.0, 183.0, 134.0, 60.0, 78.0, 26.0, 15.0, 20.0, 49.0, 36.0, 54.0, 20.0, 31.0, 23.0, 29.0, 30.0, 22.0, 13.0, 31.0, 28.0, 19.0, 29.0, 40.0, 31.0, 43.0, 17.0, 30.0, 29.0, 46.0, 36.0, 39.0, 36.0, 35.0, 47.0, 42.0, 30.0, 28.0, 44.0, 50.0, 33.0, 10.0, 42.0, 51.0, 93.0, 59.0, 25.0, 61.0, 30.0, 11.0, 23.0, 18.0, 14.0, 16.0, 1.0, 9.0, 14.0, 27.0, 15.0, 10.0, 24.0, 28.0, 43.0, 13.0, 21.0, 9.0, 30.0, 37.0, 24.0, 21.0, 21.0, 33.0, 24.0, 35.0, 34.0, 39.0, 39.0, 10.0, 16.0, 23.0, 24.0, 8.0, 16.0, 18.0, 18.0, 23.0, 22.0, 38.0, 39.0, 52.0, 22.0, 19.0, 10.0, 4.0, 15.0, 14.0, 30.0, 24.0, 21.0, 31.0, 33.0, 37.0, 13.0, 37.0, 50.0, 45.0, 22.0, 23.0, 18.0, 31.0, 23.0, 26.0, 21.0, 22.0, 43.0, 29.0, 23.0, 24.0, 16.0, 11.0, 31.0, 37.0, 37.0, 26.0, 39.0, 42.0, 32.0, 49.0, 50.0, 27.0, 27.0, 13.0, 29.0, 15.0, 15.0, 27.0, 10.0, 10.0, 4.0, 11.0, 12.0, 13.0, 15.0, 29.0, 19.0, 24.0, 22.0, 46.0, 45.0, 56.0, 45.0, 17.0, 15.0, 33.0, 17.0, 12.0, 6.0, 3.0, 30.0, 35.0, 16.0, 26.0, 15.0, 7.0, 26.0, 27.0, 22.0, 35.0, 12.0, 4.0, 9.0, 18.0, 26.0, 16.0, 21.0, 7.0, 7.0, 10.0, 7.0, 24.0, 19.0, 14.0, 20.0, 7.0, 24.0, 26.0, 44.0, 43.0, 29.0, 27.0, 27.0, 11.0, 10.0, 33.0, 61.0, 42.0, 28.0, 31.0, 29.0]"
phi=1.00,C0-M15,14,25.07,18.8,False,4,"[25.1, 23.0, 25.0, 15.0, 29.0, 27.0, 32.0, 31.0, 15.0, 20.0, 19.0, 15.0, 20.0, 10.0, 15.0, 23.0, 21.0, 19.0, 11.0, 24.0, 15.0, 25.0, 17.0, 20.0, 22.0, 22.0, 17.0, 26.0, 8.0, 27.0, 17.0, 257.0, 168.0, 163.0, 119.0, 58.0, 24.0, 17.0, 6.0, 6.0, 22.0, 40.0, 34.0, 12.0, 30.0, 13.0, 33.0, 28.0, 37.0, 31.0, 59.0, 31.0, 25.0, 25.0, 15.0, 9.0, 19.0, 22.0, 25.0, 25.0, 13.0, 54.0, 46.0, 23.0, 20.0, 26.0, 36.0, 34.0, 18.0, 16.0, 4.0, 16.0, 17.0, 28.0, 11.0, 13.0, 20.0, 7.0, 18.0, 45.0, 45.0, 10.0, 17.0, 34.0, 24.0, 20.0, 10.0, 34.0, 27.0, 12.0, 4.0, 25.0, 20.0, 20.0, 36.0, 51.0, 19.0, 21.0, 23.0, 30.0, 32.0, 32.0, 31.0, 40.0, 20.0, 28.0, 41.0, 26.0, 32.0, 27.0, 38.0, 39.0, 28.0, 14.0, 15.0, 14.0, 20.0, 13.0, 24.0, 27.0, 60.0, 47.0, 29.0, 15.0, 18.0, 22.0, 19.0, 23.0, 36.0, 31.0, 39.0, 53.0, 42.0, 28.0, 31.0, 28.0, 50.0, 30.0, 29.0, 17.0, 26.0, 23.0, 23.0, 25.0, 33.0, 36.0, 40.0, 12.0, 9.0, 15.0, 24.0, 27.0, 27.0, 32.0, 27.0, 38.0, 37.0, 25.0, 58.0, 48.0, 32.0, 32.0, 27.0, 21.0, 23.0, 21.0, 25.0, 6.0, 5.0, 19.0, 16.0, 18.0, 24.0, 10.0, 18.0, 12.0, 13.0, 21.0, 36.0, 23.0, 38.0, 30.0, 14.0, 37.0, 25.0, 25.0, 23.0, 18.0, 17.0, 20.0, 5.0, 12.0, 7.0, 8.0, 16.0, 21.0, 15.0, 10.0, 23.0, 27.0, 16.0, 36.0, 67.0, 50.0, 21.0, 22.0, 29.0, 36.0, 27.0, 25.0, 20.0, 30.0, 33.0, 26.0, 16.0, 13.0, 27.0, 48.0, 37.0, 22.0, 23.0, 19.0, 22.0, 16.0, 19.0, 29.0, 44.0, 54.0, 13.0, 12.0, 33.0]"
phi=1.00,C0-M15,15,25.07,20.4,False,7,"[25.1, 13.0, 10.0, 23.0, 18.0, 28.0, 15.0, 5.0, 12.0, 18.0, 10.0, 5.0, 11.0, 37.0, 31.0, 15.0, 19.0, 15.0, 11.0, 6.0, 12.0, 37.0, 28.0, 16.0, 28.0, 21.0, 29.0, 29.0, 40.0, 8.0, 7.0, 247.0, 181.0, 214.0, 160.0, 129.0, 122.0, 64.0, 40.0, 47.0, 32.0, 21.0, 39.0, 36.0, 12.0, 19.0, 23.0, 23.0, 31.0, 20.0, 15.0, 13.0, 24.0, 29.0, 48.0, 52.0, 29.0, 27.0, 26.0, 16.0, 44.0, 34.0, 28.0, 49.0, 52.0, 46.0, 45.0, 20.0, 20.0, 12.0, 17.0, 20.0, 18.0, 23.0, 30.0, 55.0, 25.0, 16.0, 21.0, 27.0, 17.0, 13.0, 10.0, 28.0, 36.0, 49.0, 35.0, 36.0, 36.0, 31.0, 46.0, 45.0, 34.0, 25.0, 12.0, 23.0, 15.0, 30.0, 22.0, 9.0, 6.0, 14.0, 8.0, 12.0, 38.0, 61.0, 24.0, 28.0, 36.0, 35.0, 29.0, 29.0, 21.0, 25.0, 13.0, 10.0, 45.0, 43.0, 29.0, 50.0, 28.0, 59.0, 54.0, 65.0, 60.0, 37.0, 27.0, 24.0, 35.0, 20.0, 19.0, 16.0, 9.0, 25.0, 19.0, 29.0, 14.0, 5.0, 17.0, 41.0, 63.0, 52.0, 58.0, 26.0, 18.0, 5.0, 4.0, 9.0, 8.0, 32.0, 34.0, 38.0, 37.0, 30.0, 18.0, 53.0, 79.0, 44.0, 30.0, 9.0, 19.0, 6.0, 6.0, 15.0, 34.0, 34.0, 10.0, 9.0, 10.0, 18.0, 35.0, 22.0, 5.0, 3.0, 18.0, 26.0, 17.0, 22.0, 14.0, 15.0, 12.0, 33.0, 19.0, 29.0, 47.0, 49.0, 78.0, 39.0, 44.0, 32.0, 35.0, 13.0, 34.0, 26.0, 14.0, 20.0, 21.0, 24.0, 50.0, 38.0, 42.0, 46.0, 29.0, 10.0, 15.0, 25.0, 25.0, 22.0, 7.0, 18.0, 17.0, 36.0, 59.0, 49.0, 36.0, 18.0, 32.0, 20.0, 9.0, 12.0, 27.0, 28.0, 29.0, 24.0, 18.0, 22.0, 65.0, 43.0, 5.0, 24.0, 8.0]"
phi=1.00,C0-M15,16,25.07,15.35,False,7,"[25.1, 12.0, 22.0, 32.0, 24.0, 18.0, 6.0, 16.0, 26.0, 26.0, 16.0, 33.0, 27.0, 15.0, 15.0, 22.0, 5.0, 0.0, 11.0, 11.0, 29.0, 17.0, 13.0, 19.0, 15.0, 14.0, 6.0, 10.0, 12.0, 17.0, 8.0, 248.0, 197.0, 146.0, 94.0, 95.0, 84.0, 63.0, 43.0, 18.0, 24.0, 34.0, 48.0, 44.0, 50.0, 35.0, 25.0, 24.0, 25.0, 22.0, 18.0, 15.0, 17.0, 19.0, 23.0, 49.0, 37.0, 19.0, 9.0, 13.0, 23.0, 12.0, 2.0, 13.0, 29.0, 22.0, 12.0, 13.0, 34.0, 20.0, 25.0, 42.0, 30.0, 28.0, 23.0, 15.0, 35.0, 28.0, 25.0, 21.0, 24.0, 12.0, 30.0, 57.0, 16.0, 17.0, 16.0, 47.0, 32.0, 14.0, 19.0, 29.0, 24.0, 11.0, 12.0, 21.0, 19.0, 15.0, 24.0, 35.0, 18.0, 9.0, 19.0, 19.0, 23.0, 32.0, 14.0, 20.0, 20.0, 16.0, 15.0, 39.0, 42.0, 42.0, 10.0, 16.0, 18.0, 23.0, 15.0, 22.0, 30.0, 15.0, 43.0, 49.0, 42.0, 34.0, 6.0, 10.0, 12.0, 32.0, 30.0, 12.0, 13.0, 12.0, 24.0, 4.0, 16.0, 8.0, 30.0, 19.0, 9.0, 15.0, 32.0, 25.0, 20.0, 15.0, 22.0, 32.0, 27.0, 18.0, 18.0, 9.0, 10.0, 30.0, 22.0, 36.0, 54.0, 53.0, 35.0, 35.0, 13.0, 25.0, 42.0, 40.0, 32.0, 19.0, 24.0, 15.0, 19.0, 19.0, 25.0, 33.0, 60.0, 39.0, 38.0, 24.0, 33.0, 17.0, 16.0, 17.0, 20.0, 10.0, 6.0, 13.0, 26.0, 23.0, 73.0, 43.0, 39.0, 23.0, 24.0, 33.0, 74.0, 36.0, 41.0, 47.0, 18.0, 37.0, 30.0, 26.0, 29.0, 20.0, 22.0, 42.0, 34.0, 24.0, 21.0, 16.0, 23.0, 12.0, 23.0, 19.0, 24.0, 35.0, 37.0, 49.0, 46.0, 43.0, 32.0, 18.0, 24.0, 13.0, 13.0, 30.0, 23.0, 34.0, 20.0, 38.0, 49.0, 35.0, 31.0]"
phi=1.00,C0-M15,17,25.07,29.0,False,4,"[25.1, 31.0, 32.0, 27.0, 31.0, 47.0, 58.0, 21.0, 48.0, 37.0, 23.0, 22.0, 16.0, 38.0, 29.0, 26.0, 45.0, 62.0, 43.0, 12.0, 37.0, 39.0, 17.0, 26.0, 25.0, 18.0, 24.0, 32.0, 27.0, 19.0, 18.0, 258.0, 244.0, 217.0, 104.0, 49.0, 43.0, 48.0, 39.0, 18.0, 25.0, 32.0, 32.0, 32.0, 26.0, 13.0, 14.0, 15.0, 21.0, 17.0, 11.0, 9.0, 9.0, 16.0, 8.0, 4.0, 11.0, 12.0, 14.0, 26.0, 37.0, 39.0, 37.0, 34.0, 38.0, 21.0, 12.0, 3.0, 15.0, 25.0, 29.0, 32.0, 30.0, 37.0, 30.0, 27.0, 15.0, 8.0, 30.0, 18.0, 18.0, 40.0, 17.0, 31.0, 17.0, 24.0, 13.0, 36.0, 32.0, 27.0, 13.0, 30.0, 19.0, 10.0, 32.0, 26.0, 34.0, 46.0, 38.0, 23.0, 40.0, 41.0, 34.0, 24.0, 39.0, 26.0, 19.0, 14.0, 17.0, 13.0, 22.0, 38.0, 34.0, 10.0, 6.0, 12.0, 34.0, 42.0, 70.0, 34.0, 25.0, 37.0, 24.0, 18.0, 16.0, 25.0, 20.0, 24.0, 27.0, 20.0, 29.0, 9.0, 7.0, 10.0, 18.0, 22.0, 30.0, 37.0, 27.0, 15.0, 25.0, 20.0, 15.0, 13.0, 23.0, 23.0, 37.0, 22.0, 15.0, 26.0, 41.0, 17.0, 13.0, 48.0, 27.0, 22.0, 21.0, 22.0, 27.0, 11.0, 23.0, 32.0, 11.0, 28.0, 44.0, 38.0, 38.0, 28.0, 21.0, 14.0, 14.0, 19.0, 26.0, 31.0, 32.0, 27.0, 68.0, 18.0, 17.0, 35.0, 43.0, 34.0, 44.0, 23.0, 28.0, 42.0, 31.0, 17.0, 16.0, 37.0, 15.0, 25.0, 35.0, 36.0, 33.0, 29.0, 27.0, 10.0, 13.0, 32.0, 56.0, 37.0, 45.0, 44.0, 35.0, 22.0, 24.0, 17.0, 29.0, 21.0, 18.0, 43.0, 25.0, 26.0, 10.0, 23.0, 10.0, 17.0, 38.0, 33.0, 18.0, 12.0, 16.0, 14.0, 15.0, 22.0, 21.0, 25.0, 19.0, 18.0, 23.0]"
phi=1.00,C0-M15,18,25.07,21.8,False,6,"[25.1, 40.0, 28.0, 21.0, 22.0, 11.0, 27.0, 8.0, 13.0, 17.0, 19.0, 23.0, 20.0, 28.0, 9.0, 21.0, 17.0, 29.0, 38.0, 25.0, 39.0, 25.0, 8.0, 22.0, 22.0, 26.0, 13.0, 18.0, 19.0, 15.0, 26.0, 266.0, 261.0, 207.0, 159.0, 129.0, 100.0, 46.0, 27.0, 11.0, 27.0, 30.0, 17.0, 10.0, 17.0, 44.0, 24.0, 20.0, 38.0, 36.0, 29.0, 32.0, 13.0, 11.0, 16.0, 44.0, 35.0, 40.0, 30.0, 42.0, 34.0, 10.0, 9.0, 22.0, 31.0, 40.0, 12.0, 21.0, 23.0, 31.0, 21.0, 21.0, 24.0, 19.0, 45.0, 24.0, 20.0, 21.0, 29.0, 22.0, 12.0, 25.0, 23.0, 29.0, 37.0, 43.0, 35.0, 9.0, 12.0, 20.0, 7.0, 40.0, 22.0, 35.0, 39.0, 23.0, 29.0, 8.0, 14.0, 24.0, 27.0, 6.0, 5.0, 3.0, 11.0, 15.0, 16.0, 14.0, 33.0, 23.0, 19.0, 7.0, 42.0, 20.0, 6.0, 8.0, 21.0, 15.0, 32.0, 27.0, 28.0, 24.0, 32.0, 27.0, 30.0, 27.0, 38.0, 44.0, 46.0, 50.0, 43.0, 30.0, 26.0, 16.0, 19.0, 35.0, 59.0, 76.0, 45.0, 33.0, 33.0, 21.0, 22.0, 13.0, 8.0, 19.0, 19.0, 27.0, 11.0, 9.0, 13.0, 4.0, 10.0, 17.0, 20.0, 18.0, 36.0, 19.0, 15.0, 20.0, 8.0, 14.0, 25.0, 12.0, 28.0, 50.0, 53.0, 48.0, 47.0, 44.0, 15.0, 24.0, 43.0, 20.0, 10.0, 21.0, 20.0, 27.0, 21.0, 25.0, 24.0, 40.0, 39.0, 28.0, 17.0, 16.0, 26.0, 12.0, 10.0, 26.0, 30.0, 37.0, 22.0, 6.0, 6.0, 13.0, 22.0, 28.0, 25.0, 21.0, 9.0, 26.0, 32.0, 47.0, 24.0, 14.0, 16.0, 25.0, 5.0, 10.0, 29.0, 5.0, 24.0, 19.0, 44.0, 34.0, 22.0, 27.0, 67.0, 61.0, 59.0, 72.0, 71.0, 52.0, 53.0, 32.0, 39.0, 18.0, 23.0, 23.0, 15.0]"
phi=1.00,C0-M15,19,25.07,20.15,False,5,"[25.1, 14.0, 9.0, 27.0, 23.0, 17.0, 33.0, 44.0, 47.0, 41.0, 34.0, 36.0, 20.0, 6.0, 18.0, 19.0, 28.0, 31.0, 28.0, 22.0, 9.0, 12.0, 24.0, 14.0, 14.0, 20.0, 27.0, 20.0, 11.0, 10.0, 18.0, 258.0, 249.0, 201.0, 175.0, 94.0, 54.0, 33.0, 11.0, 17.0, 19.0, 12.0, 30.0, 52.0, 31.0, 26.0, 26.0, 30.0, 31.0, 35.0, 8.0, 27.0, 20.0, 17.0, 9.0, 50.0, 17.0, 15.0, 12.0, 8.0, 22.0, 20.0, 17.0, 13.0, 20.0, 33.0, 18.0, 10.0, 46.0, 35.0, 35.0, 18.0, 31.0, 18.0, 23.0, 52.0, 37.0, 22.0, 5.0, 11.0, 14.0, 16.0, 23.0, 26.0, 18.0, 22.0, 13.0, 33.0, 12.0, 10.0, 13.0, 13.0, 4.0, 18.0, 31.0, 41.0, 31.0, 41.0, 22.0, 48.0, 52.0, 43.0, 18.0, 14.0, 18.0, 31.0, 24.0, 34.0, 25.0, 31.0, 33.0, 45.0, 54.0, 48.0, 15.0, 31.0, 25.0, 12.0, 23.0, 32.0, 53.0, 37.0, 16.0, 19.0, 9.0, 11.0, 9.0, 5.0, 14.0, 10.0, 4.0, 21.0, 31.0, 29.0, 39.0, 22.0, 39.0, 23.0, 21.0, 19.0, 29.0, 45.0, 52.0, 46.0, 33.0, 30.0, 27.0, 43.0, 23.0, 34.0, 23.0, 19.0, 23.0, 42.0, 17.0, 23.0, 37.0, 49.0, 37.0, 19.0, 58.0, 67.0, 60.0, 69.0, 38.0, 29.0, 6.0, 12.0, 19.0, 5.0, 15.0, 31.0, 14.0, 15.0, 18.0, 17.0, 17.0, 12.0, 44.0, 36.0, 20.0, 1.0, 22.0, 12.0, 8.0, 15.0, 18.0, 15.0, 8.0, 44.0, 37.0, 46.0, 46.0, 41.0, 39.0, 26.0, 33.0, 34.0, 30.0, 26.0, 20.0, 28.0, 41.0, 37.0, 19.0, 21.0, 22.0, 34.0, 38.0, 22.0, 32.0, 33.0, 39.0, 32.0, 32.0, 43.0, 13.0, 39.0, 10.0, 23.0, 38.0, 34.0, 40.0, 42.0, 32.0, 15.0, 18.0, 29.0, 9.0, 18.0, 52.0]"
phi=0.90,H,0,52.06,51.15,False,19,"[52.1, 25.0, 42.0, 28.0, 63.0, 69.0, 84.0, 77.0, 62.0, 22.0, 52.0, 33.0, 38.0, 37.0, 50.0, 48.0, 59.0, 86.0, 100.0, 85.0, 53.0, 60.0, 67.0, 41.0, 50.0, 27.0, 19.0, 28.0, 48.0, 42.0, 26.0, 266.0, 255.0, 260.0, 211.0, 206.0, 142.0, 120.0, 103.0, 115.0, 107.0, 89.0, 79.0, 78.0, 78.0, 87.0, 107.0, 117.0, 82.0, 81.0, 71.0, 89.0, 94.0, 80.0, 48.0, 33.0, 40.0, 34.0, 54.0, 63.0, 80.0, 47.0, 45.0, 70.0, 61.0, 81.0, 67.0, 46.0, 47.0, 45.0, 69.0, 42.0, 64.0, 55.0, 39.0, 39.0, 46.0, 48.0, 81.0, 56.0, 41.0, 46.0, 24.0, 29.0, 42.0, 42.0, 34.0, 81.0, 66.0, 30.0, 51.0, 51.0, 75.0, 60.0, 99.0, 125.0, 97.0, 126.0, 115.0, 79.0, 97.0, 100.0, 82.0, 45.0, 57.0, 49.0, 31.0, 32.0, 42.0, 87.0, 116.0, 117.0, 122.0, 90.0, 100.0, 122.0, 85.0, 79.0, 98.0, 70.0, 78.0, 62.0, 49.0, 50.0, 69.0, 73.0, 92.0, 65.0, 65.0, 92.0, 101.0, 78.0, 84.0, 96.0, 58.0, 45.0, 40.0, 41.0, 49.0, 63.0, 56.0, 80.0, 52.0, 47.0, 41.0, 38.0, 35.0, 22.0, 40.0, 16.0, 69.0, 41.0, 35.0, 86.0, 104.0, 65.0, 84.0, 61.0, 70.0, 35.0, 22.0, 21.0, 25.0, 27.0, 27.0, 19.0, 14.0, 32.0, 44.0, 59.0, 75.0, 84.0, 64.0, 74.0, 78.0, 96.0, 100.0, 37.0, 56.0, 39.0, 36.0, 37.0, 61.0, 49.0, 65.0, 63.0, 75.0, 64.0, 59.0, 61.0, 41.0, 44.0, 106.0, 78.0, 83.0, 90.0, 83.0, 76.0, 88.0, 107.0, 69.0, 75.0, 76.0, 49.0, 41.0, 36.0, 54.0, 44.0, 52.0, 63.0, 83.0, 71.0, 44.0, 68.0, 47.0, 55.0, 89.0, 99.0, 84.0, 93.0, 82.0, 78.0, 55.0, 80.0, 94.0, 68.0, 75.0, 77.0, 90.0, 116.0, 89.0]"
phi=0.90,H,1,52.06,40.15,False,24,"[52.1, 45.0, 24.0, 54.0, 46.0, 68.0, 64.0, 60.0, 80.0, 73.0, 47.0, 37.0, 39.0, 49.0, 55.0, 36.0, 22.0, 64.0, 34.0, 38.0, 30.0, 42.0, 31.0, 32.0, 54.0, 44.0, 36.0, 29.0, 28.0, 56.0, 75.0, 315.0, 267.0, 264.0, 226.0, 196.0, 169.0, 162.0, 125.0, 96.0, 118.0, 110.0, 139.0, 113.0, 101.0, 98.0, 74.0, 86.0, 36.0, 59.0, 78.0, 93.0, 108.0, 98.0, 64.0, 92.0, 70.0, 53.0, 37.0, 62.0, 65.0, 92.0, 102.0, 91.0, 74.0, 82.0, 93.0, 93.0, 78.0, 57.0, 48.0, 68.0, 73.0, 96.0, 92.0, 84.0, 45.0, 47.0, 32.0, 20.0, 35.0, 27.0, 16.0, 25.0, 33.0, 69.0, 49.0, 39.0, 57.0, 76.0, 54.0, 46.0, 40.0, 45.0, 67.0, 54.0, 58.0, 43.0, 39.0, 23.0, 37.0, 66.0, 61.0, 53.0, 69.0, 52.0, 60.0, 57.0, 71.0, 77.0, 77.0, 64.0, 60.0, 65.0, 35.0, 24.0, 32.0, 43.0, 68.0, 75.0, 83.0, 75.0, 58.0, 53.0, 44.0, 39.0, 33.0, 59.0, 93.0, 78.0, 44.0, 52.0, 47.0, 64.0, 66.0, 75.0, 90.0, 87.0, 87.0, 88.0, 105.0, 102.0, 110.0, 108.0, 123.0, 89.0, 55.0, 31.0, 41.0, 55.0, 52.0, 38.0, 51.0, 45.0, 29.0, 28.0, 36.0, 47.0, 42.0, 29.0, 50.0, 36.0, 55.0, 56.0, 46.0, 69.0, 84.0, 114.0, 110.0, 79.0, 53.0, 49.0, 63.0, 97.0, 75.0, 80.0, 70.0, 41.0, 53.0, 14.0, 46.0, 28.0, 25.0, 36.0, 48.0, 99.0, 57.0, 87.0, 81.0, 91.0, 48.0, 33.0, 23.0, 27.0, 38.0, 36.0, 33.0, 49.0, 44.0, 29.0, 38.0, 53.0, 44.0, 43.0, 32.0, 43.0, 36.0, 55.0, 39.0, 72.0, 130.0, 106.0, 68.0, 44.0, 66.0, 66.0, 46.0, 48.0, 36.0, 23.0, 26.0, 59.0, 79.0, 92.0, 107.0, 124.0, 102.0, 93.0, 103.0, 62.0, 66.0]"
phi=0.90,H,2,52.06,40.4,False,9,"[52.1, 59.0, 41.0, 53.0, 45.0, 52.0, 51.0, 33.0, 51.0, 65.0, 37.0, 44.0, 51.0, 37.0, 29.0, 24.0, 41.0, 37.0, 76.0, 38.0, 41.0, 54.0, 43.0, 45.0, 37.0, 45.0, 36.0, 35.0, 19.0, 39.0, 39.0, 279.0, 267.0, 250.0, 240.0, 175.0, 131.0, 109.0, 133.0, 125.0, 70.0, 68.0, 64.0, 21.0, 20.0, 25.0, 44.0, 50.0, 48.0, 67.0, 37.0, 51.0, 52.0, 68.0, 88.0, 100.0, 93.0, 62.0, 75.0, 41.0, 73.0, 68.0, 68.0, 56.0, 48.0, 15.0, 9.0, 20.0, 50.0, 33.0, 36.0, 21.0, 49.0, 76.0, 90.0, 98.0, 89.0, 55.0, 48.0, 57.0, 64.0, 83.0, 83.0, 57.0, 77.0, 65.0, 55.0, 87.0, 43.0, 53.0, 56.0, 81.0, 72.0, 80.0, 53.0, 40.0, 71.0, 63.0, 47.0, 47.0, 34.0, 42.0, 54.0, 70.0, 45.0, 41.0, 44.0, 49.0, 49.0, 46.0, 64.0, 67.0, 65.0, 28.0, 28.0, 19.0, 17.0, 14.0, 32.0, 22.0, 31.0, 46.0, 46.0, 76.0, 62.0, 39.0, 26.0, 41.0, 48.0, 58.0, 62.0, 68.0, 57.0, 37.0, 58.0, 41.0, 47.0, 38.0, 62.0, 68.0, 39.0, 47.0, 46.0, 68.0, 68.0, 45.0, 71.0, 89.0, 59.0, 24.0, 21.0, 29.0, 23.0, 29.0, 34.0, 23.0, 43.0, 35.0, 31.0, 34.0, 28.0, 58.0, 64.0, 58.0, 57.0, 62.0, 69.0, 58.0, 53.0, 47.0, 25.0, 38.0, 31.0, 30.0, 28.0, 33.0, 30.0, 37.0, 39.0, 51.0, 56.0, 48.0, 76.0, 49.0, 53.0, 62.0, 105.0, 91.0, 69.0, 54.0, 63.0, 53.0, 48.0, 36.0, 76.0, 103.0, 95.0, 65.0, 72.0, 55.0, 50.0, 54.0, 82.0, 75.0, 59.0, 53.0, 46.0, 62.0, 56.0, 82.0, 72.0, 33.0, 45.0, 55.0, 60.0, 70.0, 70.0, 71.0, 32.0, 43.0, 46.0, 37.0, 36.0, 37.0, 22.0, 32.0, 22.0, 39.0, 44.0, 31.0, 27.0]"
phi=0.90,H,3,52.06,55.9,False,4,"[52.1, 51.0, 46.0, 44.0, 35.0, 47.0, 65.0, 84.0, 88.0, 83.0, 91.0, 51.0, 49.0, 63.0, 77.0, 77.0, 34.0, 33.0, 27.0, 39.0, 86.0, 68.0, 90.0, 95.0, 41.0, 31.0, 48.0, 36.0, 40.0, 42.0, 55.0, 295.0, 206.0, 126.0, 125.0, 93.0, 102.0, 67.0, 46.0, 63.0, 62.0, 56.0, 43.0, 25.0, 31.0, 67.0, 57.0, 65.0, 75.0, 88.0, 57.0, 51.0, 53.0, 52.0, 103.0, 110.0, 90.0, 97.0, 46.0, 47.0, 54.0, 74.0, 65.0, 72.0, 85.0, 48.0, 35.0, 54.0, 53.0, 57.0, 33.0, 25.0, 63.0, 49.0, 52.0, 84.0, 103.0, 94.0, 61.0, 67.0, 93.0, 42.0, 51.0, 58.0, 46.0, 50.0, 70.0, 80.0, 94.0, 53.0, 52.0, 55.0, 63.0, 90.0, 74.0, 70.0, 58.0, 80.0, 46.0, 49.0, 73.0, 65.0, 95.0, 81.0, 38.0, 48.0, 30.0, 24.0, 31.0, 47.0, 59.0, 19.0, 14.0, 4.0, 25.0, 32.0, 11.0, 19.0, 26.0, 29.0, 37.0, 21.0, 19.0, 27.0, 35.0, 27.0, 55.0, 108.0, 111.0, 109.0, 69.0, 59.0, 29.0, 41.0, 22.0, 20.0, 40.0, 32.0, 33.0, 30.0, 25.0, 35.0, 38.0, 39.0, 62.0, 71.0, 82.0, 93.0, 117.0, 98.0, 107.0, 105.0, 109.0, 78.0, 70.0, 59.0, 64.0, 47.0, 16.0, 21.0, 8.0, 16.0, 24.0, 50.0, 53.0, 55.0, 27.0, 95.0, 69.0, 39.0, 29.0, 34.0, 56.0, 54.0, 62.0, 76.0, 37.0, 34.0, 44.0, 40.0, 35.0, 40.0, 88.0, 66.0, 54.0, 27.0, 38.0, 46.0, 59.0, 55.0, 60.0, 47.0, 54.0, 70.0, 67.0, 47.0, 30.0, 26.0, 35.0, 82.0, 99.0, 77.0, 41.0, 54.0, 73.0, 87.0, 72.0, 71.0, 74.0, 69.0, 88.0, 81.0, 65.0, 62.0, 40.0, 26.0, 66.0, 57.0, 68.0, 78.0, 67.0, 84.0, 59.0, 79.0, 60.0, 56.0, 68.0, 49.0, 43.0, 52.0, 47.0]"
phi=0.90,H,4,52.06,40.9,False,11,"[52.1, 42.0, 78.0, 57.0, 34.0, 35.0, 35.0, 44.0, 17.0, 27.0, 35.0, 21.0, 37.0, 21.0, 31.0, 55.0, 27.0, 51.0, 39.0, 45.0, 46.0, 64.0, 75.0, 65.0, 57.0, 45.0, 39.0, 41.0, 11.0, 13.0, 18.0, 258.0, 245.0, 164.0, 117.0, 140.0, 102.0, 96.0, 99.0, 86.0, 98.0, 72.0, 71.0, 41.0, 56.0, 77.0, 77.0, 57.0, 24.0, 40.0, 26.0, 43.0, 50.0, 66.0, 55.0, 44.0, 40.0, 57.0, 42.0, 30.0, 34.0, 22.0, 23.0, 27.0, 34.0, 46.0, 38.0, 40.0, 51.0, 78.0, 49.0, 54.0, 46.0, 81.0, 52.0, 38.0, 45.0, 48.0, 36.0, 42.0, 46.0, 55.0, 52.0, 75.0, 69.0, 61.0, 76.0, 38.0, 31.0, 30.0, 27.0, 26.0, 38.0, 60.0, 57.0, 58.0, 42.0, 34.0, 38.0, 63.0, 56.0, 55.0, 47.0, 27.0, 48.0, 50.0, 61.0, 39.0, 33.0, 24.0, 60.0, 97.0, 94.0, 65.0, 60.0, 40.0, 62.0, 57.0, 64.0, 35.0, 42.0, 44.0, 58.0, 87.0, 62.0, 41.0, 37.0, 27.0, 21.0, 15.0, 38.0, 46.0, 76.0, 57.0, 53.0, 57.0, 40.0, 72.0, 83.0, 74.0, 69.0, 76.0, 83.0, 68.0, 71.0, 69.0, 54.0, 58.0, 49.0, 61.0, 76.0, 50.0, 38.0, 50.0, 34.0, 16.0, 23.0, 20.0, 25.0, 56.0, 34.0, 23.0, 47.0, 54.0, 31.0, 28.0, 22.0, 58.0, 34.0, 21.0, 50.0, 34.0, 34.0, 33.0, 37.0, 49.0, 39.0, 34.0, 47.0, 71.0, 74.0, 81.0, 103.0, 90.0, 112.0, 102.0, 96.0, 140.0, 107.0, 107.0, 103.0, 71.0, 55.0, 64.0, 23.0, 36.0, 54.0, 29.0, 47.0, 45.0, 47.0, 78.0, 75.0, 93.0, 132.0, 133.0, 102.0, 75.0, 55.0, 46.0, 53.0, 51.0, 22.0, 16.0, 35.0, 22.0, 34.0, 57.0, 48.0, 56.0, 55.0, 33.0, 43.0, 59.0, 19.0, 41.0, 37.0, 46.0, 16.0, 20.0, 16.0]"
phi=0.90,H,5,52.06,50.05,False,12,"[52.1, 17.0, 24.0, 21.0, 24.0, 46.0, 36.0, 32.0, 31.0, 35.0, 17.0, 45.0, 45.0, 56.0, 72.0, 56.0, 51.0, 54.0, 50.0, 52.0, 65.0, 33.0, 37.0, 64.0, 34.0, 39.0, 44.0, 47.0, 55.0, 85.0, 91.0, 331.0, 338.0, 228.0, 216.0, 202.0, 205.0, 169.0, 163.0, 131.0, 113.0, 108.0, 87.0, 101.0, 91.0, 42.0, 62.0, 29.0, 57.0, 39.0, 50.0, 52.0, 34.0, 63.0, 65.0, 93.0, 53.0, 52.0, 71.0, 62.0, 35.0, 68.0, 77.0, 63.0, 70.0, 51.0, 29.0, 33.0, 23.0, 54.0, 50.0, 53.0, 60.0, 33.0, 24.0, 35.0, 39.0, 61.0, 78.0, 90.0, 70.0, 59.0, 54.0, 105.0, 122.0, 123.0, 143.0, 186.0, 163.0, 150.0, 173.0, 179.0, 155.0, 128.0, 79.0, 66.0, 106.0, 81.0, 67.0, 82.0, 87.0, 110.0, 99.0, 121.0, 88.0, 29.0, 16.0, 40.0, 33.0, 40.0, 24.0, 34.0, 40.0, 54.0, 60.0, 70.0, 61.0, 38.0, 45.0, 58.0, 61.0, 69.0, 67.0, 29.0, 66.0, 56.0, 53.0, 80.0, 53.0, 37.0, 63.0, 39.0, 34.0, 27.0, 21.0, 23.0, 18.0, 36.0, 25.0, 23.0, 22.0, 29.0, 30.0, 45.0, 33.0, 19.0, 39.0, 46.0, 30.0, 41.0, 51.0, 44.0, 44.0, 63.0, 73.0, 55.0, 33.0, 59.0, 43.0, 49.0, 62.0, 38.0, 32.0, 27.0, 38.0, 51.0, 51.0, 56.0, 45.0, 61.0, 38.0, 63.0, 69.0, 75.0, 79.0, 77.0, 101.0, 131.0, 137.0, 140.0, 135.0, 167.0, 167.0, 136.0, 104.0, 81.0, 97.0, 106.0, 123.0, 84.0, 66.0, 56.0, 40.0, 44.0, 50.0, 42.0, 30.0, 53.0, 60.0, 27.0, 36.0, 12.0, 15.0, 26.0, 26.0, 17.0, 17.0, 28.0, 37.0, 34.0, 48.0, 31.0, 53.0, 82.0, 58.0, 40.0, 59.0, 71.0, 60.0, 53.0, 54.0, 38.0, 43.0, 35.0, 45.0, 61.0, 38.0, 38.0, 41.0, 57.0, 100.0]"
phi=0.90,H,6,52.06,41.15,False,7,"[52.1, 50.0, 58.0, 50.0, 36.0, 72.0, 58.0, 38.0, 51.0, 37.0, 32.0, 41.0, 35.0, 55.0, 35.0, 40.0, 29.0, 25.0, 83.0, 67.0, 67.0, 70.0, 49.0, 58.0, 38.0, 29.0, 18.0, 16.0, 23.0, 13.0, 23.0, 263.0, 216.0, 163.0, 148.0, 116.0, 99.0, 89.0, 74.0, 69.0, 50.0, 67.0, 51.0, 52.0, 43.0, 81.0, 61.0, 51.0, 64.0, 54.0, 47.0, 50.0, 44.0, 54.0, 55.0, 60.0, 50.0, 74.0, 80.0, 78.0, 65.0, 57.0, 42.0, 46.0, 55.0, 70.0, 64.0, 45.0, 36.0, 27.0, 49.0, 49.0, 49.0, 37.0, 47.0, 45.0, 27.0, 23.0, 34.0, 27.0, 32.0, 25.0, 32.0, 49.0, 43.0, 32.0, 27.0, 24.0, 43.0, 50.0, 44.0, 55.0, 36.0, 29.0, 31.0, 37.0, 29.0, 26.0, 32.0, 20.0, 26.0, 56.0, 92.0, 63.0, 66.0, 40.0, 39.0, 43.0, 36.0, 29.0, 24.0, 27.0, 16.0, 25.0, 36.0, 30.0, 15.0, 27.0, 32.0, 54.0, 37.0, 23.0, 48.0, 56.0, 81.0, 74.0, 60.0, 29.0, 41.0, 39.0, 44.0, 52.0, 66.0, 80.0, 95.0, 101.0, 112.0, 105.0, 134.0, 102.0, 80.0, 57.0, 44.0, 63.0, 71.0, 62.0, 23.0, 48.0, 58.0, 50.0, 70.0, 56.0, 57.0, 52.0, 61.0, 91.0, 99.0, 71.0, 41.0, 31.0, 30.0, 11.0, 35.0, 30.0, 57.0, 38.0, 31.0, 48.0, 37.0, 27.0, 53.0, 68.0, 90.0, 82.0, 65.0, 135.0, 128.0, 113.0, 110.0, 67.0, 57.0, 64.0, 38.0, 45.0, 70.0, 62.0, 52.0, 76.0, 76.0, 59.0, 48.0, 41.0, 68.0, 65.0, 69.0, 81.0, 87.0, 70.0, 56.0, 71.0, 78.0, 47.0, 41.0, 59.0, 53.0, 46.0, 50.0, 30.0, 19.0, 24.0, 27.0, 21.0, 43.0, 64.0, 79.0, 58.0, 49.0, 35.0, 65.0, 69.0, 39.0, 49.0, 72.0, 73.0, 56.0, 80.0, 78.0, 80.0, 40.0, 33.0, 13.0]"
phi=0.90,H,7,52.06,75.75,False,6,"[52.1, 53.0, 82.0, 56.0, 18.0, 35.0, 34.0, 25.0, 37.0, 54.0, 42.0, 50.0, 43.0, 70.0, 88.0, 65.0, 94.0, 94.0, 99.0, 104.0, 111.0, 111.0, 82.0, 70.0, 72.0, 53.0, 69.0, 76.0, 72.0, 50.0, 45.0, 285.0, 263.0, 242.0, 190.0, 192.0, 180.0, 131.0, 103.0, 92.0, 71.0, 37.0, 24.0, 44.0, 43.0, 91.0, 119.0, 118.0, 99.0, 138.0, 108.0, 101.0, 83.0, 83.0, 52.0, 40.0, 36.0, 42.0, 33.0, 24.0, 18.0, 16.0, 26.0, 42.0, 35.0, 26.0, 27.0, 58.0, 39.0, 41.0, 63.0, 71.0, 55.0, 38.0, 50.0, 62.0, 73.0, 48.0, 62.0, 96.0, 53.0, 71.0, 57.0, 35.0, 40.0, 20.0, 27.0, 37.0, 28.0, 29.0, 35.0, 34.0, 30.0, 16.0, 13.0, 29.0, 50.0, 74.0, 57.0, 37.0, 42.0, 38.0, 53.0, 49.0, 38.0, 34.0, 39.0, 80.0, 64.0, 74.0, 64.0, 58.0, 61.0, 61.0, 65.0, 53.0, 41.0, 38.0, 30.0, 27.0, 48.0, 35.0, 23.0, 33.0, 52.0, 51.0, 43.0, 56.0, 71.0, 90.0, 69.0, 79.0, 114.0, 116.0, 97.0, 61.0, 64.0, 59.0, 24.0, 42.0, 55.0, 37.0, 36.0, 18.0, 24.0, 33.0, 29.0, 16.0, 12.0, 33.0, 41.0, 71.0, 72.0, 68.0, 46.0, 37.0, 65.0, 54.0, 52.0, 34.0, 35.0, 30.0, 19.0, 29.0, 27.0, 21.0, 30.0, 25.0, 47.0, 53.0, 52.0, 41.0, 42.0, 36.0, 50.0, 46.0, 43.0, 54.0, 50.0, 33.0, 36.0, 34.0, 39.0, 38.0, 38.0, 53.0, 37.0, 54.0, 50.0, 49.0, 56.0, 71.0, 75.0, 69.0, 59.0, 40.0, 39.0, 26.0, 31.0, 24.0, 36.0, 25.0, 30.0, 21.0, 39.0, 26.0, 40.0, 54.0, 43.0, 20.0, 16.0, 24.0, 30.0, 17.0, 28.0, 49.0, 65.0, 72.0, 71.0, 35.0, 48.0, 35.0, 56.0, 76.0, 54.0, 28.0, 46.0, 66.0, 52.0, 67.0, 101.0]"
phi=0.90,H,8,52.06,60.65,False,10,"[52.1, 34.0, 31.0, 38.0, 73.0, 54.0, 22.0, 44.0, 30.0, 37.0, 17.0, 18.0, 26.0, 48.0, 28.0, 29.0, 44.0, 64.0, 77.0, 63.0, 90.0, 85.0, 56.0, 90.0, 86.0, 91.0, 89.0, 72.0, 57.0, 83.0, 87.0, 327.0, 281.0, 283.0, 271.0, 266.0, 212.0, 216.0, 178.0, 160.0, 154.0, 89.0, 84.0, 55.0, 64.0, 86.0, 57.0, 42.0, 49.0, 49.0, 36.0, 34.0, 22.0, 37.0, 48.0, 33.0, 20.0, 30.0, 38.0, 26.0, 44.0, 32.0, 45.0, 33.0, 59.0, 37.0, 36.0, 42.0, 48.0, 47.0, 46.0, 50.0, 23.0, 49.0, 46.0, 41.0, 62.0, 82.0, 80.0, 80.0, 88.0, 118.0, 100.0, 82.0, 87.0, 71.0, 36.0, 65.0, 60.0, 64.0, 73.0, 87.0, 92.0, 91.0, 73.0, 66.0, 62.0, 64.0, 54.0, 40.0, 44.0, 46.0, 75.0, 102.0, 98.0, 61.0, 79.0, 72.0, 53.0, 46.0, 57.0, 47.0, 27.0, 25.0, 37.0, 34.0, 70.0, 84.0, 60.0, 62.0, 59.0, 62.0, 47.0, 40.0, 54.0, 58.0, 43.0, 22.0, 55.0, 61.0, 70.0, 56.0, 78.0, 67.0, 59.0, 50.0, 26.0, 37.0, 33.0, 30.0, 39.0, 30.0, 34.0, 32.0, 38.0, 65.0, 63.0, 76.0, 49.0, 85.0, 76.0, 65.0, 39.0, 38.0, 54.0, 28.0, 16.0, 38.0, 56.0, 49.0, 30.0, 32.0, 49.0, 74.0, 29.0, 38.0, 57.0, 48.0, 46.0, 26.0, 31.0, 26.0, 30.0, 10.0, 39.0, 65.0, 63.0, 64.0, 36.0, 12.0, 14.0, 33.0, 20.0, 21.0, 23.0, 23.0, 31.0, 49.0, 28.0, 21.0, 44.0, 46.0, 53.0, 50.0, 63.0, 36.0, 31.0, 38.0, 31.0, 39.0, 24.0, 26.0, 39.0, 32.0, 48.0, 36.0, 32.0, 34.0, 21.0, 30.0, 49.0, 32.0, 11.0, 28.0, 25.0, 31.0, 54.0, 18.0, 61.0, 84.0, 46.0, 40.0, 62.0, 61.0, 40.0, 36.0, 47.0, 46.0, 38.0, 34.0, 24.0]"
phi=0.90,H,9,52.06,54.2,False,14,"[52.1, 26.0, 35.0, 49.0, 44.0, 21.0, 36.0, 31.0, 41.0, 49.0, 63.0, 62.0, 50.0, 52.0, 80.0, 55.0, 50.0, 60.0, 38.0, 34.0, 41.0, 56.0, 59.0, 61.0, 50.0, 60.0, 57.0, 37.0, 61.0, 58.0, 53.0, 293.0, 282.0, 266.0, 249.0, 230.0, 169.0, 170.0, 146.0, 157.0, 164.0, 143.0, 129.0, 138.0, 90.0, 75.0, 58.0, 51.0, 86.0, 67.0, 59.0, 47.0, 44.0, 43.0, 40.0, 39.0, 35.0, 17.0, 25.0, 31.0, 59.0, 61.0, 91.0, 125.0, 109.0, 102.0, 66.0, 37.0, 37.0, 26.0, 34.0, 43.0, 35.0, 50.0, 31.0, 18.0, 23.0, 38.0, 38.0, 39.0, 73.0, 37.0, 42.0, 46.0, 34.0, 21.0, 29.0, 25.0, 45.0, 62.0, 46.0, 45.0, 29.0, 32.0, 28.0, 34.0, 41.0, 48.0, 78.0, 67.0, 20.0, 14.0, 33.0, 38.0, 36.0, 26.0, 35.0, 33.0, 59.0, 48.0, 49.0, 27.0, 46.0, 33.0, 31.0, 44.0, 28.0, 21.0, 35.0, 24.0, 41.0, 26.0, 47.0, 64.0, 99.0, 80.0, 101.0, 78.0, 57.0, 30.0, 48.0, 47.0, 60.0, 65.0, 80.0, 68.0, 54.0, 46.0, 24.0, 18.0, 32.0, 40.0, 30.0, 45.0, 46.0, 41.0, 23.0, 33.0, 75.0, 49.0, 69.0, 40.0, 43.0, 19.0, 46.0, 50.0, 33.0, 31.0, 35.0, 40.0, 24.0, 53.0, 19.0, 31.0, 31.0, 49.0, 30.0, 50.0, 31.0, 33.0, 25.0, 64.0, 62.0, 48.0, 56.0, 69.0, 45.0, 55.0, 36.0, 45.0, 70.0, 60.0, 81.0, 83.0, 84.0, 63.0, 69.0, 92.0, 85.0, 49.0, 55.0, 85.0, 78.0, 86.0, 131.0, 114.0, 130.0, 95.0, 78.0, 78.0, 59.0, 58.0, 42.0, 36.0, 38.0, 34.0, 23.0, 16.0, 41.0, 40.0, 44.0, 28.0, 42.0, 48.0, 62.0, 31.0, 33.0, 43.0, 36.0, 33.0, 36.0, 55.0, 83.0, 40.0, 39.0, 22.0, 26.0, 38.0, 38.0, 53.0, 69.0]"
phi=0.90,H,10,52.06,83.05,False,8,"[52.1, 68.0, 69.0, 41.0, 28.0, 18.0, 48.0, 62.0, 80.0, 73.0, 63.0, 99.0, 123.0, 129.0, 107.0, 112.0, 108.0, 104.0, 89.0, 75.0, 93.0, 80.0, 66.0, 71.0, 83.0, 58.0, 50.0, 48.0, 64.0, 39.0, 47.0, 287.0, 262.0, 213.0, 218.0, 183.0, 185.0, 146.0, 147.0, 151.0, 142.0, 92.0, 67.0, 60.0, 50.0, 28.0, 27.0, 59.0, 47.0, 44.0, 37.0, 35.0, 40.0, 32.0, 25.0, 49.0, 48.0, 52.0, 82.0, 90.0, 67.0, 98.0, 50.0, 31.0, 80.0, 74.0, 82.0, 89.0, 116.0, 84.0, 78.0, 42.0, 49.0, 53.0, 43.0, 29.0, 41.0, 40.0, 44.0, 63.0, 60.0, 60.0, 32.0, 34.0, 37.0, 54.0, 77.0, 69.0, 60.0, 51.0, 116.0, 94.0, 81.0, 66.0, 70.0, 51.0, 55.0, 56.0, 55.0, 39.0, 32.0, 40.0, 29.0, 38.0, 52.0, 45.0, 48.0, 62.0, 58.0, 47.0, 74.0, 74.0, 79.0, 63.0, 69.0, 87.0, 83.0, 88.0, 130.0, 87.0, 119.0, 61.0, 53.0, 31.0, 17.0, 18.0, 22.0, 54.0, 45.0, 22.0, 36.0, 27.0, 39.0, 40.0, 26.0, 29.0, 38.0, 46.0, 53.0, 55.0, 43.0, 56.0, 52.0, 46.0, 48.0, 38.0, 45.0, 19.0, 32.0, 33.0, 19.0, 13.0, 39.0, 38.0, 52.0, 76.0, 87.0, 73.0, 99.0, 106.0, 97.0, 93.0, 94.0, 52.0, 44.0, 55.0, 44.0, 32.0, 19.0, 14.0, 15.0, 44.0, 35.0, 51.0, 75.0, 49.0, 30.0, 41.0, 23.0, 17.0, 13.0, 23.0, 38.0, 47.0, 39.0, 33.0, 32.0, 44.0, 37.0, 66.0, 57.0, 48.0, 31.0, 40.0, 34.0, 20.0, 24.0, 38.0, 39.0, 23.0, 30.0, 21.0, 26.0, 18.0, 33.0, 45.0, 68.0, 68.0, 85.0, 42.0, 40.0, 48.0, 35.0, 55.0, 39.0, 42.0, 30.0, 45.0, 42.0, 28.0, 41.0, 52.0, 47.0, 52.0, 37.0, 44.0, 51.0, 58.0, 52.0, 54.0, 64.0]"
phi=0.90,H,11,52.06,43.15,False,7,"[52.1, 42.0, 46.0, 60.0, 39.0, 37.0, 60.0, 60.0, 53.0, 73.0, 56.0, 52.0, 36.0, 20.0, 30.0, 32.0, 46.0, 40.0, 22.0, 59.0, 40.0, 56.0, 56.0, 40.0, 44.0, 41.0, 28.0, 60.0, 61.0, 44.0, 17.0, 257.0, 237.0, 218.0, 153.0, 125.0, 139.0, 105.0, 63.0, 63.0, 50.0, 21.0, 30.0, 29.0, 42.0, 86.0, 64.0, 38.0, 51.0, 77.0, 68.0, 78.0, 68.0, 41.0, 41.0, 76.0, 65.0, 49.0, 88.0, 61.0, 98.0, 99.0, 76.0, 87.0, 109.0, 95.0, 33.0, 33.0, 35.0, 45.0, 36.0, 43.0, 66.0, 78.0, 53.0, 51.0, 49.0, 57.0, 56.0, 53.0, 54.0, 37.0, 56.0, 36.0, 38.0, 39.0, 27.0, 55.0, 68.0, 62.0, 35.0, 37.0, 39.0, 63.0, 35.0, 31.0, 21.0, 29.0, 48.0, 41.0, 49.0, 29.0, 10.0, 18.0, 32.0, 25.0, 53.0, 39.0, 20.0, 31.0, 50.0, 83.0, 117.0, 104.0, 115.0, 154.0, 114.0, 111.0, 80.0, 49.0, 45.0, 50.0, 60.0, 60.0, 78.0, 45.0, 44.0, 63.0, 62.0, 43.0, 54.0, 42.0, 63.0, 50.0, 54.0, 39.0, 28.0, 39.0, 31.0, 21.0, 39.0, 18.0, 33.0, 35.0, 30.0, 57.0, 51.0, 51.0, 66.0, 74.0, 77.0, 60.0, 58.0, 46.0, 44.0, 74.0, 84.0, 62.0, 65.0, 63.0, 83.0, 97.0, 81.0, 78.0, 93.0, 72.0, 91.0, 111.0, 66.0, 87.0, 40.0, 48.0, 44.0, 32.0, 54.0, 77.0, 71.0, 119.0, 102.0, 105.0, 50.0, 53.0, 68.0, 90.0, 56.0, 72.0, 70.0, 75.0, 96.0, 123.0, 101.0, 103.0, 75.0, 61.0, 61.0, 72.0, 54.0, 58.0, 61.0, 61.0, 67.0, 52.0, 54.0, 46.0, 43.0, 39.0, 42.0, 33.0, 43.0, 54.0, 50.0, 41.0, 25.0, 25.0, 35.0, 43.0, 28.0, 41.0, 33.0, 54.0, 52.0, 56.0, 82.0, 100.0, 135.0, 141.0, 116.0, 162.0, 114.0, 73.0, 70.0]"
phi=0.90,H,12,52.06,35.9,False,19,"[52.1, 48.0, 45.0, 33.0, 28.0, 44.0, 36.0, 44.0, 53.0, 37.0, 23.0, 20.0, 21.0, 30.0, 18.0, 21.0, 29.0, 16.0, 23.0, 51.0, 36.0, 32.0, 41.0, 55.0, 53.0, 66.0, 49.0, 31.0, 41.0, 62.0, 47.0, 287.0, 229.0, 192.0, 194.0, 170.0, 166.0, 171.0, 173.0, 107.0, 143.0, 130.0, 138.0, 145.0, 172.0, 172.0, 156.0, 131.0, 134.0, 60.0, 40.0, 42.0, 60.0, 52.0, 40.0, 30.0, 24.0, 31.0, 51.0, 41.0, 42.0, 25.0, 43.0, 27.0, 35.0, 23.0, 55.0, 46.0, 46.0, 39.0, 41.0, 19.0, 36.0, 35.0, 54.0, 43.0, 24.0, 19.0, 48.0, 38.0, 57.0, 48.0, 51.0, 78.0, 68.0, 68.0, 33.0, 43.0, 46.0, 42.0, 23.0, 19.0, 23.0, 43.0, 59.0, 62.0, 40.0, 58.0, 46.0, 34.0, 72.0, 69.0, 53.0, 77.0, 85.0, 104.0, 74.0, 48.0, 57.0, 65.0, 61.0, 51.0, 36.0, 23.0, 20.0, 11.0, 32.0, 35.0, 31.0, 39.0, 70.0, 92.0, 66.0, 81.0, 40.0, 54.0, 79.0, 63.0, 61.0, 41.0, 54.0, 47.0, 40.0, 34.0, 60.0, 38.0, 27.0, 17.0, 37.0, 46.0, 51.0, 54.0, 74.0, 81.0, 98.0, 61.0, 52.0, 73.0, 80.0, 66.0, 50.0, 51.0, 40.0, 23.0, 38.0, 31.0, 24.0, 15.0, 39.0, 58.0, 46.0, 52.0, 53.0, 36.0, 42.0, 44.0, 42.0, 30.0, 33.0, 56.0, 37.0, 23.0, 47.0, 64.0, 70.0, 62.0, 70.0, 57.0, 40.0, 50.0, 42.0, 41.0, 33.0, 33.0, 38.0, 33.0, 51.0, 19.0, 46.0, 33.0, 17.0, 32.0, 19.0, 40.0, 63.0, 74.0, 54.0, 52.0, 64.0, 28.0, 23.0, 30.0, 45.0, 32.0, 60.0, 49.0, 76.0, 61.0, 66.0, 56.0, 47.0, 24.0, 25.0, 42.0, 49.0, 49.0, 36.0, 35.0, 29.0, 30.0, 25.0, 44.0, 72.0, 55.0, 55.0, 63.0, 32.0, 37.0, 42.0, 24.0, 43.0]"
phi=0.90,H,13,52.06,47.8,False,12,"[52.1, 52.0, 39.0, 19.0, 29.0, 23.0, 36.0, 38.0, 39.0, 48.0, 57.0, 92.0, 66.0, 44.0, 49.0, 72.0, 46.0, 48.0, 61.0, 43.0, 21.0, 40.0, 33.0, 44.0, 41.0, 37.0, 52.0, 50.0, 31.0, 29.0, 34.0, 274.0, 256.0, 263.0, 229.0, 201.0, 160.0, 212.0, 160.0, 158.0, 113.0, 115.0, 121.0, 115.0, 57.0, 55.0, 31.0, 46.0, 48.0, 54.0, 55.0, 79.0, 44.0, 38.0, 56.0, 65.0, 59.0, 74.0, 34.0, 52.0, 71.0, 100.0, 88.0, 83.0, 78.0, 80.0, 116.0, 111.0, 87.0, 97.0, 113.0, 120.0, 88.0, 48.0, 67.0, 86.0, 140.0, 105.0, 62.0, 111.0, 84.0, 60.0, 83.0, 58.0, 56.0, 70.0, 42.0, 30.0, 42.0, 48.0, 46.0, 38.0, 55.0, 72.0, 82.0, 48.0, 44.0, 29.0, 42.0, 48.0, 37.0, 38.0, 51.0, 66.0, 55.0, 55.0, 51.0, 66.0, 86.0, 39.0, 37.0, 55.0, 78.0, 79.0, 88.0, 83.0, 69.0, 76.0, 76.0, 82.0, 108.0, 120.0, 57.0, 69.0, 34.0, 17.0, 23.0, 37.0, 58.0, 47.0, 50.0, 76.0, 86.0, 112.0, 95.0, 80.0, 98.0, 96.0, 74.0, 74.0, 67.0, 58.0, 65.0, 68.0, 62.0, 53.0, 75.0, 57.0, 40.0, 47.0, 36.0, 26.0, 47.0, 59.0, 60.0, 43.0, 65.0, 75.0, 58.0, 79.0, 90.0, 59.0, 49.0, 38.0, 55.0, 37.0, 30.0, 43.0, 31.0, 24.0, 15.0, 25.0, 28.0, 36.0, 28.0, 47.0, 39.0, 56.0, 43.0, 79.0, 84.0, 68.0, 61.0, 28.0, 27.0, 48.0, 33.0, 24.0, 24.0, 9.0, 42.0, 50.0, 29.0, 45.0, 22.0, 17.0, 44.0, 55.0, 53.0, 72.0, 41.0, 24.0, 25.0, 26.0, 44.0, 43.0, 56.0, 37.0, 22.0, 21.0, 13.0, 36.0, 43.0, 38.0, 43.0, 19.0, 37.0, 40.0, 70.0, 68.0, 65.0, 77.0, 74.0, 45.0, 45.0, 78.0, 103.0, 75.0, 65.0, 61.0, 56.0]"
phi=0.90,H,14,52.06,43.4,False,8,"[52.1, 40.0, 59.0, 40.0, 47.0, 54.0, 62.0, 74.0, 48.0, 44.0, 45.0, 26.0, 40.0, 35.0, 46.0, 59.0, 47.0, 45.0, 27.0, 41.0, 36.0, 53.0, 51.0, 61.0, 50.0, 47.0, 46.0, 58.0, 21.0, 34.0, 36.0, 276.0, 244.0, 254.0, 239.0, 142.0, 94.0, 100.0, 62.0, 61.0, 60.0, 92.0, 78.0, 42.0, 59.0, 43.0, 55.0, 38.0, 55.0, 38.0, 67.0, 57.0, 56.0, 53.0, 39.0, 22.0, 34.0, 35.0, 44.0, 44.0, 37.0, 78.0, 79.0, 63.0, 52.0, 61.0, 70.0, 58.0, 34.0, 33.0, 16.0, 41.0, 32.0, 41.0, 27.0, 27.0, 40.0, 33.0, 37.0, 69.0, 83.0, 43.0, 39.0, 59.0, 69.0, 63.0, 34.0, 53.0, 44.0, 31.0, 6.0, 28.0, 30.0, 48.0, 80.0, 88.0, 62.0, 54.0, 39.0, 51.0, 69.0, 69.0, 67.0, 75.0, 55.0, 66.0, 84.0, 74.0, 95.0, 61.0, 59.0, 64.0, 42.0, 34.0, 27.0, 26.0, 40.0, 25.0, 41.0, 47.0, 75.0, 79.0, 76.0, 36.0, 43.0, 53.0, 54.0, 37.0, 63.0, 55.0, 85.0, 90.0, 87.0, 82.0, 90.0, 84.0, 119.0, 67.0, 64.0, 44.0, 67.0, 68.0, 105.0, 88.0, 64.0, 57.0, 57.0, 26.0, 23.0, 26.0, 37.0, 40.0, 45.0, 58.0, 52.0, 58.0, 50.0, 47.0, 90.0, 86.0, 68.0, 72.0, 48.0, 52.0, 49.0, 58.0, 46.0, 23.0, 15.0, 31.0, 41.0, 30.0, 35.0, 20.0, 27.0, 24.0, 23.0, 29.0, 53.0, 53.0, 66.0, 53.0, 44.0, 91.0, 61.0, 62.0, 65.0, 44.0, 50.0, 54.0, 30.0, 28.0, 11.0, 16.0, 22.0, 36.0, 45.0, 31.0, 42.0, 44.0, 31.0, 51.0, 79.0, 75.0, 47.0, 35.0, 47.0, 52.0, 39.0, 46.0, 57.0, 65.0, 54.0, 64.0, 68.0, 60.0, 81.0, 102.0, 69.0, 54.0, 38.0, 23.0, 37.0, 24.0, 34.0, 44.0, 63.0, 97.0, 63.0, 52.0, 67.0]"
phi=0.90,H,15,52.06,47.6,False,12,"[52.1, 30.0, 26.0, 43.0, 43.0, 33.0, 27.0, 21.0, 29.0, 29.0, 27.0, 20.0, 27.0, 65.0, 59.0, 47.0, 48.0, 44.0, 26.0, 20.0, 34.0, 66.0, 53.0, 37.0, 48.0, 51.0, 70.0, 71.0, 86.0, 53.0, 18.0, 258.0, 218.0, 252.0, 234.0, 231.0, 236.0, 184.0, 152.0, 157.0, 144.0, 125.0, 133.0, 108.0, 48.0, 47.0, 51.0, 38.0, 47.0, 37.0, 28.0, 23.0, 42.0, 38.0, 56.0, 82.0, 65.0, 47.0, 43.0, 34.0, 73.0, 81.0, 79.0, 107.0, 112.0, 128.0, 129.0, 113.0, 99.0, 63.0, 61.0, 56.0, 39.0, 48.0, 69.0, 98.0, 55.0, 58.0, 73.0, 48.0, 40.0, 32.0, 22.0, 43.0, 56.0, 83.0, 82.0, 96.0, 99.0, 81.0, 99.0, 135.0, 87.0, 98.0, 61.0, 50.0, 52.0, 63.0, 60.0, 41.0, 25.0, 32.0, 28.0, 29.0, 62.0, 102.0, 77.0, 79.0, 95.0, 96.0, 61.0, 56.0, 40.0, 35.0, 47.0, 43.0, 84.0, 80.0, 68.0, 81.0, 53.0, 88.0, 92.0, 107.0, 138.0, 88.0, 76.0, 83.0, 69.0, 60.0, 55.0, 36.0, 28.0, 39.0, 41.0, 53.0, 46.0, 28.0, 41.0, 64.0, 98.0, 89.0, 113.0, 77.0, 74.0, 17.0, 16.0, 23.0, 12.0, 42.0, 50.0, 49.0, 51.0, 47.0, 34.0, 73.0, 102.0, 62.0, 60.0, 44.0, 49.0, 18.0, 15.0, 23.0, 49.0, 57.0, 39.0, 32.0, 31.0, 41.0, 50.0, 45.0, 19.0, 6.0, 21.0, 36.0, 36.0, 41.0, 28.0, 29.0, 24.0, 58.0, 36.0, 59.0, 96.0, 105.0, 120.0, 95.0, 78.0, 67.0, 72.0, 50.0, 60.0, 62.0, 29.0, 43.0, 39.0, 42.0, 74.0, 68.0, 93.0, 88.0, 74.0, 44.0, 47.0, 43.0, 55.0, 53.0, 35.0, 38.0, 47.0, 75.0, 98.0, 86.0, 93.0, 75.0, 91.0, 70.0, 53.0, 63.0, 81.0, 66.0, 75.0, 73.0, 46.0, 53.0, 82.0, 67.0, 23.0, 39.0, 21.0]"
phi=0.90,H,16,52.06,39.15,False,16,"[52.1, 28.0, 37.0, 64.0, 47.0, 71.0, 50.0, 61.0, 62.0, 63.0, 71.0, 69.0, 71.0, 43.0, 44.0, 43.0, 18.0, 4.0, 22.0, 26.0, 40.0, 40.0, 28.0, 45.0, 36.0, 31.0, 33.0, 38.0, 41.0, 40.0, 29.0, 269.0, 232.0, 214.0, 182.0, 194.0, 200.0, 163.0, 140.0, 82.0, 74.0, 91.0, 102.0, 87.0, 94.0, 75.0, 77.0, 88.0, 77.0, 75.0, 52.0, 51.0, 22.0, 24.0, 35.0, 59.0, 59.0, 63.0, 41.0, 46.0, 44.0, 40.0, 25.0, 53.0, 65.0, 59.0, 44.0, 75.0, 94.0, 73.0, 75.0, 86.0, 59.0, 46.0, 35.0, 29.0, 54.0, 56.0, 52.0, 44.0, 65.0, 47.0, 44.0, 73.0, 47.0, 34.0, 34.0, 66.0, 49.0, 34.0, 39.0, 42.0, 32.0, 18.0, 32.0, 46.0, 54.0, 39.0, 54.0, 74.0, 42.0, 22.0, 27.0, 40.0, 58.0, 70.0, 52.0, 63.0, 47.0, 36.0, 32.0, 65.0, 72.0, 74.0, 28.0, 31.0, 32.0, 51.0, 48.0, 43.0, 46.0, 33.0, 66.0, 80.0, 71.0, 69.0, 30.0, 23.0, 22.0, 53.0, 52.0, 33.0, 28.0, 28.0, 50.0, 27.0, 25.0, 27.0, 62.0, 43.0, 25.0, 33.0, 45.0, 48.0, 30.0, 21.0, 39.0, 53.0, 50.0, 40.0, 42.0, 20.0, 17.0, 38.0, 35.0, 64.0, 86.0, 109.0, 104.0, 110.0, 85.0, 88.0, 108.0, 107.0, 71.0, 59.0, 75.0, 42.0, 45.0, 50.0, 52.0, 53.0, 91.0, 76.0, 76.0, 53.0, 63.0, 35.0, 42.0, 42.0, 35.0, 30.0, 36.0, 35.0, 54.0, 38.0, 87.0, 59.0, 58.0, 46.0, 49.0, 66.0, 109.0, 66.0, 72.0, 77.0, 58.0, 58.0, 50.0, 62.0, 67.0, 52.0, 52.0, 85.0, 56.0, 40.0, 39.0, 35.0, 48.0, 28.0, 36.0, 24.0, 29.0, 45.0, 59.0, 70.0, 56.0, 63.0, 56.0, 62.0, 67.0, 53.0, 52.0, 66.0, 63.0, 68.0, 51.0, 50.0, 70.0, 66.0, 70.0]"
phi=0.90,H,17,52.06,50.7,False,7,"[52.1, 56.0, 55.0, 51.0, 64.0, 102.0, 99.0, 56.0, 80.0, 70.0, 41.0, 44.0, 33.0, 56.0, 52.0, 47.0, 68.0, 73.0, 69.0, 30.0, 58.0, 72.0, 43.0, 54.0, 48.0, 49.0, 41.0, 45.0, 47.0, 44.0, 62.0, 302.0, 299.0, 291.0, 181.0, 120.0, 134.0, 113.0, 84.0, 59.0, 63.0, 58.0, 72.0, 61.0, 59.0, 47.0, 31.0, 25.0, 35.0, 46.0, 42.0, 37.0, 29.0, 37.0, 27.0, 25.0, 35.0, 27.0, 26.0, 40.0, 60.0, 72.0, 83.0, 86.0, 94.0, 81.0, 54.0, 15.0, 34.0, 46.0, 55.0, 59.0, 77.0, 103.0, 90.0, 73.0, 49.0, 34.0, 39.0, 38.0, 36.0, 70.0, 39.0, 49.0, 50.0, 60.0, 53.0, 71.0, 72.0, 61.0, 38.0, 54.0, 39.0, 29.0, 48.0, 58.0, 63.0, 71.0, 61.0, 58.0, 89.0, 102.0, 79.0, 65.0, 81.0, 69.0, 50.0, 36.0, 32.0, 34.0, 40.0, 60.0, 68.0, 36.0, 25.0, 36.0, 52.0, 71.0, 117.0, 73.0, 55.0, 68.0, 48.0, 38.0, 32.0, 39.0, 52.0, 48.0, 50.0, 45.0, 62.0, 38.0, 25.0, 23.0, 34.0, 40.0, 47.0, 62.0, 71.0, 62.0, 52.0, 42.0, 28.0, 25.0, 39.0, 35.0, 49.0, 41.0, 33.0, 34.0, 62.0, 25.0, 26.0, 57.0, 41.0, 37.0, 46.0, 39.0, 61.0, 52.0, 54.0, 56.0, 29.0, 49.0, 73.0, 100.0, 74.0, 74.0, 68.0, 48.0, 60.0, 45.0, 60.0, 54.0, 82.0, 62.0, 108.0, 65.0, 71.0, 73.0, 102.0, 87.0, 107.0, 75.0, 86.0, 88.0, 74.0, 49.0, 42.0, 58.0, 42.0, 43.0, 54.0, 55.0, 87.0, 96.0, 115.0, 93.0, 61.0, 74.0, 107.0, 82.0, 88.0, 82.0, 69.0, 53.0, 42.0, 31.0, 48.0, 32.0, 30.0, 57.0, 47.0, 53.0, 33.0, 41.0, 28.0, 45.0, 66.0, 74.0, 77.0, 51.0, 33.0, 30.0, 29.0, 38.0, 38.0, 43.0, 39.0, 44.0, 50.0]"
phi=0.90,H,18,52.06,40.8,False,8,"[52.1, 84.0, 47.0, 31.0, 35.0, 29.0, 42.0, 21.0, 32.0, 40.0, 47.0, 52.0, 35.0, 45.0, 18.0, 33.0, 30.0, 43.0, 58.0, 54.0, 56.0, 45.0, 30.0, 46.0, 50.0, 50.0, 30.0, 23.0, 36.0, 35.0, 39.0, 279.0, 268.0, 215.0, 189.0, 188.0, 142.0, 95.0, 88.0, 64.0, 67.0, 80.0, 44.0, 35.0, 27.0, 65.0, 47.0, 35.0, 49.0, 46.0, 53.0, 40.0, 26.0, 30.0, 42.0, 56.0, 60.0, 67.0, 53.0, 76.0, 64.0, 39.0, 37.0, 41.0, 52.0, 58.0, 33.0, 37.0, 35.0, 63.0, 51.0, 52.0, 63.0, 47.0, 71.0, 72.0, 57.0, 39.0, 55.0, 43.0, 32.0, 56.0, 48.0, 57.0, 79.0, 81.0, 76.0, 39.0, 46.0, 54.0, 15.0, 66.0, 65.0, 71.0, 72.0, 54.0, 53.0, 22.0, 20.0, 41.0, 48.0, 28.0, 20.0, 11.0, 15.0, 31.0, 55.0, 52.0, 90.0, 68.0, 45.0, 21.0, 52.0, 39.0, 23.0, 19.0, 41.0, 34.0, 68.0, 62.0, 66.0, 64.0, 71.0, 92.0, 93.0, 81.0, 116.0, 136.0, 117.0, 106.0, 76.0, 58.0, 51.0, 41.0, 43.0, 54.0, 76.0, 96.0, 86.0, 71.0, 65.0, 52.0, 42.0, 28.0, 24.0, 36.0, 43.0, 46.0, 30.0, 25.0, 30.0, 14.0, 26.0, 29.0, 30.0, 32.0, 54.0, 53.0, 40.0, 43.0, 26.0, 34.0, 43.0, 30.0, 45.0, 81.0, 101.0, 88.0, 98.0, 109.0, 98.0, 80.0, 104.0, 78.0, 61.0, 48.0, 51.0, 43.0, 40.0, 48.0, 51.0, 77.0, 83.0, 71.0, 41.0, 28.0, 43.0, 25.0, 29.0, 48.0, 54.0, 66.0, 48.0, 26.0, 18.0, 22.0, 28.0, 48.0, 46.0, 46.0, 27.0, 45.0, 60.0, 88.0, 56.0, 62.0, 62.0, 60.0, 37.0, 36.0, 46.0, 16.0, 40.0, 41.0, 63.0, 56.0, 62.0, 61.0, 99.0, 107.0, 77.0, 107.0, 129.0, 98.0, 107.0, 94.0, 119.0, 99.0, 103.0, 102.0, 90.0]"
phi=0.90,H,19,52.06,40.15,False,10,"[52.1, 22.0, 21.0, 40.0, 38.0, 41.0, 57.0, 83.0, 115.0, 96.0, 90.0, 74.0, 49.0, 28.0, 26.0, 31.0, 48.0, 53.0, 60.0, 57.0, 18.0, 20.0, 36.0, 18.0, 24.0, 27.0, 40.0, 41.0, 34.0, 29.0, 34.0, 274.0, 295.0, 271.0, 263.0, 219.0, 179.0, 147.0, 131.0, 107.0, 61.0, 50.0, 64.0, 69.0, 54.0, 66.0, 69.0, 71.0, 85.0, 78.0, 34.0, 37.0, 30.0, 37.0, 24.0, 69.0, 54.0, 63.0, 49.0, 24.0, 49.0, 42.0, 44.0, 36.0, 41.0, 53.0, 33.0, 17.0, 61.0, 73.0, 68.0, 29.0, 45.0, 49.0, 74.0, 92.0, 83.0, 64.0, 27.0, 38.0, 28.0, 30.0, 40.0, 49.0, 44.0, 47.0, 32.0, 53.0, 19.0, 20.0, 30.0, 27.0, 14.0, 22.0, 61.0, 71.0, 66.0, 84.0, 75.0, 112.0, 95.0, 95.0, 48.0, 39.0, 41.0, 48.0, 40.0, 50.0, 57.0, 60.0, 81.0, 115.0, 119.0, 131.0, 92.0, 91.0, 84.0, 52.0, 49.0, 62.0, 105.0, 104.0, 86.0, 76.0, 56.0, 49.0, 34.0, 24.0, 27.0, 21.0, 16.0, 36.0, 55.0, 45.0, 58.0, 46.0, 62.0, 51.0, 42.0, 46.0, 51.0, 73.0, 90.0, 80.0, 75.0, 49.0, 60.0, 75.0, 71.0, 69.0, 56.0, 38.0, 47.0, 81.0, 66.0, 63.0, 77.0, 82.0, 76.0, 65.0, 89.0, 98.0, 97.0, 116.0, 115.0, 88.0, 58.0, 33.0, 37.0, 26.0, 35.0, 65.0, 26.0, 31.0, 36.0, 41.0, 43.0, 33.0, 69.0, 65.0, 46.0, 19.0, 34.0, 30.0, 25.0, 22.0, 34.0, 39.0, 58.0, 90.0, 74.0, 71.0, 78.0, 69.0, 77.0, 57.0, 53.0, 63.0, 75.0, 58.0, 45.0, 61.0, 81.0, 59.0, 49.0, 44.0, 43.0, 59.0, 58.0, 45.0, 55.0, 59.0, 73.0, 69.0, 72.0, 81.0, 36.0, 53.0, 22.0, 45.0, 53.0, 54.0, 66.0, 77.0, 63.0, 29.0, 56.0, 67.0, 31.0, 33.0, 71.0]"
phi=0.90,O-M15,0,57.75,64.65,False,7,"[57.7, 24.0, 48.0, 37.0, 66.0, 65.0, 91.0, 90.0, 79.0, 51.0, 67.0, 54.0, 60.0, 53.0, 64.0, 48.0, 61.0, 88.0, 109.0, 99.0, 72.0, 81.0, 91.0, 56.0, 68.0, 43.0, 31.0, 41.0, 57.0, 50.0, 31.0, 271.0, 250.0, 246.0, 188.0, 162.0, 109.0, 90.0, 59.0, 71.0, 105.0, 98.0, 94.0, 89.0, 93.0, 84.0, 97.0, 91.0, 51.0, 57.0, 45.0, 64.0, 69.0, 63.0, 35.0, 18.0, 29.0, 36.0, 53.0, 65.0, 80.0, 49.0, 48.0, 63.0, 63.0, 93.0, 84.0, 58.0, 50.0, 41.0, 72.0, 40.0, 61.0, 48.0, 35.0, 38.0, 53.0, 50.0, 82.0, 68.0, 47.0, 57.0, 25.0, 31.0, 51.0, 34.0, 37.0, 78.0, 72.0, 41.0, 71.0, 59.0, 79.0, 73.0, 116.0, 128.0, 97.0, 122.0, 117.0, 87.0, 97.0, 100.0, 75.0, 46.0, 61.0, 47.0, 32.0, 36.0, 44.0, 82.0, 110.0, 104.0, 113.0, 79.0, 94.0, 121.0, 99.0, 98.0, 101.0, 74.0, 81.0, 68.0, 50.0, 50.0, 67.0, 76.0, 89.0, 66.0, 66.0, 90.0, 104.0, 75.0, 82.0, 100.0, 67.0, 58.0, 43.0, 46.0, 55.0, 68.0, 62.0, 85.0, 54.0, 52.0, 42.0, 43.0, 41.0, 27.0, 32.0, 14.0, 58.0, 42.0, 43.0, 88.0, 103.0, 65.0, 89.0, 62.0, 69.0, 43.0, 30.0, 25.0, 29.0, 32.0, 30.0, 22.0, 18.0, 32.0, 47.0, 68.0, 61.0, 78.0, 54.0, 73.0, 83.0, 102.0, 101.0, 39.0, 59.0, 42.0, 37.0, 41.0, 64.0, 50.0, 63.0, 67.0, 82.0, 61.0, 56.0, 64.0, 44.0, 45.0, 112.0, 80.0, 76.0, 81.0, 79.0, 78.0, 97.0, 123.0, 81.0, 86.0, 87.0, 60.0, 59.0, 43.0, 59.0, 54.0, 59.0, 57.0, 78.0, 63.0, 45.0, 73.0, 54.0, 60.0, 102.0, 115.0, 94.0, 96.0, 91.0, 80.0, 60.0, 84.0, 98.0, 74.0, 94.0, 84.0, 80.0, 108.0, 101.0]"
phi=0.90,O-M15,1,57.75,62.85,False,15,"[57.7, 45.0, 27.0, 49.0, 44.0, 68.0, 58.0, 66.0, 81.0, 71.0, 54.0, 56.0, 50.0, 63.0, 86.0, 82.0, 68.0, 114.0, 85.0, 92.0, 65.0, 74.0, 52.0, 56.0, 60.0, 43.0, 36.0, 29.0, 32.0, 60.0, 84.0, 324.0, 296.0, 300.0, 278.0, 226.0, 198.0, 188.0, 179.0, 141.0, 159.0, 152.0, 177.0, 144.0, 138.0, 117.0, 87.0, 94.0, 36.0, 61.0, 86.0, 117.0, 136.0, 116.0, 76.0, 116.0, 88.0, 91.0, 85.0, 102.0, 106.0, 125.0, 122.0, 100.0, 96.0, 112.0, 113.0, 105.0, 86.0, 64.0, 66.0, 74.0, 86.0, 102.0, 104.0, 94.0, 63.0, 66.0, 51.0, 30.0, 36.0, 29.0, 17.0, 26.0, 38.0, 74.0, 56.0, 40.0, 60.0, 88.0, 73.0, 75.0, 63.0, 79.0, 84.0, 66.0, 66.0, 53.0, 41.0, 20.0, 38.0, 63.0, 66.0, 60.0, 77.0, 70.0, 70.0, 68.0, 79.0, 88.0, 94.0, 80.0, 73.0, 77.0, 44.0, 38.0, 35.0, 50.0, 76.0, 88.0, 96.0, 78.0, 64.0, 57.0, 52.0, 43.0, 36.0, 70.0, 103.0, 83.0, 52.0, 55.0, 57.0, 78.0, 74.0, 81.0, 90.0, 93.0, 95.0, 99.0, 119.0, 116.0, 116.0, 114.0, 114.0, 92.0, 68.0, 35.0, 49.0, 58.0, 57.0, 47.0, 60.0, 57.0, 33.0, 33.0, 48.0, 65.0, 62.0, 47.0, 52.0, 39.0, 58.0, 58.0, 52.0, 80.0, 106.0, 135.0, 132.0, 114.0, 95.0, 74.0, 83.0, 116.0, 91.0, 85.0, 71.0, 44.0, 58.0, 14.0, 48.0, 31.0, 22.0, 34.0, 44.0, 93.0, 65.0, 102.0, 104.0, 113.0, 78.0, 46.0, 31.0, 29.0, 40.0, 39.0, 36.0, 57.0, 46.0, 32.0, 46.0, 62.0, 50.0, 48.0, 35.0, 44.0, 40.0, 66.0, 38.0, 80.0, 140.0, 121.0, 69.0, 47.0, 67.0, 55.0, 44.0, 47.0, 37.0, 28.0, 30.0, 64.0, 79.0, 86.0, 102.0, 119.0, 88.0, 101.0, 115.0, 82.0, 76.0]"
phi=0.90,O-M15,2,57.75,46.05,False,12,"[57.7, 60.0, 46.0, 64.0, 56.0, 60.0, 52.0, 33.0, 53.0, 62.0, 40.0, 45.0, 56.0, 40.0, 30.0, 27.0, 44.0, 44.0, 79.0, 40.0, 40.0, 55.0, 44.0, 49.0, 47.0, 64.0, 56.0, 51.0, 22.0, 48.0, 44.0, 284.0, 272.0, 257.0, 258.0, 204.0, 180.0, 176.0, 200.0, 194.0, 139.0, 145.0, 132.0, 43.0, 45.0, 35.0, 57.0, 66.0, 63.0, 78.0, 49.0, 58.0, 62.0, 84.0, 97.0, 106.0, 93.0, 66.0, 92.0, 67.0, 107.0, 116.0, 115.0, 110.0, 123.0, 62.0, 27.0, 28.0, 65.0, 52.0, 61.0, 34.0, 62.0, 96.0, 100.0, 106.0, 98.0, 71.0, 55.0, 54.0, 63.0, 82.0, 91.0, 59.0, 78.0, 69.0, 59.0, 92.0, 58.0, 71.0, 71.0, 87.0, 80.0, 94.0, 76.0, 49.0, 81.0, 81.0, 49.0, 58.0, 37.0, 53.0, 58.0, 79.0, 49.0, 44.0, 51.0, 61.0, 54.0, 47.0, 73.0, 70.0, 71.0, 36.0, 30.0, 25.0, 22.0, 14.0, 32.0, 25.0, 40.0, 43.0, 51.0, 80.0, 65.0, 46.0, 30.0, 49.0, 54.0, 64.0, 69.0, 86.0, 74.0, 61.0, 87.0, 44.0, 56.0, 63.0, 84.0, 84.0, 42.0, 50.0, 58.0, 77.0, 72.0, 51.0, 75.0, 105.0, 77.0, 34.0, 28.0, 35.0, 25.0, 35.0, 36.0, 23.0, 39.0, 35.0, 33.0, 44.0, 34.0, 60.0, 62.0, 53.0, 60.0, 62.0, 73.0, 69.0, 77.0, 80.0, 43.0, 48.0, 44.0, 42.0, 37.0, 35.0, 35.0, 43.0, 38.0, 58.0, 59.0, 61.0, 84.0, 60.0, 65.0, 76.0, 107.0, 87.0, 67.0, 48.0, 57.0, 52.0, 51.0, 38.0, 77.0, 105.0, 85.0, 55.0, 57.0, 55.0, 57.0, 60.0, 92.0, 81.0, 61.0, 56.0, 55.0, 68.0, 59.0, 82.0, 80.0, 36.0, 51.0, 59.0, 68.0, 68.0, 74.0, 80.0, 42.0, 51.0, 56.0, 52.0, 43.0, 38.0, 25.0, 30.0, 25.0, 40.0, 48.0, 35.0, 32.0]"
phi=0.90,O-M15,3,57.75,61.1,False,5,"[57.7, 56.0, 55.0, 51.0, 44.0, 55.0, 58.0, 77.0, 80.0, 85.0, 100.0, 59.0, 57.0, 68.0, 81.0, 87.0, 49.0, 55.0, 35.0, 47.0, 82.0, 68.0, 92.0, 92.0, 47.0, 37.0, 48.0, 40.0, 38.0, 40.0, 58.0, 298.0, 215.0, 151.0, 142.0, 110.0, 110.0, 81.0, 52.0, 70.0, 71.0, 62.0, 55.0, 42.0, 39.0, 69.0, 68.0, 64.0, 71.0, 79.0, 46.0, 48.0, 49.0, 49.0, 99.0, 108.0, 88.0, 89.0, 48.0, 53.0, 63.0, 80.0, 80.0, 77.0, 78.0, 51.0, 38.0, 66.0, 77.0, 80.0, 46.0, 36.0, 90.0, 70.0, 74.0, 100.0, 113.0, 105.0, 79.0, 91.0, 117.0, 63.0, 56.0, 56.0, 45.0, 48.0, 69.0, 77.0, 80.0, 47.0, 56.0, 59.0, 66.0, 91.0, 68.0, 69.0, 54.0, 83.0, 61.0, 74.0, 88.0, 89.0, 113.0, 106.0, 55.0, 66.0, 33.0, 25.0, 31.0, 53.0, 62.0, 23.0, 16.0, 5.0, 31.0, 35.0, 12.0, 22.0, 32.0, 28.0, 37.0, 26.0, 29.0, 39.0, 40.0, 27.0, 56.0, 112.0, 106.0, 106.0, 65.0, 67.0, 28.0, 37.0, 20.0, 22.0, 52.0, 36.0, 40.0, 30.0, 25.0, 35.0, 39.0, 36.0, 56.0, 64.0, 67.0, 83.0, 109.0, 103.0, 117.0, 138.0, 140.0, 99.0, 86.0, 77.0, 99.0, 73.0, 35.0, 38.0, 18.0, 20.0, 27.0, 51.0, 58.0, 57.0, 30.0, 94.0, 70.0, 49.0, 39.0, 44.0, 62.0, 64.0, 71.0, 95.0, 40.0, 39.0, 50.0, 50.0, 54.0, 37.0, 88.0, 63.0, 52.0, 25.0, 37.0, 46.0, 64.0, 53.0, 61.0, 50.0, 56.0, 73.0, 71.0, 54.0, 32.0, 26.0, 36.0, 77.0, 93.0, 81.0, 44.0, 59.0, 73.0, 80.0, 81.0, 83.0, 93.0, 99.0, 138.0, 137.0, 128.0, 122.0, 82.0, 35.0, 75.0, 64.0, 69.0, 89.0, 82.0, 86.0, 55.0, 79.0, 62.0, 58.0, 70.0, 52.0, 45.0, 46.0, 38.0]"
phi=0.90,O-M15,4,57.75,44.75,False,13,"[57.7, 43.0, 79.0, 66.0, 42.0, 35.0, 36.0, 48.0, 14.0, 22.0, 39.0, 21.0, 40.0, 25.0, 39.0, 58.0, 29.0, 53.0, 40.0, 45.0, 55.0, 72.0, 86.0, 67.0, 58.0, 51.0, 48.0, 43.0, 12.0, 14.0, 15.0, 255.0, 256.0, 178.0, 127.0, 155.0, 113.0, 113.0, 121.0, 86.0, 98.0, 80.0, 81.0, 64.0, 65.0, 96.0, 83.0, 69.0, 38.0, 56.0, 30.0, 44.0, 53.0, 64.0, 60.0, 47.0, 43.0, 57.0, 43.0, 31.0, 39.0, 29.0, 25.0, 28.0, 34.0, 44.0, 36.0, 40.0, 45.0, 68.0, 44.0, 50.0, 45.0, 73.0, 40.0, 34.0, 47.0, 58.0, 41.0, 46.0, 50.0, 59.0, 62.0, 89.0, 88.0, 78.0, 107.0, 73.0, 82.0, 57.0, 47.0, 46.0, 51.0, 68.0, 60.0, 50.0, 35.0, 32.0, 40.0, 66.0, 56.0, 62.0, 46.0, 29.0, 49.0, 49.0, 56.0, 48.0, 38.0, 29.0, 72.0, 97.0, 100.0, 64.0, 66.0, 41.0, 65.0, 56.0, 72.0, 33.0, 42.0, 51.0, 74.0, 112.0, 79.0, 73.0, 74.0, 49.0, 44.0, 30.0, 58.0, 70.0, 98.0, 83.0, 71.0, 77.0, 58.0, 71.0, 90.0, 84.0, 87.0, 97.0, 114.0, 97.0, 108.0, 99.0, 85.0, 83.0, 73.0, 71.0, 78.0, 51.0, 42.0, 52.0, 35.0, 16.0, 23.0, 20.0, 25.0, 55.0, 42.0, 31.0, 51.0, 61.0, 40.0, 26.0, 22.0, 64.0, 39.0, 22.0, 47.0, 35.0, 39.0, 40.0, 45.0, 56.0, 52.0, 34.0, 43.0, 69.0, 70.0, 83.0, 113.0, 92.0, 109.0, 106.0, 96.0, 133.0, 115.0, 110.0, 112.0, 83.0, 74.0, 88.0, 46.0, 78.0, 101.0, 52.0, 67.0, 67.0, 47.0, 75.0, 80.0, 98.0, 121.0, 109.0, 82.0, 61.0, 43.0, 44.0, 63.0, 73.0, 38.0, 29.0, 41.0, 22.0, 34.0, 63.0, 59.0, 69.0, 69.0, 37.0, 38.0, 62.0, 23.0, 51.0, 52.0, 55.0, 19.0, 26.0, 23.0]"
phi=0.90,O-M15,5,57.75,63.1,False,12,"[57.7, 21.0, 23.0, 20.0, 28.0, 53.0, 52.0, 68.0, 54.0, 29.0, 15.0, 43.0, 52.0, 63.0, 75.0, 72.0, 69.0, 73.0, 73.0, 76.0, 91.0, 53.0, 53.0, 92.0, 56.0, 41.0, 54.0, 49.0, 68.0, 94.0, 98.0, 338.0, 348.0, 246.0, 223.0, 216.0, 233.0, 204.0, 218.0, 237.0, 171.0, 149.0, 120.0, 111.0, 85.0, 48.0, 69.0, 41.0, 72.0, 44.0, 47.0, 51.0, 34.0, 60.0, 69.0, 94.0, 46.0, 49.0, 69.0, 61.0, 33.0, 61.0, 83.0, 73.0, 78.0, 60.0, 33.0, 35.0, 29.0, 63.0, 63.0, 63.0, 70.0, 33.0, 27.0, 33.0, 38.0, 58.0, 84.0, 112.0, 87.0, 72.0, 67.0, 115.0, 140.0, 155.0, 172.0, 213.0, 200.0, 202.0, 218.0, 213.0, 196.0, 176.0, 112.0, 111.0, 153.0, 113.0, 108.0, 127.0, 135.0, 148.0, 133.0, 161.0, 124.0, 43.0, 20.0, 41.0, 39.0, 40.0, 25.0, 42.0, 50.0, 58.0, 64.0, 65.0, 57.0, 46.0, 56.0, 69.0, 63.0, 68.0, 75.0, 41.0, 78.0, 59.0, 52.0, 76.0, 52.0, 49.0, 63.0, 41.0, 35.0, 24.0, 23.0, 23.0, 19.0, 37.0, 32.0, 27.0, 26.0, 31.0, 35.0, 58.0, 32.0, 21.0, 41.0, 52.0, 36.0, 51.0, 53.0, 45.0, 39.0, 56.0, 79.0, 71.0, 43.0, 69.0, 59.0, 72.0, 84.0, 49.0, 34.0, 30.0, 44.0, 52.0, 52.0, 59.0, 58.0, 67.0, 44.0, 65.0, 64.0, 83.0, 83.0, 78.0, 102.0, 140.0, 152.0, 150.0, 150.0, 166.0, 166.0, 145.0, 119.0, 94.0, 110.0, 130.0, 136.0, 81.0, 69.0, 60.0, 44.0, 57.0, 76.0, 64.0, 53.0, 68.0, 76.0, 42.0, 40.0, 10.0, 20.0, 31.0, 37.0, 19.0, 19.0, 37.0, 40.0, 33.0, 51.0, 36.0, 50.0, 84.0, 59.0, 42.0, 63.0, 80.0, 69.0, 55.0, 55.0, 37.0, 37.0, 33.0, 47.0, 56.0, 37.0, 34.0, 39.0, 57.0, 109.0]"
phi=0.90,O-M15,6,57.75,47.8,False,6,"[57.7, 57.0, 64.0, 53.0, 38.0, 70.0, 64.0, 50.0, 59.0, 48.0, 41.0, 47.0, 38.0, 60.0, 37.0, 40.0, 30.0, 28.0, 92.0, 95.0, 91.0, 83.0, 74.0, 67.0, 44.0, 30.0, 20.0, 10.0, 19.0, 10.0, 22.0, 262.0, 209.0, 146.0, 123.0, 103.0, 95.0, 83.0, 73.0, 65.0, 51.0, 71.0, 52.0, 61.0, 62.0, 95.0, 82.0, 69.0, 68.0, 62.0, 57.0, 54.0, 46.0, 54.0, 58.0, 59.0, 48.0, 81.0, 102.0, 94.0, 71.0, 61.0, 45.0, 45.0, 46.0, 62.0, 62.0, 49.0, 33.0, 26.0, 42.0, 41.0, 45.0, 34.0, 42.0, 37.0, 23.0, 29.0, 39.0, 30.0, 35.0, 31.0, 34.0, 58.0, 47.0, 41.0, 30.0, 23.0, 46.0, 56.0, 54.0, 60.0, 45.0, 32.0, 39.0, 39.0, 34.0, 30.0, 29.0, 22.0, 28.0, 60.0, 107.0, 74.0, 72.0, 47.0, 44.0, 47.0, 38.0, 30.0, 25.0, 29.0, 16.0, 27.0, 42.0, 35.0, 14.0, 33.0, 42.0, 57.0, 40.0, 23.0, 50.0, 68.0, 106.0, 92.0, 86.0, 63.0, 62.0, 65.0, 53.0, 62.0, 70.0, 80.0, 91.0, 110.0, 139.0, 137.0, 160.0, 130.0, 87.0, 61.0, 53.0, 76.0, 103.0, 80.0, 35.0, 50.0, 51.0, 51.0, 67.0, 58.0, 62.0, 57.0, 63.0, 101.0, 103.0, 82.0, 53.0, 49.0, 55.0, 23.0, 45.0, 45.0, 71.0, 50.0, 38.0, 58.0, 42.0, 29.0, 51.0, 75.0, 103.0, 110.0, 80.0, 132.0, 135.0, 122.0, 136.0, 109.0, 85.0, 108.0, 58.0, 69.0, 91.0, 80.0, 62.0, 86.0, 78.0, 55.0, 50.0, 41.0, 71.0, 78.0, 88.0, 86.0, 98.0, 85.0, 73.0, 85.0, 83.0, 47.0, 37.0, 59.0, 58.0, 51.0, 46.0, 23.0, 22.0, 29.0, 31.0, 27.0, 45.0, 64.0, 76.0, 62.0, 53.0, 41.0, 70.0, 76.0, 36.0, 54.0, 77.0, 74.0, 55.0, 66.0, 75.0, 80.0, 40.0, 36.0, 15.0]"
phi=0.90,O-M15,7,57.75,75.65,False,7,"[57.7, 60.0, 91.0, 66.0, 29.0, 46.0, 57.0, 43.0, 45.0, 57.0, 43.0, 47.0, 48.0, 72.0, 96.0, 67.0, 99.0, 88.0, 95.0, 103.0, 118.0, 112.0, 87.0, 75.0, 70.0, 54.0, 66.0, 66.0, 59.0, 48.0, 43.0, 283.0, 261.0, 242.0, 207.0, 205.0, 191.0, 149.0, 106.0, 102.0, 77.0, 49.0, 25.0, 49.0, 51.0, 107.0, 142.0, 139.0, 128.0, 186.0, 128.0, 121.0, 87.0, 97.0, 54.0, 55.0, 43.0, 45.0, 30.0, 24.0, 18.0, 16.0, 29.0, 43.0, 32.0, 30.0, 29.0, 60.0, 48.0, 45.0, 70.0, 77.0, 60.0, 49.0, 56.0, 69.0, 74.0, 49.0, 68.0, 107.0, 73.0, 93.0, 66.0, 44.0, 40.0, 20.0, 32.0, 34.0, 21.0, 23.0, 35.0, 36.0, 34.0, 24.0, 13.0, 29.0, 50.0, 67.0, 59.0, 40.0, 48.0, 43.0, 52.0, 52.0, 40.0, 37.0, 38.0, 77.0, 67.0, 77.0, 74.0, 69.0, 70.0, 69.0, 64.0, 56.0, 48.0, 48.0, 38.0, 29.0, 47.0, 33.0, 28.0, 39.0, 65.0, 74.0, 60.0, 73.0, 93.0, 98.0, 74.0, 91.0, 131.0, 137.0, 106.0, 76.0, 67.0, 65.0, 27.0, 40.0, 49.0, 44.0, 36.0, 18.0, 26.0, 32.0, 30.0, 15.0, 12.0, 36.0, 37.0, 58.0, 56.0, 54.0, 59.0, 53.0, 78.0, 60.0, 62.0, 39.0, 38.0, 28.0, 20.0, 29.0, 28.0, 25.0, 34.0, 26.0, 50.0, 62.0, 52.0, 39.0, 42.0, 38.0, 45.0, 48.0, 48.0, 55.0, 56.0, 41.0, 42.0, 47.0, 49.0, 49.0, 42.0, 52.0, 41.0, 54.0, 54.0, 71.0, 74.0, 84.0, 88.0, 87.0, 85.0, 56.0, 57.0, 46.0, 51.0, 38.0, 49.0, 30.0, 31.0, 20.0, 36.0, 26.0, 43.0, 64.0, 57.0, 30.0, 23.0, 31.0, 34.0, 18.0, 34.0, 46.0, 53.0, 59.0, 56.0, 25.0, 40.0, 34.0, 58.0, 83.0, 61.0, 41.0, 62.0, 79.0, 65.0, 81.0, 118.0]"
phi=0.90,O-M15,8,57.75,70.1,False,12,"[57.7, 43.0, 37.0, 45.0, 99.0, 95.0, 65.0, 47.0, 30.0, 41.0, 18.0, 17.0, 27.0, 50.0, 30.0, 28.0, 43.0, 71.0, 84.0, 68.0, 95.0, 88.0, 64.0, 102.0, 108.0, 120.0, 116.0, 94.0, 76.0, 103.0, 108.0, 348.0, 309.0, 314.0, 312.0, 312.0, 295.0, 283.0, 226.0, 208.0, 225.0, 160.0, 122.0, 73.0, 91.0, 109.0, 87.0, 54.0, 53.0, 55.0, 35.0, 36.0, 21.0, 39.0, 53.0, 44.0, 34.0, 37.0, 43.0, 28.0, 49.0, 32.0, 50.0, 33.0, 59.0, 40.0, 36.0, 48.0, 54.0, 45.0, 58.0, 55.0, 26.0, 53.0, 47.0, 42.0, 57.0, 80.0, 80.0, 82.0, 94.0, 128.0, 107.0, 94.0, 81.0, 67.0, 33.0, 78.0, 83.0, 72.0, 68.0, 85.0, 83.0, 95.0, 70.0, 64.0, 62.0, 72.0, 55.0, 39.0, 48.0, 58.0, 90.0, 114.0, 118.0, 83.0, 98.0, 84.0, 66.0, 66.0, 81.0, 85.0, 57.0, 43.0, 33.0, 35.0, 75.0, 99.0, 75.0, 77.0, 72.0, 79.0, 52.0, 43.0, 70.0, 60.0, 41.0, 20.0, 52.0, 50.0, 49.0, 49.0, 75.0, 52.0, 60.0, 54.0, 26.0, 36.0, 33.0, 30.0, 43.0, 30.0, 35.0, 34.0, 38.0, 65.0, 65.0, 81.0, 62.0, 100.0, 88.0, 79.0, 48.0, 49.0, 65.0, 39.0, 21.0, 34.0, 55.0, 49.0, 35.0, 39.0, 61.0, 86.0, 45.0, 50.0, 54.0, 42.0, 41.0, 25.0, 30.0, 34.0, 39.0, 18.0, 41.0, 72.0, 68.0, 69.0, 44.0, 22.0, 23.0, 31.0, 21.0, 24.0, 24.0, 29.0, 41.0, 54.0, 33.0, 27.0, 49.0, 49.0, 61.0, 53.0, 73.0, 36.0, 31.0, 40.0, 38.0, 54.0, 28.0, 23.0, 33.0, 35.0, 57.0, 43.0, 44.0, 43.0, 27.0, 34.0, 46.0, 27.0, 9.0, 30.0, 30.0, 41.0, 58.0, 17.0, 60.0, 83.0, 51.0, 49.0, 63.0, 65.0, 49.0, 40.0, 47.0, 44.0, 38.0, 37.0, 25.0]"
phi=0.90,O-M15,9,57.75,55.55,False,18,"[57.7, 33.0, 34.0, 46.0, 43.0, 20.0, 35.0, 30.0, 35.0, 44.0, 60.0, 61.0, 46.0, 53.0, 85.0, 58.0, 53.0, 59.0, 37.0, 36.0, 36.0, 56.0, 57.0, 64.0, 52.0, 68.0, 63.0, 45.0, 63.0, 59.0, 51.0, 291.0, 278.0, 259.0, 240.0, 213.0, 165.0, 172.0, 151.0, 159.0, 171.0, 170.0, 147.0, 151.0, 110.0, 109.0, 78.0, 72.0, 115.0, 90.0, 92.0, 72.0, 70.0, 60.0, 52.0, 49.0, 37.0, 20.0, 30.0, 41.0, 75.0, 76.0, 103.0, 129.0, 115.0, 105.0, 67.0, 40.0, 36.0, 28.0, 35.0, 49.0, 40.0, 43.0, 26.0, 18.0, 23.0, 42.0, 37.0, 37.0, 69.0, 39.0, 45.0, 50.0, 36.0, 18.0, 26.0, 25.0, 47.0, 69.0, 56.0, 58.0, 38.0, 27.0, 36.0, 39.0, 41.0, 55.0, 82.0, 73.0, 23.0, 17.0, 33.0, 45.0, 38.0, 37.0, 48.0, 36.0, 63.0, 50.0, 48.0, 21.0, 40.0, 40.0, 32.0, 45.0, 34.0, 29.0, 35.0, 28.0, 42.0, 29.0, 54.0, 64.0, 100.0, 88.0, 90.0, 66.0, 63.0, 37.0, 62.0, 53.0, 58.0, 69.0, 84.0, 82.0, 61.0, 50.0, 30.0, 19.0, 31.0, 40.0, 26.0, 48.0, 49.0, 45.0, 25.0, 32.0, 72.0, 48.0, 84.0, 55.0, 44.0, 21.0, 49.0, 54.0, 38.0, 36.0, 37.0, 49.0, 26.0, 55.0, 21.0, 37.0, 38.0, 55.0, 38.0, 56.0, 32.0, 35.0, 29.0, 72.0, 76.0, 64.0, 72.0, 64.0, 47.0, 54.0, 37.0, 46.0, 71.0, 60.0, 83.0, 90.0, 97.0, 70.0, 73.0, 93.0, 86.0, 53.0, 65.0, 108.0, 93.0, 98.0, 141.0, 130.0, 146.0, 118.0, 100.0, 96.0, 75.0, 69.0, 52.0, 48.0, 46.0, 34.0, 24.0, 14.0, 40.0, 38.0, 44.0, 28.0, 43.0, 47.0, 63.0, 33.0, 34.0, 41.0, 37.0, 35.0, 39.0, 63.0, 90.0, 40.0, 40.0, 22.0, 30.0, 36.0, 35.0, 48.0, 68.0]"
phi=0.90,O-M15,10,57.75,94.55,False,10,"[57.7, 81.0, 80.0, 61.0, 51.0, 39.0, 74.0, 81.0, 108.0, 94.0, 87.0, 121.0, 134.0, 154.0, 143.0, 146.0, 134.0, 121.0, 92.0, 83.0, 93.0, 82.0, 68.0, 78.0, 97.0, 64.0, 49.0, 44.0, 60.0, 41.0, 48.0, 288.0, 265.0, 204.0, 218.0, 200.0, 213.0, 185.0, 189.0, 209.0, 190.0, 137.0, 115.0, 103.0, 78.0, 47.0, 38.0, 59.0, 45.0, 51.0, 39.0, 33.0, 41.0, 31.0, 26.0, 53.0, 65.0, 68.0, 101.0, 99.0, 72.0, 100.0, 53.0, 31.0, 84.0, 84.0, 90.0, 94.0, 118.0, 77.0, 64.0, 33.0, 44.0, 44.0, 41.0, 31.0, 47.0, 42.0, 45.0, 60.0, 55.0, 53.0, 31.0, 37.0, 39.0, 61.0, 80.0, 75.0, 62.0, 51.0, 119.0, 99.0, 92.0, 81.0, 76.0, 42.0, 49.0, 57.0, 58.0, 48.0, 38.0, 41.0, 26.0, 32.0, 47.0, 48.0, 49.0, 67.0, 64.0, 64.0, 92.0, 96.0, 84.0, 69.0, 75.0, 88.0, 90.0, 96.0, 140.0, 106.0, 142.0, 79.0, 77.0, 42.0, 18.0, 20.0, 26.0, 54.0, 54.0, 29.0, 41.0, 33.0, 38.0, 40.0, 27.0, 28.0, 49.0, 54.0, 66.0, 67.0, 63.0, 65.0, 51.0, 51.0, 53.0, 40.0, 44.0, 20.0, 32.0, 33.0, 19.0, 13.0, 39.0, 35.0, 41.0, 65.0, 76.0, 71.0, 103.0, 107.0, 93.0, 88.0, 84.0, 51.0, 44.0, 63.0, 55.0, 41.0, 22.0, 11.0, 13.0, 46.0, 30.0, 52.0, 76.0, 46.0, 26.0, 47.0, 27.0, 21.0, 17.0, 29.0, 44.0, 52.0, 45.0, 35.0, 34.0, 47.0, 40.0, 70.0, 63.0, 46.0, 32.0, 42.0, 32.0, 21.0, 24.0, 38.0, 48.0, 33.0, 34.0, 23.0, 28.0, 23.0, 36.0, 51.0, 74.0, 61.0, 87.0, 49.0, 42.0, 54.0, 33.0, 51.0, 33.0, 41.0, 32.0, 43.0, 47.0, 33.0, 44.0, 50.0, 48.0, 54.0, 39.0, 55.0, 67.0, 72.0, 63.0, 54.0, 69.0]"
phi=0.90,O-M15,11,57.75,46.65,False,7,"[57.7, 51.0, 51.0, 77.0, 57.0, 50.0, 77.0, 78.0, 59.0, 91.0, 55.0, 50.0, 39.0, 25.0, 28.0, 37.0, 51.0, 46.0, 23.0, 61.0, 43.0, 55.0, 56.0, 48.0, 48.0, 48.0, 40.0, 64.0, 68.0, 48.0, 23.0, 263.0, 246.0, 224.0, 169.0, 126.0, 152.0, 133.0, 82.0, 86.0, 72.0, 34.0, 32.0, 29.0, 41.0, 91.0, 62.0, 30.0, 38.0, 68.0, 57.0, 72.0, 73.0, 41.0, 42.0, 78.0, 77.0, 64.0, 86.0, 62.0, 107.0, 110.0, 91.0, 113.0, 133.0, 119.0, 57.0, 56.0, 46.0, 40.0, 35.0, 47.0, 74.0, 99.0, 53.0, 56.0, 60.0, 76.0, 83.0, 64.0, 68.0, 47.0, 62.0, 40.0, 41.0, 40.0, 29.0, 57.0, 77.0, 77.0, 56.0, 58.0, 54.0, 68.0, 41.0, 33.0, 20.0, 34.0, 51.0, 47.0, 58.0, 34.0, 13.0, 18.0, 32.0, 28.0, 54.0, 40.0, 18.0, 27.0, 54.0, 95.0, 117.0, 128.0, 162.0, 183.0, 138.0, 135.0, 98.0, 61.0, 53.0, 58.0, 74.0, 74.0, 83.0, 56.0, 51.0, 71.0, 73.0, 49.0, 62.0, 55.0, 63.0, 54.0, 47.0, 34.0, 31.0, 47.0, 39.0, 25.0, 40.0, 20.0, 34.0, 39.0, 33.0, 63.0, 62.0, 69.0, 75.0, 84.0, 77.0, 62.0, 59.0, 45.0, 50.0, 85.0, 102.0, 84.0, 86.0, 71.0, 95.0, 112.0, 104.0, 112.0, 117.0, 85.0, 103.0, 115.0, 80.0, 96.0, 44.0, 47.0, 41.0, 33.0, 63.0, 94.0, 82.0, 128.0, 123.0, 123.0, 60.0, 60.0, 76.0, 103.0, 66.0, 68.0, 66.0, 72.0, 90.0, 131.0, 126.0, 128.0, 99.0, 84.0, 89.0, 69.0, 57.0, 56.0, 56.0, 55.0, 57.0, 43.0, 50.0, 47.0, 47.0, 41.0, 44.0, 34.0, 47.0, 67.0, 57.0, 47.0, 33.0, 38.0, 54.0, 64.0, 35.0, 46.0, 40.0, 59.0, 56.0, 68.0, 97.0, 109.0, 157.0, 159.0, 153.0, 214.0, 193.0, 138.0, 131.0]"
phi=0.90,O-M15,12,57.75,40.3,False,22,"[57.7, 52.0, 44.0, 42.0, 33.0, 47.0, 44.0, 60.0, 58.0, 45.0, 26.0, 24.0, 26.0, 34.0, 23.0, 20.0, 25.0, 17.0, 21.0, 47.0, 37.0, 36.0, 46.0, 62.0, 58.0, 75.0, 59.0, 42.0, 56.0, 72.0, 55.0, 295.0, 245.0, 230.0, 237.0, 198.0, 213.0, 210.0, 206.0, 131.0, 182.0, 169.0, 198.0, 203.0, 246.0, 236.0, 244.0, 201.0, 212.0, 122.0, 100.0, 89.0, 97.0, 85.0, 58.0, 50.0, 33.0, 43.0, 59.0, 39.0, 38.0, 23.0, 51.0, 33.0, 41.0, 26.0, 59.0, 51.0, 47.0, 37.0, 38.0, 18.0, 34.0, 33.0, 57.0, 51.0, 29.0, 22.0, 46.0, 40.0, 65.0, 54.0, 55.0, 80.0, 74.0, 72.0, 41.0, 49.0, 48.0, 36.0, 27.0, 18.0, 22.0, 43.0, 58.0, 66.0, 42.0, 62.0, 51.0, 41.0, 81.0, 80.0, 69.0, 90.0, 91.0, 101.0, 70.0, 47.0, 61.0, 71.0, 67.0, 70.0, 63.0, 30.0, 25.0, 13.0, 36.0, 34.0, 30.0, 43.0, 70.0, 94.0, 69.0, 82.0, 42.0, 64.0, 92.0, 72.0, 78.0, 58.0, 70.0, 53.0, 40.0, 37.0, 64.0, 40.0, 31.0, 21.0, 41.0, 53.0, 57.0, 58.0, 84.0, 105.0, 118.0, 80.0, 81.0, 100.0, 112.0, 104.0, 94.0, 101.0, 98.0, 72.0, 83.0, 70.0, 49.0, 33.0, 46.0, 72.0, 58.0, 61.0, 59.0, 44.0, 50.0, 49.0, 49.0, 40.0, 39.0, 59.0, 40.0, 28.0, 51.0, 63.0, 69.0, 59.0, 67.0, 49.0, 37.0, 48.0, 52.0, 49.0, 45.0, 43.0, 41.0, 38.0, 57.0, 25.0, 50.0, 37.0, 21.0, 37.0, 23.0, 45.0, 67.0, 84.0, 52.0, 50.0, 62.0, 28.0, 24.0, 31.0, 52.0, 45.0, 62.0, 56.0, 88.0, 79.0, 82.0, 74.0, 58.0, 27.0, 30.0, 41.0, 48.0, 49.0, 38.0, 35.0, 28.0, 31.0, 29.0, 43.0, 67.0, 45.0, 51.0, 62.0, 34.0, 42.0, 45.0, 26.0, 53.0]"
phi=0.90,O-M15,13,57.75,52.8,False,12,"[57.7, 56.0, 43.0, 22.0, 31.0, 24.0, 36.0, 37.0, 38.0, 55.0, 62.0, 90.0, 65.0, 51.0, 46.0, 70.0, 47.0, 48.0, 63.0, 47.0, 23.0, 42.0, 40.0, 47.0, 46.0, 45.0, 72.0, 68.0, 45.0, 39.0, 56.0, 296.0, 281.0, 306.0, 267.0, 223.0, 209.0, 234.0, 188.0, 170.0, 137.0, 130.0, 129.0, 127.0, 69.0, 61.0, 41.0, 50.0, 51.0, 53.0, 57.0, 79.0, 46.0, 47.0, 60.0, 73.0, 61.0, 78.0, 42.0, 68.0, 79.0, 106.0, 104.0, 96.0, 87.0, 81.0, 120.0, 120.0, 95.0, 112.0, 115.0, 124.0, 84.0, 49.0, 69.0, 89.0, 137.0, 101.0, 64.0, 112.0, 88.0, 64.0, 92.0, 59.0, 57.0, 68.0, 39.0, 22.0, 40.0, 53.0, 50.0, 41.0, 55.0, 73.0, 92.0, 51.0, 53.0, 38.0, 41.0, 58.0, 52.0, 41.0, 55.0, 66.0, 55.0, 57.0, 53.0, 62.0, 78.0, 46.0, 50.0, 67.0, 94.0, 83.0, 89.0, 86.0, 90.0, 94.0, 88.0, 98.0, 120.0, 137.0, 87.0, 100.0, 57.0, 27.0, 35.0, 54.0, 67.0, 60.0, 65.0, 105.0, 125.0, 143.0, 125.0, 102.0, 114.0, 111.0, 90.0, 87.0, 93.0, 77.0, 74.0, 82.0, 62.0, 58.0, 79.0, 58.0, 42.0, 51.0, 41.0, 27.0, 48.0, 72.0, 74.0, 58.0, 72.0, 85.0, 66.0, 87.0, 89.0, 59.0, 53.0, 39.0, 53.0, 38.0, 31.0, 38.0, 23.0, 22.0, 13.0, 30.0, 31.0, 39.0, 27.0, 51.0, 43.0, 59.0, 55.0, 96.0, 108.0, 91.0, 73.0, 34.0, 31.0, 48.0, 34.0, 25.0, 27.0, 10.0, 46.0, 68.0, 46.0, 63.0, 24.0, 27.0, 50.0, 56.0, 58.0, 73.0, 50.0, 31.0, 21.0, 28.0, 47.0, 55.0, 74.0, 48.0, 37.0, 32.0, 16.0, 44.0, 50.0, 46.0, 49.0, 25.0, 37.0, 48.0, 88.0, 85.0, 79.0, 107.0, 93.0, 61.0, 63.0, 94.0, 123.0, 82.0, 76.0, 70.0, 57.0]"
phi=0.90,O-M15,14,57.75,47.95,False,12,"[57.7, 47.0, 58.0, 42.0, 43.0, 54.0, 64.0, 69.0, 47.0, 45.0, 48.0, 32.0, 37.0, 36.0, 49.0, 64.0, 65.0, 70.0, 41.0, 51.0, 39.0, 57.0, 61.0, 59.0, 52.0, 44.0, 44.0, 56.0, 22.0, 32.0, 37.0, 277.0, 233.0, 250.0, 233.0, 146.0, 94.0, 96.0, 61.0, 64.0, 66.0, 103.0, 96.0, 74.0, 80.0, 55.0, 63.0, 42.0, 68.0, 53.0, 80.0, 61.0, 60.0, 53.0, 39.0, 24.0, 37.0, 39.0, 55.0, 44.0, 40.0, 79.0, 80.0, 69.0, 54.0, 62.0, 75.0, 62.0, 53.0, 47.0, 21.0, 46.0, 33.0, 45.0, 29.0, 25.0, 36.0, 32.0, 40.0, 76.0, 93.0, 48.0, 32.0, 53.0, 64.0, 58.0, 28.0, 51.0, 50.0, 31.0, 6.0, 30.0, 38.0, 55.0, 100.0, 93.0, 75.0, 69.0, 49.0, 53.0, 68.0, 63.0, 72.0, 70.0, 52.0, 65.0, 77.0, 72.0, 96.0, 65.0, 66.0, 74.0, 46.0, 33.0, 29.0, 32.0, 43.0, 28.0, 43.0, 49.0, 74.0, 73.0, 63.0, 27.0, 39.0, 54.0, 51.0, 38.0, 63.0, 59.0, 87.0, 104.0, 110.0, 92.0, 95.0, 100.0, 141.0, 86.0, 91.0, 58.0, 87.0, 95.0, 123.0, 106.0, 82.0, 69.0, 80.0, 36.0, 38.0, 29.0, 43.0, 40.0, 47.0, 59.0, 54.0, 62.0, 52.0, 51.0, 94.0, 83.0, 71.0, 74.0, 52.0, 68.0, 61.0, 64.0, 56.0, 33.0, 17.0, 33.0, 44.0, 27.0, 36.0, 22.0, 33.0, 34.0, 39.0, 36.0, 60.0, 52.0, 63.0, 61.0, 62.0, 103.0, 69.0, 74.0, 63.0, 47.0, 57.0, 60.0, 34.0, 29.0, 11.0, 17.0, 23.0, 35.0, 48.0, 28.0, 44.0, 44.0, 31.0, 54.0, 95.0, 95.0, 59.0, 44.0, 60.0, 55.0, 41.0, 49.0, 55.0, 69.0, 56.0, 74.0, 74.0, 58.0, 78.0, 98.0, 75.0, 64.0, 49.0, 25.0, 48.0, 33.0, 37.0, 47.0, 67.0, 100.0, 67.0, 62.0, 81.0]"
phi=0.90,O-M15,15,57.75,49.65,False,13,"[57.7, 41.0, 34.0, 52.0, 56.0, 40.0, 34.0, 22.0, 28.0, 30.0, 30.0, 26.0, 30.0, 58.0, 58.0, 46.0, 49.0, 47.0, 29.0, 26.0, 40.0, 68.0, 58.0, 38.0, 48.0, 53.0, 79.0, 71.0, 87.0, 52.0, 17.0, 257.0, 224.0, 264.0, 235.0, 244.0, 242.0, 188.0, 159.0, 159.0, 140.0, 130.0, 131.0, 117.0, 60.0, 64.0, 66.0, 54.0, 67.0, 55.0, 39.0, 31.0, 53.0, 51.0, 71.0, 96.0, 67.0, 49.0, 49.0, 47.0, 84.0, 88.0, 88.0, 123.0, 139.0, 170.0, 155.0, 155.0, 147.0, 123.0, 101.0, 86.0, 61.0, 60.0, 71.0, 106.0, 47.0, 51.0, 60.0, 53.0, 46.0, 40.0, 30.0, 48.0, 59.0, 87.0, 83.0, 80.0, 87.0, 77.0, 93.0, 140.0, 99.0, 112.0, 74.0, 53.0, 49.0, 59.0, 60.0, 42.0, 28.0, 32.0, 28.0, 34.0, 68.0, 104.0, 84.0, 89.0, 111.0, 123.0, 86.0, 91.0, 72.0, 60.0, 66.0, 61.0, 98.0, 89.0, 80.0, 91.0, 59.0, 97.0, 114.0, 132.0, 153.0, 100.0, 80.0, 88.0, 73.0, 67.0, 59.0, 34.0, 26.0, 40.0, 43.0, 57.0, 52.0, 36.0, 48.0, 69.0, 113.0, 108.0, 134.0, 114.0, 99.0, 39.0, 35.0, 34.0, 16.0, 45.0, 56.0, 54.0, 63.0, 57.0, 50.0, 88.0, 117.0, 91.0, 84.0, 50.0, 53.0, 21.0, 19.0, 27.0, 51.0, 59.0, 37.0, 28.0, 26.0, 43.0, 54.0, 46.0, 22.0, 5.0, 23.0, 40.0, 40.0, 38.0, 28.0, 29.0, 25.0, 60.0, 39.0, 63.0, 112.0, 126.0, 136.0, 118.0, 100.0, 103.0, 109.0, 86.0, 92.0, 89.0, 49.0, 64.0, 56.0, 57.0, 89.0, 89.0, 104.0, 106.0, 98.0, 77.0, 72.0, 57.0, 67.0, 54.0, 35.0, 39.0, 48.0, 83.0, 87.0, 84.0, 92.0, 80.0, 84.0, 68.0, 50.0, 62.0, 72.0, 57.0, 75.0, 77.0, 45.0, 49.0, 86.0, 65.0, 20.0, 36.0, 23.0]"
phi=0.90,O-M15,16,57.75,43.6,False,19,"[57.7, 31.0, 45.0, 80.0, 63.0, 81.0, 50.0, 65.0, 63.0, 69.0, 66.0, 74.0, 81.0, 49.0, 52.0, 68.0, 18.0, 4.0, 23.0, 27.0, 42.0, 39.0, 27.0, 45.0, 38.0, 37.0, 42.0, 50.0, 47.0, 43.0, 29.0, 269.0, 244.0, 225.0, 200.0, 219.0, 217.0, 193.0, 170.0, 106.0, 97.0, 109.0, 101.0, 88.0, 104.0, 94.0, 106.0, 114.0, 109.0, 111.0, 76.0, 72.0, 43.0, 34.0, 41.0, 63.0, 58.0, 65.0, 43.0, 46.0, 47.0, 42.0, 29.0, 60.0, 59.0, 50.0, 48.0, 86.0, 109.0, 86.0, 96.0, 124.0, 85.0, 76.0, 48.0, 44.0, 65.0, 59.0, 59.0, 56.0, 79.0, 55.0, 56.0, 79.0, 44.0, 37.0, 39.0, 62.0, 50.0, 34.0, 42.0, 46.0, 38.0, 19.0, 34.0, 48.0, 59.0, 51.0, 70.0, 99.0, 58.0, 34.0, 44.0, 44.0, 55.0, 59.0, 40.0, 51.0, 42.0, 38.0, 31.0, 57.0, 73.0, 75.0, 29.0, 35.0, 36.0, 58.0, 59.0, 37.0, 43.0, 34.0, 60.0, 79.0, 74.0, 67.0, 26.0, 21.0, 22.0, 63.0, 64.0, 42.0, 25.0, 31.0, 55.0, 26.0, 26.0, 27.0, 63.0, 46.0, 31.0, 30.0, 49.0, 47.0, 32.0, 25.0, 52.0, 63.0, 65.0, 53.0, 48.0, 24.0, 13.0, 41.0, 36.0, 77.0, 89.0, 104.0, 92.0, 106.0, 88.0, 96.0, 101.0, 93.0, 59.0, 42.0, 51.0, 36.0, 41.0, 45.0, 48.0, 51.0, 91.0, 79.0, 74.0, 54.0, 67.0, 34.0, 45.0, 41.0, 32.0, 25.0, 26.0, 32.0, 53.0, 40.0, 91.0, 66.0, 69.0, 66.0, 71.0, 73.0, 117.0, 69.0, 67.0, 75.0, 62.0, 70.0, 57.0, 71.0, 74.0, 60.0, 53.0, 86.0, 64.0, 53.0, 42.0, 41.0, 64.0, 50.0, 37.0, 28.0, 38.0, 53.0, 69.0, 71.0, 63.0, 67.0, 54.0, 57.0, 64.0, 45.0, 51.0, 75.0, 71.0, 66.0, 51.0, 50.0, 70.0, 67.0, 77.0]"
phi=0.90,O-M15,17,57.75,60.65,False,6,"[57.7, 73.0, 86.0, 68.0, 86.0, 125.0, 134.0, 90.0, 107.0, 98.0, 77.0, 54.0, 53.0, 60.0, 61.0, 55.0, 73.0, 83.0, 72.0, 35.0, 72.0, 83.0, 59.0, 64.0, 50.0, 50.0, 49.0, 48.0, 55.0, 60.0, 74.0, 314.0, 306.0, 294.0, 181.0, 116.0, 134.0, 105.0, 77.0, 56.0, 57.0, 52.0, 71.0, 64.0, 74.0, 66.0, 42.0, 30.0, 48.0, 44.0, 41.0, 40.0, 32.0, 38.0, 28.0, 26.0, 34.0, 27.0, 26.0, 39.0, 63.0, 73.0, 80.0, 101.0, 115.0, 99.0, 74.0, 21.0, 38.0, 42.0, 43.0, 56.0, 84.0, 110.0, 118.0, 110.0, 84.0, 58.0, 41.0, 44.0, 41.0, 75.0, 47.0, 54.0, 49.0, 62.0, 53.0, 60.0, 67.0, 54.0, 36.0, 57.0, 36.0, 24.0, 46.0, 61.0, 68.0, 72.0, 58.0, 57.0, 86.0, 98.0, 79.0, 66.0, 80.0, 67.0, 50.0, 35.0, 38.0, 36.0, 46.0, 63.0, 71.0, 35.0, 26.0, 43.0, 50.0, 77.0, 105.0, 68.0, 44.0, 58.0, 49.0, 38.0, 37.0, 41.0, 64.0, 60.0, 68.0, 74.0, 72.0, 49.0, 32.0, 25.0, 36.0, 45.0, 54.0, 59.0, 70.0, 62.0, 58.0, 54.0, 46.0, 22.0, 45.0, 44.0, 56.0, 40.0, 34.0, 35.0, 63.0, 28.0, 27.0, 70.0, 46.0, 46.0, 48.0, 42.0, 64.0, 52.0, 62.0, 75.0, 51.0, 59.0, 81.0, 106.0, 75.0, 83.0, 82.0, 61.0, 65.0, 57.0, 72.0, 65.0, 97.0, 74.0, 131.0, 74.0, 78.0, 79.0, 102.0, 97.0, 121.0, 89.0, 91.0, 89.0, 85.0, 54.0, 44.0, 67.0, 48.0, 51.0, 67.0, 88.0, 112.0, 121.0, 126.0, 95.0, 60.0, 75.0, 121.0, 98.0, 100.0, 95.0, 83.0, 68.0, 70.0, 60.0, 69.0, 57.0, 43.0, 60.0, 51.0, 55.0, 35.0, 46.0, 34.0, 54.0, 74.0, 87.0, 85.0, 57.0, 36.0, 36.0, 30.0, 40.0, 45.0, 70.0, 57.0, 45.0, 60.0]"
phi=0.90,O-M15,18,57.75,48.5,False,7,"[57.7, 94.0, 70.0, 44.0, 44.0, 38.0, 51.0, 31.0, 44.0, 40.0, 36.0, 46.0, 35.0, 49.0, 23.0, 38.0, 38.0, 49.0, 64.0, 60.0, 71.0, 57.0, 30.0, 52.0, 63.0, 77.0, 54.0, 40.0, 47.0, 41.0, 46.0, 286.0, 266.0, 215.0, 192.0, 190.0, 149.0, 88.0, 89.0, 65.0, 69.0, 78.0, 43.0, 39.0, 35.0, 85.0, 58.0, 44.0, 65.0, 75.0, 76.0, 55.0, 34.0, 38.0, 39.0, 66.0, 67.0, 77.0, 57.0, 84.0, 80.0, 63.0, 63.0, 61.0, 53.0, 60.0, 40.0, 32.0, 36.0, 62.0, 53.0, 57.0, 70.0, 53.0, 81.0, 74.0, 61.0, 42.0, 61.0, 50.0, 42.0, 66.0, 57.0, 61.0, 75.0, 81.0, 77.0, 38.0, 48.0, 63.0, 20.0, 61.0, 49.0, 59.0, 64.0, 56.0, 56.0, 24.0, 20.0, 49.0, 59.0, 30.0, 22.0, 12.0, 15.0, 33.0, 51.0, 60.0, 104.0, 79.0, 52.0, 29.0, 55.0, 35.0, 17.0, 18.0, 41.0, 34.0, 62.0, 67.0, 68.0, 65.0, 73.0, 99.0, 93.0, 92.0, 134.0, 149.0, 130.0, 134.0, 91.0, 68.0, 58.0, 46.0, 61.0, 69.0, 83.0, 102.0, 106.0, 84.0, 85.0, 77.0, 66.0, 43.0, 47.0, 57.0, 44.0, 53.0, 32.0, 32.0, 35.0, 21.0, 34.0, 39.0, 38.0, 42.0, 65.0, 57.0, 45.0, 50.0, 38.0, 42.0, 49.0, 36.0, 54.0, 99.0, 118.0, 100.0, 107.0, 111.0, 104.0, 90.0, 104.0, 77.0, 57.0, 51.0, 51.0, 43.0, 40.0, 51.0, 48.0, 75.0, 77.0, 69.0, 45.0, 33.0, 50.0, 31.0, 32.0, 52.0, 60.0, 77.0, 53.0, 27.0, 17.0, 23.0, 32.0, 58.0, 55.0, 55.0, 34.0, 46.0, 63.0, 90.0, 60.0, 64.0, 62.0, 61.0, 39.0, 39.0, 53.0, 21.0, 41.0, 48.0, 76.0, 66.0, 72.0, 60.0, 100.0, 103.0, 73.0, 116.0, 147.0, 122.0, 104.0, 98.0, 121.0, 103.0, 104.0, 104.0, 94.0]"
phi=0.90,O-M15,19,57.75,47.8,False,17,"[57.7, 31.0, 20.0, 45.0, 44.0, 52.0, 78.0, 105.0, 121.0, 109.0, 100.0, 92.0, 63.0, 52.0, 49.0, 41.0, 63.0, 54.0, 61.0, 60.0, 20.0, 23.0, 40.0, 25.0, 30.0, 31.0, 42.0, 42.0, 36.0, 32.0, 36.0, 276.0, 308.0, 288.0, 274.0, 231.0, 197.0, 169.0, 154.0, 123.0, 72.0, 60.0, 83.0, 89.0, 78.0, 91.0, 86.0, 97.0, 104.0, 99.0, 43.0, 44.0, 37.0, 51.0, 29.0, 67.0, 60.0, 67.0, 50.0, 33.0, 51.0, 47.0, 52.0, 51.0, 55.0, 61.0, 47.0, 26.0, 63.0, 75.0, 70.0, 28.0, 45.0, 47.0, 77.0, 100.0, 83.0, 65.0, 29.0, 34.0, 29.0, 30.0, 40.0, 50.0, 43.0, 45.0, 30.0, 55.0, 26.0, 23.0, 31.0, 26.0, 17.0, 25.0, 63.0, 81.0, 81.0, 88.0, 82.0, 114.0, 108.0, 106.0, 54.0, 48.0, 56.0, 60.0, 57.0, 72.0, 74.0, 85.0, 99.0, 138.0, 137.0, 123.0, 92.0, 101.0, 99.0, 58.0, 53.0, 67.0, 121.0, 110.0, 91.0, 73.0, 53.0, 47.0, 32.0, 30.0, 27.0, 21.0, 16.0, 35.0, 48.0, 44.0, 54.0, 41.0, 59.0, 52.0, 49.0, 47.0, 55.0, 79.0, 98.0, 96.0, 80.0, 55.0, 70.0, 98.0, 94.0, 99.0, 88.0, 71.0, 70.0, 110.0, 101.0, 98.0, 111.0, 133.0, 144.0, 114.0, 125.0, 125.0, 124.0, 133.0, 124.0, 110.0, 67.0, 46.0, 50.0, 27.0, 34.0, 71.0, 29.0, 29.0, 41.0, 41.0, 43.0, 36.0, 64.0, 49.0, 47.0, 21.0, 36.0, 32.0, 26.0, 22.0, 34.0, 40.0, 62.0, 96.0, 82.0, 78.0, 79.0, 78.0, 87.0, 61.0, 60.0, 59.0, 71.0, 57.0, 50.0, 71.0, 78.0, 60.0, 60.0, 50.0, 44.0, 57.0, 49.0, 33.0, 50.0, 51.0, 67.0, 74.0, 83.0, 100.0, 68.0, 92.0, 47.0, 56.0, 52.0, 58.0, 65.0, 78.0, 72.0, 42.0, 55.0, 70.0, 38.0, 39.0, 68.0]"
phi=0.90,C0-M15,0,63.08,77.95,False,7,"[63.1, 33.0, 41.0, 31.0, 61.0, 62.0, 97.0, 95.0, 99.0, 80.0, 80.0, 73.0, 83.0, 72.0, 84.0, 88.0, 96.0, 116.0, 133.0, 115.0, 94.0, 91.0, 90.0, 57.0, 68.0, 44.0, 31.0, 34.0, 57.0, 53.0, 33.0, 273.0, 255.0, 255.0, 200.0, 175.0, 131.0, 116.0, 103.0, 117.0, 110.0, 93.0, 81.0, 92.0, 87.0, 83.0, 104.0, 102.0, 61.0, 68.0, 60.0, 80.0, 83.0, 77.0, 50.0, 34.0, 42.0, 41.0, 72.0, 70.0, 88.0, 59.0, 61.0, 91.0, 92.0, 109.0, 98.0, 72.0, 57.0, 60.0, 99.0, 54.0, 77.0, 56.0, 41.0, 45.0, 61.0, 49.0, 86.0, 72.0, 53.0, 54.0, 25.0, 31.0, 54.0, 39.0, 39.0, 80.0, 69.0, 32.0, 54.0, 54.0, 78.0, 74.0, 121.0, 132.0, 114.0, 143.0, 131.0, 104.0, 102.0, 107.0, 87.0, 61.0, 62.0, 47.0, 42.0, 38.0, 52.0, 98.0, 127.0, 129.0, 136.0, 105.0, 117.0, 136.0, 114.0, 108.0, 108.0, 83.0, 86.0, 77.0, 57.0, 54.0, 73.0, 80.0, 100.0, 68.0, 69.0, 91.0, 104.0, 80.0, 76.0, 91.0, 58.0, 49.0, 46.0, 45.0, 53.0, 67.0, 55.0, 83.0, 52.0, 52.0, 45.0, 46.0, 42.0, 31.0, 39.0, 17.0, 69.0, 42.0, 45.0, 99.0, 120.0, 84.0, 109.0, 92.0, 89.0, 58.0, 37.0, 35.0, 32.0, 34.0, 32.0, 23.0, 18.0, 30.0, 46.0, 65.0, 84.0, 98.0, 80.0, 88.0, 97.0, 102.0, 109.0, 45.0, 70.0, 43.0, 35.0, 44.0, 71.0, 53.0, 69.0, 77.0, 91.0, 73.0, 68.0, 81.0, 69.0, 69.0, 118.0, 99.0, 83.0, 86.0, 80.0, 73.0, 89.0, 121.0, 82.0, 83.0, 88.0, 61.0, 54.0, 48.0, 64.0, 54.0, 58.0, 61.0, 77.0, 66.0, 55.0, 87.0, 61.0, 62.0, 103.0, 110.0, 95.0, 95.0, 97.0, 100.0, 90.0, 97.0, 107.0, 93.0, 120.0, 119.0, 114.0, 135.0, 143.0]"
phi=0.90,C0-M15,1,63.08,52.65,False,46,"[63.1, 52.0, 34.0, 52.0, 48.0, 68.0, 60.0, 67.0, 82.0, 74.0, 52.0, 51.0, 46.0, 64.0, 79.0, 64.0, 38.0, 82.0, 51.0, 56.0, 37.0, 59.0, 46.0, 49.0, 54.0, 48.0, 39.0, 33.0, 39.0, 66.0, 92.0, 332.0, 304.0, 316.0, 298.0, 263.0, 208.0, 211.0, 195.0, 158.0, 177.0, 165.0, 179.0, 152.0, 160.0, 140.0, 97.0, 106.0, 40.0, 65.0, 84.0, 104.0, 121.0, 108.0, 78.0, 117.0, 103.0, 112.0, 101.0, 118.0, 126.0, 143.0, 145.0, 140.0, 136.0, 166.0, 154.0, 128.0, 98.0, 83.0, 75.0, 77.0, 80.0, 103.0, 118.0, 142.0, 120.0, 112.0, 81.0, 46.0, 32.0, 26.0, 16.0, 27.0, 41.0, 69.0, 59.0, 44.0, 61.0, 85.0, 63.0, 55.0, 47.0, 54.0, 72.0, 55.0, 55.0, 52.0, 48.0, 27.0, 41.0, 71.0, 69.0, 69.0, 98.0, 80.0, 82.0, 70.0, 82.0, 100.0, 100.0, 88.0, 88.0, 99.0, 69.0, 61.0, 46.0, 56.0, 79.0, 87.0, 87.0, 74.0, 61.0, 55.0, 48.0, 46.0, 39.0, 73.0, 106.0, 89.0, 63.0, 67.0, 55.0, 75.0, 73.0, 88.0, 95.0, 115.0, 126.0, 136.0, 137.0, 143.0, 147.0, 128.0, 149.0, 131.0, 92.0, 63.0, 75.0, 87.0, 62.0, 40.0, 55.0, 49.0, 33.0, 31.0, 41.0, 62.0, 63.0, 50.0, 63.0, 45.0, 64.0, 75.0, 67.0, 101.0, 107.0, 134.0, 129.0, 108.0, 103.0, 86.0, 86.0, 116.0, 99.0, 90.0, 80.0, 54.0, 55.0, 16.0, 53.0, 34.0, 30.0, 48.0, 44.0, 102.0, 63.0, 92.0, 89.0, 104.0, 65.0, 43.0, 34.0, 31.0, 39.0, 30.0, 20.0, 42.0, 41.0, 34.0, 51.0, 69.0, 54.0, 55.0, 44.0, 47.0, 47.0, 62.0, 43.0, 67.0, 121.0, 117.0, 72.0, 54.0, 67.0, 63.0, 45.0, 48.0, 38.0, 30.0, 33.0, 63.0, 83.0, 86.0, 102.0, 124.0, 101.0, 110.0, 131.0, 97.0, 103.0]"
phi=0.90,C0-M15,2,63.08,51.25,False,31,"[63.1, 70.0, 59.0, 72.0, 58.0, 70.0, 70.0, 54.0, 70.0, 75.0, 53.0, 56.0, 70.0, 57.0, 40.0, 32.0, 45.0, 49.0, 85.0, 47.0, 46.0, 57.0, 47.0, 54.0, 49.0, 71.0, 55.0, 50.0, 21.0, 41.0, 38.0, 278.0, 258.0, 245.0, 255.0, 214.0, 214.0, 209.0, 220.0, 201.0, 132.0, 155.0, 160.0, 98.0, 98.0, 73.0, 87.0, 99.0, 106.0, 105.0, 74.0, 72.0, 71.0, 92.0, 103.0, 115.0, 109.0, 77.0, 100.0, 81.0, 106.0, 109.0, 105.0, 84.0, 88.0, 53.0, 22.0, 29.0, 68.0, 55.0, 54.0, 34.0, 60.0, 94.0, 110.0, 116.0, 122.0, 93.0, 70.0, 70.0, 92.0, 100.0, 114.0, 67.0, 90.0, 82.0, 68.0, 107.0, 59.0, 74.0, 68.0, 90.0, 81.0, 85.0, 62.0, 49.0, 75.0, 72.0, 53.0, 71.0, 53.0, 46.0, 57.0, 75.0, 48.0, 40.0, 45.0, 56.0, 59.0, 56.0, 81.0, 83.0, 84.0, 36.0, 33.0, 25.0, 26.0, 14.0, 33.0, 23.0, 32.0, 47.0, 51.0, 75.0, 66.0, 46.0, 31.0, 41.0, 51.0, 65.0, 77.0, 95.0, 92.0, 67.0, 98.0, 62.0, 75.0, 71.0, 85.0, 92.0, 57.0, 49.0, 64.0, 75.0, 77.0, 58.0, 97.0, 131.0, 106.0, 61.0, 45.0, 37.0, 29.0, 37.0, 39.0, 26.0, 41.0, 34.0, 34.0, 38.0, 37.0, 71.0, 76.0, 85.0, 103.0, 64.0, 76.0, 77.0, 78.0, 80.0, 41.0, 44.0, 42.0, 42.0, 42.0, 38.0, 41.0, 37.0, 42.0, 54.0, 58.0, 55.0, 83.0, 56.0, 62.0, 66.0, 121.0, 99.0, 80.0, 69.0, 52.0, 47.0, 52.0, 37.0, 76.0, 106.0, 94.0, 65.0, 76.0, 64.0, 74.0, 59.0, 90.0, 87.0, 73.0, 58.0, 59.0, 78.0, 61.0, 94.0, 98.0, 56.0, 62.0, 71.0, 88.0, 82.0, 82.0, 82.0, 45.0, 52.0, 55.0, 48.0, 45.0, 41.0, 27.0, 29.0, 25.0, 34.0, 44.0, 32.0, 25.0]"
phi=0.90,C0-M15,3,63.08,72.35,False,5,"[63.1, 53.0, 51.0, 49.0, 46.0, 53.0, 66.0, 85.0, 89.0, 85.0, 111.0, 76.0, 69.0, 87.0, 103.0, 94.0, 51.0, 63.0, 39.0, 41.0, 87.0, 75.0, 102.0, 105.0, 62.0, 50.0, 65.0, 51.0, 64.0, 52.0, 69.0, 309.0, 230.0, 165.0, 146.0, 121.0, 135.0, 99.0, 59.0, 76.0, 72.0, 55.0, 50.0, 37.0, 40.0, 73.0, 65.0, 73.0, 81.0, 96.0, 75.0, 65.0, 70.0, 55.0, 91.0, 107.0, 90.0, 93.0, 47.0, 58.0, 76.0, 90.0, 83.0, 81.0, 81.0, 59.0, 44.0, 67.0, 85.0, 89.0, 68.0, 59.0, 101.0, 81.0, 79.0, 108.0, 99.0, 98.0, 76.0, 73.0, 97.0, 45.0, 50.0, 52.0, 49.0, 50.0, 59.0, 73.0, 93.0, 54.0, 60.0, 66.0, 65.0, 94.0, 74.0, 68.0, 69.0, 88.0, 77.0, 84.0, 112.0, 104.0, 118.0, 111.0, 65.0, 64.0, 41.0, 30.0, 37.0, 61.0, 75.0, 33.0, 19.0, 6.0, 31.0, 40.0, 24.0, 28.0, 33.0, 30.0, 37.0, 25.0, 30.0, 44.0, 43.0, 32.0, 48.0, 105.0, 105.0, 101.0, 65.0, 70.0, 26.0, 37.0, 19.0, 20.0, 41.0, 30.0, 29.0, 26.0, 25.0, 39.0, 42.0, 44.0, 59.0, 64.0, 76.0, 86.0, 106.0, 90.0, 96.0, 103.0, 110.0, 78.0, 66.0, 56.0, 68.0, 52.0, 24.0, 28.0, 15.0, 22.0, 28.0, 60.0, 58.0, 56.0, 32.0, 110.0, 81.0, 49.0, 40.0, 47.0, 67.0, 78.0, 89.0, 99.0, 44.0, 41.0, 53.0, 59.0, 57.0, 45.0, 86.0, 66.0, 54.0, 27.0, 39.0, 51.0, 48.0, 51.0, 66.0, 43.0, 59.0, 76.0, 77.0, 56.0, 36.0, 31.0, 40.0, 88.0, 114.0, 89.0, 54.0, 72.0, 89.0, 86.0, 62.0, 66.0, 89.0, 94.0, 119.0, 125.0, 136.0, 134.0, 105.0, 68.0, 92.0, 80.0, 90.0, 112.0, 114.0, 117.0, 94.0, 106.0, 94.0, 72.0, 87.0, 56.0, 43.0, 43.0, 37.0]"
phi=0.90,C0-M15,4,63.08,50.8,False,11,"[63.1, 46.0, 93.0, 73.0, 49.0, 49.0, 40.0, 56.0, 18.0, 31.0, 38.0, 24.0, 35.0, 23.0, 32.0, 53.0, 29.0, 55.0, 43.0, 51.0, 58.0, 81.0, 98.0, 86.0, 81.0, 72.0, 64.0, 56.0, 16.0, 21.0, 27.0, 267.0, 254.0, 179.0, 141.0, 160.0, 119.0, 106.0, 111.0, 97.0, 98.0, 84.0, 81.0, 62.0, 62.0, 79.0, 87.0, 67.0, 40.0, 57.0, 28.0, 46.0, 55.0, 70.0, 65.0, 48.0, 45.0, 61.0, 45.0, 32.0, 38.0, 27.0, 23.0, 32.0, 24.0, 37.0, 42.0, 48.0, 54.0, 84.0, 54.0, 56.0, 51.0, 92.0, 71.0, 50.0, 54.0, 59.0, 49.0, 48.0, 52.0, 69.0, 69.0, 86.0, 103.0, 96.0, 117.0, 71.0, 85.0, 55.0, 41.0, 43.0, 51.0, 80.0, 76.0, 66.0, 43.0, 38.0, 45.0, 76.0, 86.0, 90.0, 70.0, 53.0, 64.0, 62.0, 69.0, 39.0, 35.0, 26.0, 67.0, 110.0, 113.0, 66.0, 74.0, 50.0, 61.0, 61.0, 72.0, 37.0, 50.0, 55.0, 73.0, 123.0, 81.0, 70.0, 66.0, 46.0, 45.0, 30.0, 57.0, 71.0, 111.0, 109.0, 106.0, 101.0, 73.0, 86.0, 100.0, 101.0, 96.0, 96.0, 117.0, 104.0, 122.0, 116.0, 110.0, 103.0, 102.0, 107.0, 113.0, 87.0, 55.0, 65.0, 43.0, 17.0, 21.0, 17.0, 26.0, 58.0, 42.0, 32.0, 59.0, 67.0, 37.0, 29.0, 22.0, 57.0, 34.0, 22.0, 52.0, 37.0, 36.0, 29.0, 39.0, 44.0, 46.0, 36.0, 51.0, 77.0, 82.0, 108.0, 153.0, 141.0, 160.0, 144.0, 128.0, 185.0, 156.0, 146.0, 143.0, 117.0, 94.0, 102.0, 55.0, 87.0, 115.0, 62.0, 79.0, 80.0, 55.0, 91.0, 97.0, 108.0, 139.0, 111.0, 98.0, 76.0, 57.0, 47.0, 61.0, 65.0, 33.0, 25.0, 46.0, 29.0, 38.0, 57.0, 58.0, 63.0, 69.0, 39.0, 42.0, 56.0, 22.0, 51.0, 47.0, 49.0, 15.0, 20.0, 17.0]"
phi=0.90,C0-M15,5,63.08,66.4,False,13,"[63.1, 33.0, 42.0, 28.0, 30.0, 49.0, 41.0, 45.0, 42.0, 34.0, 16.0, 49.0, 57.0, 77.0, 88.0, 82.0, 77.0, 75.0, 86.0, 95.0, 93.0, 65.0, 62.0, 90.0, 53.0, 41.0, 56.0, 42.0, 49.0, 75.0, 82.0, 322.0, 357.0, 252.0, 258.0, 236.0, 263.0, 210.0, 235.0, 267.0, 196.0, 173.0, 151.0, 143.0, 136.0, 100.0, 83.0, 47.0, 70.0, 47.0, 52.0, 67.0, 51.0, 82.0, 79.0, 90.0, 44.0, 50.0, 79.0, 69.0, 42.0, 79.0, 86.0, 69.0, 72.0, 54.0, 29.0, 36.0, 29.0, 60.0, 58.0, 56.0, 70.0, 36.0, 33.0, 42.0, 46.0, 65.0, 86.0, 121.0, 91.0, 77.0, 68.0, 127.0, 155.0, 174.0, 157.0, 204.0, 185.0, 180.0, 193.0, 186.0, 168.0, 161.0, 110.0, 95.0, 128.0, 93.0, 88.0, 92.0, 114.0, 126.0, 111.0, 129.0, 97.0, 32.0, 21.0, 47.0, 47.0, 42.0, 26.0, 39.0, 46.0, 53.0, 53.0, 71.0, 64.0, 48.0, 56.0, 70.0, 70.0, 86.0, 85.0, 42.0, 71.0, 63.0, 58.0, 74.0, 52.0, 44.0, 69.0, 45.0, 36.0, 30.0, 23.0, 31.0, 26.0, 48.0, 38.0, 34.0, 25.0, 35.0, 51.0, 52.0, 33.0, 25.0, 45.0, 51.0, 33.0, 49.0, 60.0, 47.0, 49.0, 59.0, 70.0, 54.0, 33.0, 70.0, 62.0, 70.0, 95.0, 75.0, 45.0, 30.0, 48.0, 58.0, 60.0, 58.0, 60.0, 95.0, 65.0, 76.0, 74.0, 84.0, 89.0, 79.0, 101.0, 125.0, 124.0, 146.0, 135.0, 163.0, 171.0, 159.0, 133.0, 108.0, 137.0, 150.0, 147.0, 87.0, 80.0, 75.0, 62.0, 87.0, 113.0, 98.0, 74.0, 95.0, 86.0, 51.0, 49.0, 21.0, 20.0, 33.0, 37.0, 20.0, 22.0, 40.0, 45.0, 41.0, 56.0, 42.0, 58.0, 83.0, 64.0, 45.0, 78.0, 90.0, 83.0, 80.0, 74.0, 52.0, 53.0, 42.0, 57.0, 65.0, 47.0, 42.0, 55.0, 63.0, 107.0]"
phi=0.90,C0-M15,6,63.08,52.1,False,17,"[63.1, 62.0, 76.0, 66.0, 61.0, 91.0, 68.0, 64.0, 64.0, 51.0, 45.0, 50.0, 44.0, 61.0, 48.0, 50.0, 38.0, 31.0, 92.0, 90.0, 87.0, 85.0, 77.0, 80.0, 56.0, 38.0, 17.0, 16.0, 23.0, 14.0, 25.0, 265.0, 237.0, 194.0, 167.0, 134.0, 123.0, 118.0, 118.0, 118.0, 114.0, 119.0, 96.0, 81.0, 76.0, 103.0, 89.0, 77.0, 79.0, 72.0, 76.0, 74.0, 71.0, 64.0, 67.0, 82.0, 66.0, 88.0, 96.0, 92.0, 76.0, 73.0, 56.0, 54.0, 56.0, 75.0, 66.0, 46.0, 37.0, 28.0, 47.0, 45.0, 47.0, 38.0, 52.0, 42.0, 28.0, 28.0, 36.0, 30.0, 34.0, 33.0, 35.0, 57.0, 46.0, 42.0, 39.0, 29.0, 46.0, 49.0, 46.0, 65.0, 50.0, 44.0, 40.0, 48.0, 47.0, 30.0, 31.0, 23.0, 29.0, 59.0, 108.0, 81.0, 87.0, 76.0, 70.0, 60.0, 57.0, 51.0, 30.0, 37.0, 21.0, 30.0, 36.0, 30.0, 15.0, 31.0, 39.0, 60.0, 42.0, 27.0, 56.0, 72.0, 107.0, 105.0, 90.0, 64.0, 61.0, 64.0, 59.0, 72.0, 83.0, 89.0, 101.0, 117.0, 138.0, 140.0, 160.0, 127.0, 93.0, 70.0, 56.0, 84.0, 92.0, 72.0, 27.0, 50.0, 57.0, 54.0, 76.0, 78.0, 75.0, 71.0, 73.0, 100.0, 116.0, 88.0, 69.0, 50.0, 64.0, 33.0, 57.0, 50.0, 77.0, 57.0, 39.0, 53.0, 43.0, 33.0, 50.0, 77.0, 103.0, 104.0, 78.0, 143.0, 153.0, 157.0, 161.0, 131.0, 117.0, 129.0, 79.0, 86.0, 112.0, 95.0, 84.0, 116.0, 93.0, 77.0, 54.0, 49.0, 74.0, 75.0, 85.0, 84.0, 97.0, 79.0, 73.0, 81.0, 84.0, 45.0, 43.0, 61.0, 49.0, 49.0, 46.0, 23.0, 23.0, 32.0, 36.0, 29.0, 55.0, 67.0, 87.0, 78.0, 68.0, 64.0, 90.0, 80.0, 47.0, 60.0, 78.0, 82.0, 60.0, 76.0, 83.0, 83.0, 48.0, 38.0, 16.0]"
phi=0.90,C0-M15,7,63.08,81.7,False,7,"[63.1, 67.0, 95.0, 70.0, 35.0, 44.0, 52.0, 38.0, 51.0, 65.0, 51.0, 48.0, 49.0, 87.0, 101.0, 69.0, 100.0, 102.0, 108.0, 109.0, 123.0, 123.0, 83.0, 77.0, 79.0, 49.0, 72.0, 76.0, 72.0, 56.0, 55.0, 295.0, 256.0, 238.0, 198.0, 207.0, 192.0, 169.0, 125.0, 110.0, 89.0, 68.0, 34.0, 62.0, 45.0, 101.0, 128.0, 116.0, 98.0, 145.0, 117.0, 130.0, 118.0, 101.0, 52.0, 42.0, 40.0, 36.0, 33.0, 29.0, 18.0, 19.0, 37.0, 47.0, 33.0, 28.0, 31.0, 63.0, 44.0, 46.0, 73.0, 77.0, 71.0, 51.0, 56.0, 66.0, 70.0, 48.0, 63.0, 109.0, 77.0, 101.0, 73.0, 41.0, 42.0, 23.0, 35.0, 43.0, 30.0, 30.0, 39.0, 36.0, 38.0, 26.0, 20.0, 44.0, 57.0, 67.0, 58.0, 44.0, 48.0, 45.0, 47.0, 53.0, 45.0, 39.0, 50.0, 90.0, 78.0, 87.0, 78.0, 70.0, 72.0, 80.0, 82.0, 63.0, 55.0, 52.0, 36.0, 39.0, 54.0, 41.0, 31.0, 49.0, 78.0, 96.0, 99.0, 105.0, 96.0, 103.0, 75.0, 98.0, 117.0, 123.0, 102.0, 74.0, 69.0, 59.0, 24.0, 43.0, 51.0, 52.0, 54.0, 36.0, 35.0, 41.0, 35.0, 18.0, 14.0, 36.0, 34.0, 64.0, 65.0, 64.0, 54.0, 47.0, 82.0, 62.0, 63.0, 45.0, 40.0, 33.0, 20.0, 32.0, 33.0, 33.0, 51.0, 38.0, 65.0, 71.0, 64.0, 47.0, 49.0, 37.0, 52.0, 46.0, 47.0, 56.0, 63.0, 43.0, 41.0, 48.0, 40.0, 45.0, 43.0, 62.0, 43.0, 58.0, 62.0, 65.0, 75.0, 81.0, 89.0, 88.0, 85.0, 64.0, 64.0, 57.0, 51.0, 38.0, 42.0, 28.0, 34.0, 26.0, 46.0, 31.0, 35.0, 49.0, 43.0, 22.0, 19.0, 30.0, 35.0, 20.0, 35.0, 54.0, 64.0, 76.0, 68.0, 39.0, 62.0, 42.0, 61.0, 82.0, 58.0, 37.0, 63.0, 82.0, 72.0, 86.0, 110.0]"
phi=0.90,C0-M15,8,63.08,89.35,False,13,"[63.1, 52.0, 46.0, 51.0, 105.0, 95.0, 69.0, 50.0, 38.0, 45.0, 18.0, 19.0, 31.0, 54.0, 33.0, 38.0, 46.0, 71.0, 87.0, 66.0, 109.0, 123.0, 110.0, 138.0, 153.0, 155.0, 143.0, 128.0, 117.0, 148.0, 157.0, 397.0, 368.0, 358.0, 373.0, 393.0, 371.0, 372.0, 312.0, 278.0, 294.0, 226.0, 208.0, 140.0, 162.0, 153.0, 107.0, 61.0, 63.0, 57.0, 39.0, 39.0, 28.0, 49.0, 55.0, 44.0, 34.0, 39.0, 48.0, 33.0, 52.0, 39.0, 54.0, 44.0, 74.0, 46.0, 33.0, 53.0, 53.0, 44.0, 58.0, 62.0, 31.0, 66.0, 52.0, 54.0, 80.0, 99.0, 103.0, 104.0, 101.0, 127.0, 98.0, 88.0, 79.0, 76.0, 48.0, 78.0, 82.0, 78.0, 82.0, 97.0, 84.0, 92.0, 77.0, 73.0, 78.0, 70.0, 56.0, 43.0, 45.0, 47.0, 83.0, 114.0, 112.0, 63.0, 74.0, 77.0, 62.0, 48.0, 63.0, 64.0, 54.0, 55.0, 49.0, 36.0, 80.0, 98.0, 71.0, 77.0, 63.0, 72.0, 47.0, 41.0, 62.0, 60.0, 45.0, 22.0, 55.0, 59.0, 65.0, 57.0, 82.0, 71.0, 79.0, 78.0, 39.0, 50.0, 49.0, 46.0, 60.0, 49.0, 56.0, 44.0, 49.0, 80.0, 79.0, 101.0, 93.0, 99.0, 97.0, 87.0, 71.0, 58.0, 67.0, 46.0, 27.0, 46.0, 74.0, 56.0, 33.0, 36.0, 55.0, 80.0, 42.0, 48.0, 53.0, 49.0, 52.0, 31.0, 52.0, 37.0, 39.0, 18.0, 40.0, 76.0, 76.0, 79.0, 48.0, 30.0, 37.0, 44.0, 40.0, 33.0, 35.0, 28.0, 37.0, 49.0, 33.0, 28.0, 50.0, 60.0, 76.0, 74.0, 87.0, 57.0, 51.0, 52.0, 36.0, 47.0, 25.0, 25.0, 42.0, 34.0, 58.0, 44.0, 50.0, 45.0, 29.0, 40.0, 54.0, 28.0, 9.0, 30.0, 29.0, 44.0, 60.0, 20.0, 73.0, 89.0, 72.0, 65.0, 75.0, 74.0, 57.0, 49.0, 64.0, 59.0, 41.0, 42.0, 27.0]"
phi=0.90,C0-M15,9,63.08,65.5,False,12,"[63.1, 33.0, 36.0, 46.0, 41.0, 19.0, 37.0, 40.0, 47.0, 58.0, 66.0, 75.0, 59.0, 73.0, 94.0, 70.0, 64.0, 70.0, 49.0, 44.0, 43.0, 54.0, 62.0, 71.0, 54.0, 79.0, 75.0, 63.0, 77.0, 68.0, 58.0, 298.0, 296.0, 278.0, 261.0, 220.0, 185.0, 196.0, 184.0, 177.0, 179.0, 156.0, 125.0, 126.0, 84.0, 80.0, 58.0, 48.0, 84.0, 70.0, 70.0, 62.0, 65.0, 63.0, 58.0, 60.0, 40.0, 23.0, 32.0, 40.0, 74.0, 80.0, 111.0, 139.0, 126.0, 136.0, 101.0, 77.0, 63.0, 35.0, 46.0, 39.0, 32.0, 48.0, 32.0, 21.0, 29.0, 47.0, 48.0, 47.0, 76.0, 42.0, 48.0, 46.0, 38.0, 23.0, 33.0, 26.0, 38.0, 66.0, 57.0, 60.0, 39.0, 28.0, 37.0, 45.0, 49.0, 52.0, 89.0, 81.0, 31.0, 25.0, 54.0, 56.0, 45.0, 31.0, 46.0, 33.0, 61.0, 53.0, 60.0, 28.0, 45.0, 41.0, 35.0, 51.0, 40.0, 36.0, 33.0, 26.0, 38.0, 31.0, 48.0, 61.0, 108.0, 95.0, 94.0, 78.0, 64.0, 36.0, 60.0, 54.0, 62.0, 74.0, 84.0, 80.0, 61.0, 52.0, 31.0, 20.0, 36.0, 41.0, 38.0, 56.0, 58.0, 60.0, 34.0, 38.0, 80.0, 58.0, 79.0, 54.0, 43.0, 23.0, 47.0, 57.0, 39.0, 31.0, 38.0, 47.0, 29.0, 55.0, 21.0, 37.0, 40.0, 62.0, 50.0, 69.0, 49.0, 46.0, 37.0, 92.0, 96.0, 72.0, 83.0, 71.0, 50.0, 46.0, 33.0, 57.0, 76.0, 64.0, 92.0, 96.0, 111.0, 80.0, 100.0, 106.0, 108.0, 66.0, 76.0, 109.0, 93.0, 82.0, 133.0, 121.0, 131.0, 112.0, 84.0, 89.0, 81.0, 72.0, 63.0, 55.0, 56.0, 40.0, 26.0, 13.0, 49.0, 51.0, 62.0, 46.0, 47.0, 53.0, 59.0, 32.0, 33.0, 49.0, 40.0, 39.0, 44.0, 54.0, 94.0, 47.0, 52.0, 28.0, 30.0, 41.0, 41.0, 61.0, 77.0]"
phi=0.90,C0-M15,10,63.08,100.6,False,9,"[63.1, 82.0, 75.0, 54.0, 40.0, 29.0, 65.0, 80.0, 99.0, 83.0, 78.0, 119.0, 140.0, 153.0, 142.0, 143.0, 137.0, 125.0, 106.0, 86.0, 112.0, 104.0, 81.0, 80.0, 99.0, 73.0, 56.0, 53.0, 76.0, 49.0, 54.0, 294.0, 282.0, 235.0, 223.0, 193.0, 207.0, 167.0, 166.0, 188.0, 177.0, 120.0, 109.0, 95.0, 78.0, 56.0, 42.0, 66.0, 56.0, 46.0, 41.0, 49.0, 47.0, 33.0, 28.0, 46.0, 56.0, 74.0, 99.0, 99.0, 83.0, 108.0, 60.0, 39.0, 84.0, 85.0, 83.0, 92.0, 122.0, 84.0, 73.0, 46.0, 53.0, 56.0, 54.0, 49.0, 64.0, 56.0, 49.0, 64.0, 53.0, 59.0, 40.0, 52.0, 58.0, 73.0, 105.0, 101.0, 80.0, 70.0, 125.0, 107.0, 90.0, 86.0, 84.0, 57.0, 71.0, 65.0, 73.0, 64.0, 47.0, 57.0, 41.0, 44.0, 58.0, 59.0, 61.0, 75.0, 70.0, 72.0, 98.0, 104.0, 103.0, 97.0, 105.0, 146.0, 137.0, 129.0, 185.0, 169.0, 174.0, 108.0, 111.0, 59.0, 41.0, 37.0, 35.0, 72.0, 77.0, 43.0, 52.0, 37.0, 50.0, 56.0, 36.0, 40.0, 50.0, 51.0, 52.0, 54.0, 33.0, 43.0, 47.0, 52.0, 53.0, 43.0, 43.0, 21.0, 40.0, 36.0, 21.0, 15.0, 41.0, 37.0, 52.0, 85.0, 89.0, 80.0, 114.0, 116.0, 99.0, 90.0, 79.0, 41.0, 30.0, 41.0, 30.0, 20.0, 23.0, 14.0, 19.0, 50.0, 40.0, 52.0, 75.0, 50.0, 36.0, 50.0, 31.0, 19.0, 16.0, 30.0, 45.0, 48.0, 39.0, 39.0, 45.0, 43.0, 39.0, 77.0, 76.0, 43.0, 34.0, 41.0, 36.0, 28.0, 25.0, 39.0, 46.0, 33.0, 38.0, 25.0, 29.0, 20.0, 36.0, 57.0, 82.0, 69.0, 100.0, 68.0, 67.0, 60.0, 48.0, 67.0, 53.0, 62.0, 55.0, 59.0, 68.0, 40.0, 54.0, 59.0, 61.0, 69.0, 46.0, 66.0, 73.0, 78.0, 77.0, 76.0, 91.0]"
phi=0.90,C0-M15,11,63.08,57.85,False,10,"[63.1, 54.0, 54.0, 77.0, 57.0, 46.0, 66.0, 64.0, 54.0, 83.0, 65.0, 58.0, 39.0, 25.0, 26.0, 38.0, 60.0, 65.0, 39.0, 77.0, 63.0, 70.0, 81.0, 63.0, 57.0, 59.0, 41.0, 79.0, 87.0, 65.0, 45.0, 285.0, 295.0, 274.0, 221.0, 183.0, 205.0, 175.0, 110.0, 122.0, 115.0, 76.0, 64.0, 34.0, 55.0, 117.0, 83.0, 57.0, 72.0, 90.0, 85.0, 105.0, 91.0, 43.0, 42.0, 82.0, 78.0, 64.0, 80.0, 50.0, 94.0, 113.0, 107.0, 124.0, 150.0, 141.0, 85.0, 81.0, 65.0, 63.0, 46.0, 50.0, 81.0, 102.0, 62.0, 66.0, 71.0, 86.0, 88.0, 69.0, 84.0, 78.0, 100.0, 50.0, 42.0, 46.0, 35.0, 61.0, 74.0, 77.0, 62.0, 49.0, 44.0, 63.0, 36.0, 35.0, 27.0, 40.0, 53.0, 54.0, 63.0, 38.0, 17.0, 24.0, 37.0, 33.0, 59.0, 45.0, 26.0, 35.0, 59.0, 107.0, 148.0, 140.0, 153.0, 160.0, 134.0, 125.0, 89.0, 58.0, 54.0, 64.0, 79.0, 67.0, 89.0, 54.0, 52.0, 69.0, 78.0, 53.0, 69.0, 66.0, 66.0, 57.0, 46.0, 32.0, 29.0, 41.0, 33.0, 23.0, 38.0, 15.0, 35.0, 41.0, 36.0, 66.0, 67.0, 82.0, 83.0, 93.0, 95.0, 69.0, 59.0, 44.0, 43.0, 74.0, 91.0, 84.0, 78.0, 72.0, 88.0, 111.0, 105.0, 125.0, 143.0, 108.0, 120.0, 146.0, 104.0, 123.0, 63.0, 71.0, 56.0, 38.0, 57.0, 78.0, 74.0, 113.0, 109.0, 87.0, 46.0, 52.0, 66.0, 77.0, 53.0, 67.0, 63.0, 65.0, 82.0, 119.0, 125.0, 117.0, 96.0, 81.0, 87.0, 80.0, 62.0, 68.0, 79.0, 82.0, 65.0, 46.0, 55.0, 45.0, 43.0, 40.0, 40.0, 39.0, 50.0, 75.0, 70.0, 57.0, 40.0, 35.0, 45.0, 59.0, 31.0, 37.0, 28.0, 55.0, 56.0, 65.0, 88.0, 110.0, 156.0, 168.0, 161.0, 206.0, 194.0, 146.0, 138.0]"
phi=0.90,C0-M15,12,63.08,42.9,False,20,"[63.1, 61.0, 54.0, 44.0, 34.0, 51.0, 49.0, 52.0, 61.0, 50.0, 31.0, 32.0, 37.0, 47.0, 32.0, 17.0, 26.0, 16.0, 23.0, 56.0, 36.0, 34.0, 51.0, 67.0, 74.0, 78.0, 59.0, 39.0, 48.0, 55.0, 53.0, 293.0, 239.0, 201.0, 211.0, 169.0, 176.0, 200.0, 198.0, 136.0, 180.0, 142.0, 150.0, 146.0, 187.0, 201.0, 195.0, 154.0, 155.0, 97.0, 65.0, 65.0, 82.0, 72.0, 54.0, 49.0, 35.0, 50.0, 51.0, 44.0, 53.0, 35.0, 48.0, 30.0, 46.0, 27.0, 63.0, 53.0, 53.0, 54.0, 53.0, 26.0, 40.0, 38.0, 57.0, 58.0, 29.0, 23.0, 48.0, 41.0, 63.0, 57.0, 57.0, 80.0, 77.0, 80.0, 51.0, 51.0, 53.0, 45.0, 26.0, 20.0, 23.0, 46.0, 55.0, 60.0, 46.0, 58.0, 56.0, 43.0, 91.0, 84.0, 72.0, 102.0, 99.0, 118.0, 106.0, 61.0, 74.0, 98.0, 96.0, 104.0, 89.0, 63.0, 35.0, 20.0, 39.0, 38.0, 35.0, 51.0, 90.0, 103.0, 70.0, 93.0, 56.0, 73.0, 97.0, 73.0, 79.0, 63.0, 77.0, 58.0, 54.0, 52.0, 82.0, 45.0, 37.0, 30.0, 48.0, 57.0, 59.0, 74.0, 91.0, 113.0, 105.0, 79.0, 79.0, 104.0, 126.0, 125.0, 104.0, 107.0, 113.0, 84.0, 104.0, 80.0, 54.0, 38.0, 57.0, 62.0, 47.0, 60.0, 66.0, 48.0, 54.0, 60.0, 60.0, 50.0, 49.0, 71.0, 55.0, 48.0, 68.0, 74.0, 79.0, 76.0, 71.0, 59.0, 43.0, 53.0, 43.0, 32.0, 26.0, 32.0, 45.0, 46.0, 67.0, 41.0, 56.0, 38.0, 21.0, 38.0, 27.0, 51.0, 72.0, 89.0, 59.0, 52.0, 58.0, 24.0, 35.0, 31.0, 52.0, 49.0, 80.0, 65.0, 86.0, 82.0, 80.0, 74.0, 57.0, 34.0, 33.0, 50.0, 60.0, 52.0, 37.0, 32.0, 26.0, 35.0, 31.0, 49.0, 70.0, 55.0, 62.0, 70.0, 35.0, 45.0, 44.0, 31.0, 55.0]"
phi=0.90,C0-M15,13,63.08,66.5,False,10,"[63.1, 70.0, 61.0, 26.0, 36.0, 28.0, 47.0, 41.0, 44.0, 62.0, 73.0, 98.0, 96.0, 75.0, 67.0, 93.0, 78.0, 63.0, 67.0, 54.0, 23.0, 50.0, 39.0, 51.0, 54.0, 52.0, 86.0, 87.0, 63.0, 61.0, 66.0, 306.0, 283.0, 284.0, 246.0, 203.0, 164.0, 227.0, 168.0, 160.0, 127.0, 114.0, 122.0, 120.0, 57.0, 56.0, 33.0, 51.0, 55.0, 63.0, 66.0, 92.0, 55.0, 56.0, 68.0, 86.0, 85.0, 108.0, 69.0, 85.0, 91.0, 127.0, 120.0, 106.0, 83.0, 85.0, 110.0, 103.0, 84.0, 93.0, 116.0, 115.0, 88.0, 52.0, 65.0, 89.0, 139.0, 101.0, 63.0, 105.0, 81.0, 62.0, 97.0, 60.0, 60.0, 73.0, 47.0, 29.0, 45.0, 64.0, 60.0, 52.0, 65.0, 72.0, 86.0, 50.0, 54.0, 36.0, 40.0, 61.0, 47.0, 42.0, 55.0, 64.0, 61.0, 63.0, 58.0, 81.0, 127.0, 71.0, 80.0, 104.0, 130.0, 108.0, 106.0, 110.0, 98.0, 101.0, 99.0, 108.0, 123.0, 151.0, 98.0, 102.0, 67.0, 31.0, 36.0, 45.0, 63.0, 62.0, 70.0, 105.0, 123.0, 141.0, 126.0, 115.0, 116.0, 105.0, 76.0, 79.0, 83.0, 75.0, 66.0, 70.0, 64.0, 57.0, 74.0, 59.0, 52.0, 60.0, 57.0, 54.0, 68.0, 88.0, 97.0, 74.0, 86.0, 103.0, 95.0, 100.0, 100.0, 76.0, 56.0, 47.0, 56.0, 38.0, 38.0, 52.0, 34.0, 33.0, 26.0, 48.0, 64.0, 52.0, 35.0, 53.0, 40.0, 60.0, 63.0, 107.0, 98.0, 90.0, 80.0, 39.0, 43.0, 48.0, 35.0, 30.0, 30.0, 12.0, 43.0, 57.0, 37.0, 59.0, 26.0, 22.0, 48.0, 64.0, 71.0, 78.0, 42.0, 30.0, 19.0, 27.0, 48.0, 53.0, 71.0, 44.0, 37.0, 33.0, 20.0, 51.0, 46.0, 42.0, 44.0, 17.0, 39.0, 58.0, 94.0, 98.0, 91.0, 124.0, 109.0, 87.0, 78.0, 113.0, 138.0, 99.0, 95.0, 87.0, 71.0]"
phi=0.90,C0-M15,14,63.08,69.95,False,12,"[63.1, 50.0, 57.0, 44.0, 48.0, 64.0, 65.0, 82.0, 61.0, 64.0, 57.0, 51.0, 60.0, 56.0, 77.0, 95.0, 90.0, 112.0, 98.0, 100.0, 82.0, 75.0, 81.0, 80.0, 67.0, 47.0, 46.0, 64.0, 27.0, 34.0, 37.0, 277.0, 255.0, 277.0, 293.0, 215.0, 149.0, 150.0, 128.0, 109.0, 103.0, 127.0, 123.0, 117.0, 103.0, 66.0, 74.0, 51.0, 66.0, 52.0, 74.0, 62.0, 59.0, 41.0, 33.0, 25.0, 38.0, 42.0, 58.0, 51.0, 46.0, 82.0, 79.0, 60.0, 48.0, 66.0, 83.0, 62.0, 55.0, 51.0, 21.0, 48.0, 39.0, 57.0, 37.0, 45.0, 58.0, 39.0, 47.0, 75.0, 98.0, 61.0, 54.0, 68.0, 69.0, 63.0, 40.0, 53.0, 48.0, 32.0, 5.0, 32.0, 43.0, 56.0, 106.0, 109.0, 101.0, 102.0, 72.0, 76.0, 94.0, 102.0, 102.0, 117.0, 105.0, 92.0, 110.0, 116.0, 114.0, 78.0, 76.0, 86.0, 58.0, 59.0, 55.0, 36.0, 44.0, 31.0, 44.0, 58.0, 80.0, 86.0, 77.0, 37.0, 50.0, 57.0, 63.0, 43.0, 76.0, 74.0, 99.0, 110.0, 107.0, 94.0, 109.0, 97.0, 125.0, 80.0, 81.0, 67.0, 96.0, 107.0, 130.0, 102.0, 76.0, 67.0, 86.0, 44.0, 34.0, 31.0, 44.0, 48.0, 53.0, 76.0, 71.0, 76.0, 66.0, 63.0, 103.0, 100.0, 73.0, 73.0, 54.0, 66.0, 63.0, 76.0, 65.0, 46.0, 22.0, 33.0, 49.0, 36.0, 37.0, 23.0, 34.0, 35.0, 41.0, 40.0, 63.0, 64.0, 78.0, 69.0, 64.0, 90.0, 74.0, 93.0, 72.0, 41.0, 54.0, 67.0, 30.0, 31.0, 16.0, 22.0, 24.0, 40.0, 50.0, 40.0, 53.0, 50.0, 32.0, 55.0, 95.0, 95.0, 69.0, 53.0, 58.0, 62.0, 58.0, 64.0, 64.0, 78.0, 68.0, 90.0, 100.0, 73.0, 90.0, 124.0, 98.0, 84.0, 67.0, 37.0, 57.0, 47.0, 61.0, 56.0, 74.0, 100.0, 76.0, 76.0, 79.0]"
phi=0.90,C0-M15,15,63.08,48.5,False,42,"[63.1, 43.0, 42.0, 51.0, 58.0, 45.0, 46.0, 39.0, 46.0, 41.0, 32.0, 26.0, 31.0, 50.0, 49.0, 38.0, 46.0, 43.0, 27.0, 23.0, 31.0, 63.0, 57.0, 44.0, 57.0, 56.0, 78.0, 77.0, 86.0, 56.0, 19.0, 259.0, 214.0, 276.0, 261.0, 253.0, 249.0, 218.0, 187.0, 186.0, 174.0, 169.0, 170.0, 146.0, 95.0, 101.0, 111.0, 109.0, 119.0, 104.0, 68.0, 80.0, 109.0, 92.0, 125.0, 124.0, 83.0, 61.0, 61.0, 63.0, 96.0, 105.0, 94.0, 142.0, 148.0, 170.0, 169.0, 173.0, 157.0, 116.0, 105.0, 96.0, 76.0, 73.0, 86.0, 104.0, 50.0, 50.0, 63.0, 47.0, 42.0, 37.0, 27.0, 41.0, 59.0, 85.0, 98.0, 98.0, 116.0, 101.0, 121.0, 149.0, 101.0, 101.0, 63.0, 49.0, 51.0, 66.0, 62.0, 48.0, 34.0, 43.0, 35.0, 43.0, 74.0, 113.0, 86.0, 90.0, 103.0, 116.0, 73.0, 78.0, 54.0, 41.0, 51.0, 52.0, 93.0, 106.0, 94.0, 105.0, 77.0, 114.0, 121.0, 143.0, 168.0, 110.0, 94.0, 101.0, 93.0, 89.0, 66.0, 44.0, 41.0, 57.0, 50.0, 57.0, 53.0, 37.0, 50.0, 75.0, 112.0, 109.0, 139.0, 101.0, 79.0, 26.0, 25.0, 29.0, 15.0, 42.0, 54.0, 54.0, 50.0, 51.0, 45.0, 87.0, 120.0, 81.0, 78.0, 47.0, 52.0, 20.0, 16.0, 26.0, 52.0, 66.0, 50.0, 31.0, 30.0, 46.0, 61.0, 50.0, 29.0, 8.0, 27.0, 30.0, 30.0, 39.0, 30.0, 29.0, 28.0, 75.0, 53.0, 73.0, 98.0, 108.0, 131.0, 105.0, 93.0, 90.0, 98.0, 73.0, 88.0, 89.0, 54.0, 67.0, 54.0, 51.0, 83.0, 86.0, 115.0, 115.0, 113.0, 96.0, 82.0, 57.0, 69.0, 63.0, 42.0, 43.0, 63.0, 89.0, 102.0, 99.0, 92.0, 82.0, 99.0, 88.0, 66.0, 87.0, 90.0, 76.0, 92.0, 91.0, 65.0, 61.0, 91.0, 78.0, 46.0, 44.0, 39.0]"
phi=0.90,C0-M15,16,63.08,46.3,False,18,"[63.1, 50.0, 58.0, 97.0, 65.0, 89.0, 66.0, 70.0, 67.0, 76.0, 81.0, 89.0, 88.0, 59.0, 53.0, 68.0, 18.0, 5.0, 23.0, 26.0, 48.0, 40.0, 28.0, 48.0, 32.0, 35.0, 38.0, 45.0, 51.0, 51.0, 37.0, 277.0, 268.0, 220.0, 203.0, 238.0, 227.0, 213.0, 206.0, 149.0, 129.0, 138.0, 146.0, 109.0, 113.0, 117.0, 116.0, 126.0, 107.0, 100.0, 63.0, 49.0, 30.0, 32.0, 40.0, 67.0, 69.0, 74.0, 48.0, 48.0, 50.0, 38.0, 29.0, 61.0, 71.0, 59.0, 51.0, 88.0, 110.0, 89.0, 104.0, 128.0, 91.0, 77.0, 55.0, 46.0, 63.0, 62.0, 69.0, 60.0, 90.0, 57.0, 52.0, 74.0, 53.0, 44.0, 55.0, 74.0, 72.0, 51.0, 55.0, 55.0, 41.0, 21.0, 38.0, 57.0, 73.0, 60.0, 71.0, 109.0, 64.0, 32.0, 38.0, 52.0, 63.0, 79.0, 51.0, 59.0, 53.0, 48.0, 44.0, 70.0, 79.0, 85.0, 43.0, 35.0, 37.0, 58.0, 56.0, 41.0, 45.0, 34.0, 62.0, 92.0, 81.0, 74.0, 32.0, 21.0, 21.0, 56.0, 60.0, 42.0, 25.0, 33.0, 63.0, 32.0, 37.0, 26.0, 61.0, 47.0, 35.0, 38.0, 51.0, 46.0, 35.0, 28.0, 47.0, 58.0, 54.0, 43.0, 46.0, 24.0, 18.0, 43.0, 37.0, 75.0, 85.0, 109.0, 108.0, 119.0, 97.0, 114.0, 135.0, 132.0, 128.0, 114.0, 96.0, 62.0, 62.0, 72.0, 83.0, 88.0, 120.0, 125.0, 136.0, 114.0, 128.0, 111.0, 101.0, 74.0, 45.0, 41.0, 42.0, 40.0, 59.0, 49.0, 108.0, 79.0, 89.0, 72.0, 65.0, 77.0, 112.0, 72.0, 72.0, 85.0, 67.0, 79.0, 58.0, 77.0, 87.0, 68.0, 66.0, 89.0, 72.0, 70.0, 67.0, 52.0, 64.0, 54.0, 46.0, 27.0, 34.0, 58.0, 66.0, 72.0, 69.0, 77.0, 73.0, 75.0, 90.0, 78.0, 87.0, 111.0, 107.0, 101.0, 67.0, 57.0, 84.0, 92.0, 97.0]"
phi=0.90,C0-M15,17,63.08,57.35,False,6,"[63.1, 72.0, 83.0, 77.0, 91.0, 124.0, 124.0, 82.0, 102.0, 92.0, 75.0, 55.0, 55.0, 63.0, 63.0, 66.0, 74.0, 69.0, 67.0, 26.0, 61.0, 65.0, 39.0, 59.0, 39.0, 38.0, 45.0, 57.0, 62.0, 69.0, 71.0, 311.0, 303.0, 289.0, 176.0, 117.0, 134.0, 108.0, 77.0, 53.0, 64.0, 59.0, 70.0, 65.0, 80.0, 66.0, 53.0, 41.0, 51.0, 59.0, 48.0, 46.0, 47.0, 45.0, 36.0, 30.0, 40.0, 36.0, 34.0, 56.0, 86.0, 97.0, 88.0, 100.0, 112.0, 109.0, 83.0, 25.0, 44.0, 51.0, 57.0, 66.0, 81.0, 106.0, 92.0, 75.0, 51.0, 34.0, 40.0, 38.0, 43.0, 81.0, 52.0, 62.0, 69.0, 85.0, 84.0, 90.0, 75.0, 64.0, 47.0, 57.0, 36.0, 30.0, 49.0, 60.0, 74.0, 82.0, 77.0, 57.0, 87.0, 103.0, 69.0, 62.0, 73.0, 63.0, 53.0, 40.0, 36.0, 34.0, 43.0, 61.0, 67.0, 42.0, 20.0, 37.0, 57.0, 83.0, 110.0, 75.0, 59.0, 71.0, 58.0, 40.0, 40.0, 45.0, 60.0, 72.0, 71.0, 80.0, 81.0, 61.0, 31.0, 26.0, 37.0, 52.0, 64.0, 64.0, 80.0, 66.0, 63.0, 52.0, 38.0, 29.0, 45.0, 49.0, 66.0, 53.0, 40.0, 43.0, 72.0, 39.0, 38.0, 74.0, 47.0, 44.0, 47.0, 43.0, 71.0, 72.0, 85.0, 84.0, 55.0, 67.0, 95.0, 121.0, 86.0, 92.0, 91.0, 74.0, 83.0, 91.0, 89.0, 80.0, 108.0, 76.0, 127.0, 75.0, 73.0, 80.0, 91.0, 82.0, 103.0, 72.0, 83.0, 92.0, 85.0, 58.0, 50.0, 75.0, 53.0, 60.0, 64.0, 71.0, 92.0, 97.0, 106.0, 89.0, 55.0, 68.0, 106.0, 79.0, 103.0, 103.0, 90.0, 74.0, 60.0, 51.0, 58.0, 49.0, 39.0, 57.0, 51.0, 57.0, 36.0, 42.0, 32.0, 47.0, 67.0, 78.0, 89.0, 57.0, 39.0, 41.0, 34.0, 47.0, 46.0, 59.0, 44.0, 50.0, 59.0]"
phi=0.90,C0-M15,18,63.08,52.35,False,7,"[63.1, 95.0, 79.0, 51.0, 47.0, 45.0, 47.0, 31.0, 44.0, 41.0, 41.0, 51.0, 42.0, 53.0, 26.0, 38.0, 37.0, 52.0, 69.0, 66.0, 80.0, 69.0, 44.0, 55.0, 67.0, 72.0, 50.0, 34.0, 50.0, 51.0, 52.0, 292.0, 267.0, 229.0, 207.0, 186.0, 148.0, 91.0, 95.0, 65.0, 69.0, 79.0, 42.0, 40.0, 37.0, 85.0, 58.0, 52.0, 68.0, 65.0, 68.0, 54.0, 39.0, 43.0, 46.0, 57.0, 59.0, 75.0, 61.0, 86.0, 82.0, 69.0, 59.0, 53.0, 55.0, 58.0, 36.0, 40.0, 33.0, 57.0, 59.0, 63.0, 65.0, 50.0, 72.0, 79.0, 72.0, 47.0, 66.0, 62.0, 50.0, 71.0, 57.0, 61.0, 76.0, 79.0, 76.0, 39.0, 55.0, 71.0, 25.0, 70.0, 64.0, 74.0, 75.0, 69.0, 64.0, 23.0, 24.0, 50.0, 63.0, 33.0, 19.0, 12.0, 16.0, 36.0, 51.0, 55.0, 104.0, 74.0, 66.0, 36.0, 60.0, 38.0, 23.0, 19.0, 43.0, 42.0, 70.0, 67.0, 72.0, 77.0, 91.0, 134.0, 155.0, 145.0, 150.0, 152.0, 142.0, 129.0, 92.0, 75.0, 56.0, 45.0, 57.0, 69.0, 83.0, 95.0, 97.0, 73.0, 66.0, 57.0, 49.0, 33.0, 27.0, 52.0, 47.0, 52.0, 35.0, 30.0, 35.0, 19.0, 32.0, 41.0, 37.0, 43.0, 57.0, 62.0, 48.0, 50.0, 40.0, 41.0, 49.0, 35.0, 56.0, 102.0, 112.0, 99.0, 105.0, 122.0, 109.0, 102.0, 121.0, 89.0, 75.0, 55.0, 60.0, 50.0, 45.0, 53.0, 41.0, 84.0, 86.0, 86.0, 48.0, 36.0, 51.0, 32.0, 40.0, 51.0, 65.0, 91.0, 75.0, 44.0, 21.0, 26.0, 35.0, 58.0, 51.0, 56.0, 36.0, 54.0, 56.0, 89.0, 62.0, 70.0, 75.0, 87.0, 52.0, 43.0, 59.0, 27.0, 43.0, 51.0, 80.0, 78.0, 70.0, 65.0, 85.0, 94.0, 71.0, 108.0, 139.0, 117.0, 116.0, 111.0, 126.0, 114.0, 119.0, 126.0, 103.0]"
phi=0.90,C0-M15,19,63.08,56.05,False,16,"[63.1, 34.0, 27.0, 48.0, 51.0, 67.0, 84.0, 103.0, 120.0, 109.0, 104.0, 93.0, 70.0, 49.0, 49.0, 47.0, 75.0, 69.0, 82.0, 75.0, 22.0, 28.0, 46.0, 30.0, 41.0, 42.0, 51.0, 54.0, 47.0, 47.0, 52.0, 292.0, 310.0, 288.0, 280.0, 242.0, 212.0, 188.0, 159.0, 126.0, 90.0, 79.0, 90.0, 95.0, 76.0, 98.0, 93.0, 96.0, 103.0, 91.0, 41.0, 43.0, 39.0, 65.0, 41.0, 84.0, 54.0, 71.0, 59.0, 44.0, 49.0, 48.0, 53.0, 41.0, 40.0, 54.0, 40.0, 26.0, 68.0, 91.0, 83.0, 30.0, 42.0, 45.0, 72.0, 94.0, 86.0, 71.0, 31.0, 39.0, 32.0, 30.0, 38.0, 50.0, 43.0, 49.0, 32.0, 59.0, 25.0, 25.0, 30.0, 26.0, 17.0, 26.0, 66.0, 71.0, 66.0, 88.0, 80.0, 111.0, 104.0, 98.0, 52.0, 41.0, 46.0, 57.0, 57.0, 68.0, 78.0, 86.0, 110.0, 136.0, 120.0, 129.0, 93.0, 87.0, 82.0, 53.0, 47.0, 60.0, 113.0, 109.0, 93.0, 83.0, 61.0, 47.0, 33.0, 33.0, 31.0, 28.0, 14.0, 36.0, 60.0, 51.0, 58.0, 47.0, 62.0, 59.0, 56.0, 59.0, 66.0, 93.0, 102.0, 95.0, 86.0, 59.0, 66.0, 93.0, 85.0, 98.0, 88.0, 67.0, 66.0, 99.0, 87.0, 90.0, 106.0, 126.0, 139.0, 119.0, 136.0, 138.0, 137.0, 143.0, 141.0, 127.0, 94.0, 75.0, 70.0, 31.0, 37.0, 66.0, 22.0, 29.0, 41.0, 44.0, 49.0, 38.0, 76.0, 71.0, 57.0, 23.0, 37.0, 37.0, 30.0, 21.0, 29.0, 42.0, 61.0, 108.0, 80.0, 76.0, 88.0, 98.0, 101.0, 77.0, 66.0, 69.0, 93.0, 80.0, 65.0, 67.0, 76.0, 63.0, 52.0, 49.0, 58.0, 63.0, 67.0, 49.0, 55.0, 56.0, 75.0, 79.0, 96.0, 105.0, 74.0, 102.0, 58.0, 68.0, 68.0, 62.0, 71.0, 88.0, 77.0, 53.0, 81.0, 92.0, 64.0, 64.0, 74.0]"
phi=0.85,H,0,94.26,101.0,False,26,"[94.3, 65.0, 61.0, 45.0, 76.0, 87.0, 111.0, 118.0, 134.0, 109.0, 120.0, 115.0, 95.0, 84.0, 106.0, 83.0, 104.0, 123.0, 134.0, 129.0, 101.0, 100.0, 118.0, 79.0, 90.0, 74.0, 65.0, 84.0, 109.0, 107.0, 70.0, 310.0, 316.0, 306.0, 278.0, 271.0, 204.0, 196.0, 194.0, 208.0, 230.0, 202.0, 167.0, 189.0, 174.0, 178.0, 193.0, 224.0, 172.0, 170.0, 186.0, 216.0, 244.0, 216.0, 165.0, 114.0, 133.0, 141.0, 162.0, 133.0, 126.0, 92.0, 83.0, 133.0, 116.0, 138.0, 109.0, 84.0, 83.0, 74.0, 113.0, 59.0, 95.0, 78.0, 62.0, 61.0, 71.0, 65.0, 105.0, 81.0, 67.0, 79.0, 48.0, 56.0, 76.0, 64.0, 60.0, 96.0, 80.0, 61.0, 90.0, 81.0, 110.0, 103.0, 156.0, 166.0, 159.0, 164.0, 155.0, 150.0, 163.0, 150.0, 122.0, 94.0, 105.0, 107.0, 113.0, 98.0, 112.0, 155.0, 163.0, 180.0, 187.0, 138.0, 141.0, 147.0, 119.0, 118.0, 119.0, 97.0, 99.0, 82.0, 68.0, 73.0, 103.0, 107.0, 118.0, 87.0, 101.0, 130.0, 152.0, 144.0, 154.0, 168.0, 134.0, 124.0, 96.0, 90.0, 98.0, 108.0, 105.0, 144.0, 111.0, 131.0, 97.0, 90.0, 57.0, 48.0, 54.0, 28.0, 95.0, 86.0, 86.0, 128.0, 138.0, 108.0, 148.0, 161.0, 150.0, 102.0, 78.0, 58.0, 38.0, 38.0, 38.0, 40.0, 26.0, 46.0, 64.0, 78.0, 92.0, 110.0, 92.0, 122.0, 122.0, 143.0, 148.0, 85.0, 123.0, 81.0, 76.0, 80.0, 85.0, 68.0, 84.0, 104.0, 136.0, 103.0, 100.0, 108.0, 95.0, 101.0, 150.0, 141.0, 135.0, 141.0, 123.0, 105.0, 120.0, 165.0, 144.0, 152.0, 168.0, 123.0, 137.0, 110.0, 128.0, 111.0, 106.0, 111.0, 142.0, 124.0, 109.0, 137.0, 96.0, 94.0, 156.0, 171.0, 160.0, 176.0, 193.0, 213.0, 153.0, 131.0, 152.0, 151.0, 170.0, 160.0, 154.0, 176.0, 181.0]"
phi=0.85,H,1,94.26,100.85,False,46,"[94.3, 80.0, 79.0, 85.0, 70.0, 94.0, 82.0, 80.0, 101.0, 99.0, 74.0, 69.0, 71.0, 77.0, 104.0, 104.0, 105.0, 153.0, 110.0, 104.0, 92.0, 108.0, 88.0, 97.0, 131.0, 125.0, 123.0, 113.0, 83.0, 86.0, 117.0, 357.0, 321.0, 323.0, 295.0, 264.0, 232.0, 226.0, 224.0, 209.0, 245.0, 272.0, 286.0, 269.0, 288.0, 258.0, 244.0, 239.0, 196.0, 183.0, 215.0, 222.0, 225.0, 207.0, 145.0, 173.0, 164.0, 155.0, 150.0, 184.0, 189.0, 229.0, 256.0, 258.0, 236.0, 247.0, 234.0, 222.0, 195.0, 182.0, 184.0, 164.0, 169.0, 183.0, 184.0, 193.0, 173.0, 171.0, 136.0, 101.0, 72.0, 63.0, 53.0, 51.0, 70.0, 122.0, 113.0, 99.0, 103.0, 131.0, 128.0, 123.0, 108.0, 134.0, 144.0, 114.0, 110.0, 91.0, 77.0, 63.0, 77.0, 120.0, 120.0, 128.0, 133.0, 149.0, 142.0, 131.0, 157.0, 160.0, 166.0, 135.0, 136.0, 138.0, 122.0, 84.0, 63.0, 80.0, 100.0, 114.0, 119.0, 112.0, 99.0, 91.0, 77.0, 59.0, 52.0, 87.0, 115.0, 105.0, 103.0, 97.0, 86.0, 92.0, 102.0, 115.0, 134.0, 146.0, 137.0, 146.0, 160.0, 172.0, 184.0, 174.0, 169.0, 153.0, 124.0, 93.0, 112.0, 142.0, 152.0, 119.0, 110.0, 98.0, 72.0, 61.0, 63.0, 70.0, 89.0, 81.0, 88.0, 77.0, 101.0, 103.0, 90.0, 128.0, 134.0, 159.0, 161.0, 168.0, 158.0, 144.0, 148.0, 183.0, 158.0, 161.0, 164.0, 150.0, 138.0, 73.0, 100.0, 73.0, 58.0, 67.0, 59.0, 113.0, 86.0, 108.0, 119.0, 136.0, 112.0, 77.0, 52.0, 53.0, 67.0, 76.0, 66.0, 110.0, 103.0, 83.0, 80.0, 87.0, 87.0, 76.0, 52.0, 60.0, 51.0, 70.0, 48.0, 82.0, 140.0, 113.0, 72.0, 57.0, 76.0, 87.0, 52.0, 62.0, 59.0, 55.0, 62.0, 93.0, 101.0, 115.0, 149.0, 164.0, 145.0, 128.0, 148.0, 122.0, 113.0]"
phi=0.85,H,2,94.26,65.95,False,35,"[94.3, 111.0, 98.0, 116.0, 93.0, 101.0, 122.0, 94.0, 95.0, 91.0, 55.0, 61.0, 80.0, 73.0, 58.0, 61.0, 65.0, 55.0, 92.0, 45.0, 58.0, 73.0, 76.0, 76.0, 83.0, 81.0, 67.0, 61.0, 35.0, 64.0, 57.0, 297.0, 292.0, 290.0, 297.0, 249.0, 243.0, 214.0, 236.0, 223.0, 153.0, 171.0, 186.0, 109.0, 117.0, 93.0, 113.0, 123.0, 133.0, 127.0, 91.0, 115.0, 95.0, 104.0, 110.0, 127.0, 132.0, 90.0, 123.0, 92.0, 126.0, 130.0, 150.0, 149.0, 171.0, 112.0, 92.0, 86.0, 108.0, 84.0, 78.0, 50.0, 83.0, 122.0, 128.0, 131.0, 141.0, 111.0, 86.0, 85.0, 103.0, 105.0, 108.0, 73.0, 94.0, 92.0, 86.0, 124.0, 95.0, 112.0, 122.0, 128.0, 114.0, 121.0, 125.0, 102.0, 125.0, 129.0, 96.0, 104.0, 82.0, 73.0, 85.0, 100.0, 79.0, 71.0, 83.0, 108.0, 90.0, 86.0, 110.0, 99.0, 94.0, 45.0, 51.0, 40.0, 33.0, 19.0, 44.0, 37.0, 49.0, 68.0, 68.0, 94.0, 90.0, 67.0, 42.0, 62.0, 63.0, 79.0, 90.0, 124.0, 96.0, 73.0, 113.0, 75.0, 78.0, 77.0, 100.0, 125.0, 88.0, 86.0, 80.0, 100.0, 88.0, 76.0, 112.0, 134.0, 120.0, 75.0, 69.0, 53.0, 39.0, 41.0, 45.0, 36.0, 55.0, 53.0, 49.0, 59.0, 60.0, 89.0, 97.0, 102.0, 125.0, 99.0, 119.0, 134.0, 144.0, 154.0, 141.0, 125.0, 94.0, 72.0, 69.0, 64.0, 52.0, 49.0, 50.0, 76.0, 77.0, 78.0, 87.0, 73.0, 87.0, 98.0, 132.0, 131.0, 106.0, 87.0, 84.0, 80.0, 66.0, 58.0, 112.0, 145.0, 141.0, 109.0, 110.0, 115.0, 121.0, 108.0, 116.0, 112.0, 99.0, 74.0, 73.0, 101.0, 90.0, 139.0, 152.0, 109.0, 131.0, 136.0, 143.0, 146.0, 137.0, 91.0, 49.0, 56.0, 66.0, 65.0, 62.0, 59.0, 41.0, 44.0, 47.0, 48.0, 57.0, 42.0, 44.0]"
phi=0.85,H,3,94.26,123.6,False,11,"[94.3, 94.0, 114.0, 91.0, 81.0, 81.0, 108.0, 144.0, 145.0, 149.0, 185.0, 163.0, 176.0, 185.0, 185.0, 176.0, 163.0, 153.0, 94.0, 78.0, 119.0, 106.0, 142.0, 125.0, 86.0, 64.0, 76.0, 70.0, 74.0, 52.0, 82.0, 322.0, 252.0, 210.0, 223.0, 235.0, 263.0, 231.0, 238.0, 241.0, 220.0, 197.0, 162.0, 143.0, 133.0, 139.0, 133.0, 119.0, 137.0, 130.0, 98.0, 83.0, 94.0, 91.0, 147.0, 153.0, 126.0, 126.0, 78.0, 96.0, 94.0, 109.0, 114.0, 103.0, 106.0, 71.0, 62.0, 83.0, 106.0, 114.0, 80.0, 66.0, 112.0, 102.0, 92.0, 126.0, 143.0, 141.0, 131.0, 126.0, 149.0, 76.0, 86.0, 111.0, 104.0, 95.0, 107.0, 126.0, 173.0, 118.0, 110.0, 105.0, 119.0, 130.0, 125.0, 135.0, 130.0, 154.0, 147.0, 122.0, 137.0, 121.0, 151.0, 144.0, 79.0, 75.0, 50.0, 29.0, 38.0, 65.0, 89.0, 50.0, 41.0, 17.0, 48.0, 49.0, 29.0, 46.0, 45.0, 39.0, 42.0, 44.0, 45.0, 64.0, 50.0, 43.0, 70.0, 119.0, 120.0, 129.0, 101.0, 86.0, 57.0, 72.0, 59.0, 47.0, 62.0, 56.0, 57.0, 47.0, 40.0, 62.0, 52.0, 57.0, 84.0, 90.0, 121.0, 130.0, 163.0, 168.0, 187.0, 201.0, 207.0, 149.0, 120.0, 118.0, 127.0, 102.0, 75.0, 82.0, 60.0, 61.0, 66.0, 78.0, 83.0, 82.0, 45.0, 113.0, 88.0, 63.0, 56.0, 66.0, 89.0, 89.0, 97.0, 117.0, 59.0, 54.0, 59.0, 59.0, 57.0, 51.0, 100.0, 81.0, 80.0, 45.0, 55.0, 66.0, 75.0, 75.0, 89.0, 72.0, 80.0, 116.0, 122.0, 111.0, 97.0, 98.0, 93.0, 111.0, 125.0, 106.0, 70.0, 90.0, 128.0, 132.0, 148.0, 132.0, 154.0, 142.0, 168.0, 179.0, 184.0, 186.0, 144.0, 102.0, 109.0, 98.0, 107.0, 125.0, 134.0, 145.0, 145.0, 165.0, 150.0, 139.0, 147.0, 121.0, 126.0, 124.0, 107.0]"
phi=0.85,H,4,94.26,68.4,False,17,"[94.3, 82.0, 125.0, 110.0, 79.0, 64.0, 72.0, 81.0, 35.0, 46.0, 56.0, 51.0, 69.0, 47.0, 47.0, 66.0, 36.0, 61.0, 52.0, 58.0, 62.0, 79.0, 106.0, 94.0, 102.0, 103.0, 101.0, 91.0, 48.0, 39.0, 52.0, 292.0, 286.0, 210.0, 175.0, 190.0, 167.0, 163.0, 163.0, 139.0, 136.0, 140.0, 146.0, 108.0, 108.0, 128.0, 138.0, 134.0, 91.0, 83.0, 55.0, 80.0, 90.0, 89.0, 91.0, 80.0, 75.0, 92.0, 72.0, 57.0, 66.0, 59.0, 41.0, 40.0, 38.0, 58.0, 49.0, 57.0, 67.0, 104.0, 77.0, 86.0, 75.0, 102.0, 78.0, 70.0, 84.0, 105.0, 74.0, 77.0, 73.0, 78.0, 90.0, 99.0, 104.0, 100.0, 118.0, 93.0, 119.0, 113.0, 107.0, 101.0, 121.0, 135.0, 131.0, 117.0, 92.0, 76.0, 83.0, 94.0, 93.0, 108.0, 102.0, 79.0, 96.0, 96.0, 99.0, 72.0, 65.0, 73.0, 122.0, 154.0, 160.0, 114.0, 111.0, 98.0, 94.0, 86.0, 107.0, 76.0, 81.0, 98.0, 115.0, 152.0, 92.0, 76.0, 68.0, 53.0, 49.0, 42.0, 86.0, 89.0, 134.0, 135.0, 128.0, 131.0, 109.0, 130.0, 122.0, 123.0, 105.0, 104.0, 123.0, 109.0, 131.0, 125.0, 114.0, 118.0, 112.0, 120.0, 129.0, 99.0, 75.0, 84.0, 75.0, 42.0, 61.0, 46.0, 44.0, 71.0, 62.0, 61.0, 81.0, 96.0, 71.0, 51.0, 47.0, 95.0, 61.0, 49.0, 74.0, 76.0, 69.0, 74.0, 75.0, 80.0, 76.0, 70.0, 77.0, 117.0, 123.0, 146.0, 202.0, 192.0, 221.0, 206.0, 226.0, 265.0, 237.0, 242.0, 237.0, 207.0, 197.0, 175.0, 115.0, 133.0, 181.0, 145.0, 167.0, 165.0, 150.0, 151.0, 156.0, 183.0, 230.0, 227.0, 185.0, 176.0, 147.0, 131.0, 126.0, 114.0, 58.0, 46.0, 58.0, 44.0, 67.0, 85.0, 89.0, 83.0, 77.0, 54.0, 54.0, 75.0, 41.0, 63.0, 63.0, 80.0, 59.0, 50.0, 39.0]"
phi=0.85,H,5,94.26,92.5,False,31,"[94.3, 53.0, 66.0, 46.0, 58.0, 80.0, 84.0, 87.0, 90.0, 64.0, 52.0, 66.0, 82.0, 94.0, 105.0, 107.0, 107.0, 104.0, 114.0, 123.0, 122.0, 100.0, 90.0, 112.0, 78.0, 63.0, 70.0, 70.0, 78.0, 113.0, 132.0, 372.0, 381.0, 286.0, 299.0, 289.0, 296.0, 255.0, 313.0, 331.0, 286.0, 279.0, 244.0, 250.0, 229.0, 196.0, 187.0, 150.0, 178.0, 158.0, 152.0, 144.0, 123.0, 167.0, 186.0, 196.0, 140.0, 170.0, 169.0, 153.0, 124.0, 133.0, 146.0, 117.0, 129.0, 105.0, 74.0, 72.0, 60.0, 90.0, 77.0, 74.0, 66.0, 36.0, 33.0, 47.0, 53.0, 83.0, 114.0, 145.0, 120.0, 113.0, 108.0, 170.0, 204.0, 230.0, 248.0, 277.0, 267.0, 285.0, 308.0, 295.0, 296.0, 280.0, 224.0, 212.0, 267.0, 241.0, 261.0, 272.0, 285.0, 283.0, 265.0, 269.0, 228.0, 149.0, 118.0, 120.0, 123.0, 99.0, 69.0, 62.0, 71.0, 72.0, 83.0, 89.0, 83.0, 81.0, 94.0, 114.0, 133.0, 147.0, 150.0, 98.0, 131.0, 112.0, 111.0, 127.0, 118.0, 89.0, 115.0, 125.0, 76.0, 83.0, 75.0, 62.0, 54.0, 86.0, 86.0, 71.0, 59.0, 58.0, 79.0, 77.0, 55.0, 44.0, 57.0, 64.0, 45.0, 62.0, 95.0, 85.0, 87.0, 109.0, 102.0, 97.0, 69.0, 104.0, 77.0, 80.0, 118.0, 100.0, 86.0, 53.0, 64.0, 75.0, 72.0, 56.0, 60.0, 90.0, 77.0, 96.0, 88.0, 101.0, 113.0, 91.0, 112.0, 139.0, 151.0, 160.0, 178.0, 189.0, 191.0, 178.0, 153.0, 130.0, 147.0, 161.0, 169.0, 123.0, 120.0, 107.0, 87.0, 107.0, 142.0, 124.0, 103.0, 126.0, 120.0, 77.0, 75.0, 47.0, 36.0, 48.0, 45.0, 29.0, 34.0, 64.0, 63.0, 65.0, 77.0, 55.0, 81.0, 104.0, 91.0, 67.0, 93.0, 122.0, 124.0, 127.0, 108.0, 80.0, 89.0, 81.0, 92.0, 94.0, 83.0, 80.0, 89.0, 95.0, 139.0]"
phi=0.85,H,6,94.26,69.75,False,33,"[94.3, 104.0, 113.0, 111.0, 93.0, 136.0, 103.0, 88.0, 105.0, 94.0, 69.0, 76.0, 67.0, 77.0, 67.0, 76.0, 66.0, 53.0, 99.0, 102.0, 108.0, 107.0, 100.0, 92.0, 73.0, 54.0, 28.0, 22.0, 36.0, 23.0, 34.0, 274.0, 233.0, 193.0, 199.0, 171.0, 186.0, 197.0, 180.0, 166.0, 178.0, 160.0, 125.0, 123.0, 128.0, 135.0, 141.0, 138.0, 118.0, 125.0, 121.0, 130.0, 132.0, 118.0, 125.0, 138.0, 154.0, 164.0, 164.0, 157.0, 143.0, 133.0, 101.0, 104.0, 113.0, 120.0, 110.0, 86.0, 53.0, 30.0, 55.0, 71.0, 68.0, 58.0, 72.0, 59.0, 55.0, 52.0, 68.0, 52.0, 52.0, 65.0, 53.0, 85.0, 94.0, 92.0, 82.0, 67.0, 83.0, 99.0, 99.0, 107.0, 92.0, 66.0, 73.0, 91.0, 71.0, 37.0, 49.0, 26.0, 41.0, 83.0, 147.0, 120.0, 119.0, 88.0, 81.0, 77.0, 72.0, 61.0, 37.0, 39.0, 22.0, 36.0, 54.0, 45.0, 28.0, 48.0, 51.0, 74.0, 57.0, 42.0, 73.0, 66.0, 98.0, 102.0, 93.0, 73.0, 78.0, 83.0, 81.0, 101.0, 119.0, 126.0, 150.0, 174.0, 195.0, 212.0, 248.0, 240.0, 236.0, 203.0, 193.0, 210.0, 182.0, 163.0, 125.0, 121.0, 133.0, 144.0, 166.0, 152.0, 140.0, 130.0, 109.0, 126.0, 128.0, 113.0, 93.0, 78.0, 68.0, 45.0, 68.0, 63.0, 103.0, 88.0, 76.0, 84.0, 62.0, 50.0, 77.0, 111.0, 120.0, 117.0, 109.0, 167.0, 174.0, 159.0, 166.0, 140.0, 125.0, 149.0, 107.0, 113.0, 144.0, 127.0, 110.0, 143.0, 129.0, 121.0, 107.0, 90.0, 119.0, 111.0, 118.0, 112.0, 127.0, 91.0, 88.0, 94.0, 105.0, 94.0, 92.0, 108.0, 92.0, 81.0, 88.0, 65.0, 51.0, 69.0, 60.0, 52.0, 91.0, 84.0, 114.0, 121.0, 115.0, 108.0, 138.0, 123.0, 101.0, 98.0, 132.0, 135.0, 109.0, 113.0, 116.0, 110.0, 81.0, 68.0, 32.0]"
phi=0.85,H,7,94.26,108.55,False,20,"[94.3, 93.0, 134.0, 102.0, 60.0, 72.0, 76.0, 70.0, 76.0, 101.0, 70.0, 80.0, 70.0, 91.0, 117.0, 97.0, 124.0, 116.0, 130.0, 133.0, 138.0, 137.0, 119.0, 124.0, 118.0, 88.0, 104.0, 108.0, 120.0, 87.0, 103.0, 343.0, 339.0, 310.0, 270.0, 282.0, 288.0, 274.0, 239.0, 237.0, 215.0, 183.0, 125.0, 121.0, 101.0, 153.0, 189.0, 177.0, 188.0, 228.0, 177.0, 159.0, 146.0, 145.0, 100.0, 78.0, 63.0, 59.0, 53.0, 47.0, 39.0, 38.0, 42.0, 68.0, 63.0, 60.0, 49.0, 85.0, 69.0, 59.0, 87.0, 89.0, 83.0, 75.0, 93.0, 102.0, 114.0, 82.0, 103.0, 130.0, 98.0, 126.0, 98.0, 62.0, 60.0, 35.0, 50.0, 46.0, 39.0, 41.0, 46.0, 44.0, 47.0, 32.0, 27.0, 53.0, 79.0, 102.0, 97.0, 71.0, 84.0, 75.0, 93.0, 102.0, 79.0, 76.0, 91.0, 133.0, 140.0, 172.0, 137.0, 136.0, 132.0, 118.0, 126.0, 97.0, 87.0, 79.0, 73.0, 73.0, 89.0, 54.0, 40.0, 69.0, 112.0, 110.0, 110.0, 114.0, 108.0, 123.0, 99.0, 110.0, 150.0, 156.0, 142.0, 117.0, 114.0, 122.0, 84.0, 97.0, 99.0, 82.0, 67.0, 45.0, 42.0, 60.0, 61.0, 30.0, 23.0, 46.0, 58.0, 99.0, 104.0, 94.0, 81.0, 88.0, 124.0, 113.0, 107.0, 91.0, 75.0, 58.0, 34.0, 57.0, 43.0, 49.0, 71.0, 45.0, 71.0, 87.0, 83.0, 65.0, 65.0, 63.0, 68.0, 66.0, 72.0, 80.0, 88.0, 71.0, 65.0, 81.0, 106.0, 99.0, 91.0, 98.0, 91.0, 95.0, 88.0, 97.0, 106.0, 124.0, 126.0, 143.0, 144.0, 156.0, 148.0, 132.0, 133.0, 124.0, 106.0, 75.0, 68.0, 45.0, 74.0, 51.0, 60.0, 76.0, 66.0, 57.0, 42.0, 50.0, 61.0, 56.0, 62.0, 81.0, 110.0, 118.0, 120.0, 88.0, 111.0, 95.0, 89.0, 113.0, 91.0, 57.0, 77.0, 104.0, 101.0, 116.0, 146.0]"
phi=0.85,H,8,94.26,119.25,False,13,"[94.3, 87.0, 71.0, 89.0, 121.0, 118.0, 98.0, 99.0, 85.0, 75.0, 33.0, 35.0, 46.0, 70.0, 44.0, 49.0, 63.0, 92.0, 120.0, 107.0, 132.0, 147.0, 126.0, 155.0, 177.0, 193.0, 185.0, 197.0, 187.0, 227.0, 219.0, 459.0, 426.0, 424.0, 412.0, 416.0, 391.0, 372.0, 300.0, 286.0, 293.0, 232.0, 216.0, 145.0, 159.0, 155.0, 128.0, 88.0, 117.0, 100.0, 82.0, 66.0, 44.0, 56.0, 60.0, 47.0, 47.0, 61.0, 74.0, 49.0, 66.0, 55.0, 70.0, 54.0, 89.0, 61.0, 43.0, 64.0, 71.0, 55.0, 67.0, 69.0, 45.0, 71.0, 70.0, 71.0, 94.0, 118.0, 125.0, 119.0, 129.0, 169.0, 137.0, 141.0, 128.0, 110.0, 88.0, 117.0, 125.0, 153.0, 138.0, 163.0, 142.0, 143.0, 123.0, 125.0, 125.0, 114.0, 108.0, 97.0, 100.0, 100.0, 128.0, 159.0, 177.0, 148.0, 153.0, 146.0, 103.0, 97.0, 127.0, 140.0, 99.0, 94.0, 99.0, 74.0, 103.0, 140.0, 113.0, 134.0, 112.0, 114.0, 78.0, 69.0, 103.0, 123.0, 104.0, 57.0, 91.0, 107.0, 133.0, 119.0, 139.0, 133.0, 116.0, 119.0, 107.0, 102.0, 93.0, 84.0, 83.0, 73.0, 77.0, 62.0, 68.0, 112.0, 92.0, 120.0, 122.0, 142.0, 143.0, 164.0, 156.0, 139.0, 116.0, 81.0, 54.0, 68.0, 86.0, 73.0, 61.0, 55.0, 75.0, 100.0, 59.0, 64.0, 88.0, 115.0, 115.0, 92.0, 108.0, 88.0, 72.0, 28.0, 53.0, 83.0, 84.0, 94.0, 72.0, 64.0, 48.0, 56.0, 56.0, 47.0, 54.0, 36.0, 57.0, 62.0, 53.0, 52.0, 81.0, 73.0, 86.0, 78.0, 97.0, 75.0, 63.0, 63.0, 59.0, 65.0, 43.0, 32.0, 47.0, 45.0, 71.0, 64.0, 82.0, 68.0, 44.0, 59.0, 85.0, 68.0, 51.0, 56.0, 54.0, 53.0, 80.0, 34.0, 93.0, 108.0, 81.0, 81.0, 108.0, 112.0, 92.0, 91.0, 88.0, 106.0, 74.0, 61.0, 40.0]"
phi=0.85,H,9,94.26,100.3,False,24,"[94.3, 60.0, 51.0, 56.0, 62.0, 31.0, 48.0, 58.0, 71.0, 94.0, 100.0, 106.0, 98.0, 91.0, 125.0, 116.0, 114.0, 135.0, 96.0, 77.0, 83.0, 88.0, 111.0, 109.0, 75.0, 97.0, 89.0, 75.0, 106.0, 115.0, 86.0, 326.0, 334.0, 338.0, 343.0, 325.0, 278.0, 272.0, 261.0, 259.0, 279.0, 254.0, 217.0, 218.0, 174.0, 152.0, 123.0, 127.0, 152.0, 126.0, 126.0, 115.0, 139.0, 155.0, 169.0, 175.0, 132.0, 109.0, 102.0, 84.0, 89.0, 105.0, 136.0, 174.0, 162.0, 174.0, 143.0, 132.0, 119.0, 104.0, 98.0, 112.0, 90.0, 89.0, 63.0, 38.0, 40.0, 58.0, 63.0, 64.0, 109.0, 55.0, 58.0, 54.0, 43.0, 34.0, 36.0, 35.0, 73.0, 92.0, 87.0, 96.0, 75.0, 50.0, 46.0, 50.0, 62.0, 70.0, 108.0, 98.0, 39.0, 31.0, 55.0, 58.0, 54.0, 63.0, 73.0, 52.0, 93.0, 87.0, 92.0, 59.0, 87.0, 70.0, 63.0, 79.0, 68.0, 54.0, 55.0, 34.0, 51.0, 43.0, 61.0, 87.0, 132.0, 112.0, 118.0, 113.0, 96.0, 66.0, 90.0, 88.0, 85.0, 99.0, 109.0, 103.0, 95.0, 85.0, 68.0, 49.0, 54.0, 47.0, 57.0, 54.0, 59.0, 57.0, 35.0, 40.0, 88.0, 70.0, 102.0, 73.0, 69.0, 33.0, 60.0, 68.0, 55.0, 53.0, 68.0, 62.0, 42.0, 83.0, 42.0, 58.0, 63.0, 90.0, 79.0, 117.0, 97.0, 91.0, 68.0, 103.0, 92.0, 76.0, 101.0, 99.0, 72.0, 79.0, 57.0, 60.0, 91.0, 85.0, 96.0, 107.0, 125.0, 97.0, 114.0, 127.0, 133.0, 80.0, 100.0, 124.0, 103.0, 117.0, 163.0, 161.0, 169.0, 129.0, 123.0, 115.0, 99.0, 83.0, 78.0, 64.0, 64.0, 53.0, 46.0, 20.0, 54.0, 54.0, 60.0, 51.0, 62.0, 65.0, 74.0, 39.0, 38.0, 59.0, 64.0, 52.0, 51.0, 75.0, 112.0, 70.0, 80.0, 52.0, 54.0, 60.0, 66.0, 88.0, 109.0]"
phi=0.85,H,10,94.26,121.3,False,14,"[94.3, 113.0, 127.0, 105.0, 78.0, 52.0, 85.0, 105.0, 123.0, 118.0, 90.0, 133.0, 154.0, 172.0, 175.0, 158.0, 147.0, 142.0, 121.0, 112.0, 142.0, 127.0, 113.0, 104.0, 120.0, 92.0, 69.0, 79.0, 100.0, 76.0, 74.0, 314.0, 321.0, 272.0, 268.0, 255.0, 262.0, 239.0, 228.0, 258.0, 250.0, 222.0, 210.0, 193.0, 186.0, 158.0, 136.0, 163.0, 136.0, 116.0, 104.0, 102.0, 73.0, 58.0, 57.0, 62.0, 70.0, 92.0, 112.0, 131.0, 96.0, 130.0, 89.0, 69.0, 109.0, 105.0, 122.0, 135.0, 152.0, 118.0, 114.0, 97.0, 85.0, 75.0, 70.0, 69.0, 83.0, 74.0, 72.0, 79.0, 76.0, 84.0, 70.0, 83.0, 85.0, 99.0, 148.0, 156.0, 131.0, 96.0, 157.0, 152.0, 152.0, 131.0, 142.0, 141.0, 161.0, 144.0, 136.0, 107.0, 78.0, 88.0, 71.0, 61.0, 72.0, 74.0, 73.0, 100.0, 94.0, 79.0, 109.0, 118.0, 112.0, 105.0, 108.0, 149.0, 162.0, 159.0, 212.0, 184.0, 214.0, 154.0, 132.0, 84.0, 57.0, 50.0, 42.0, 82.0, 80.0, 51.0, 66.0, 41.0, 56.0, 57.0, 42.0, 49.0, 62.0, 71.0, 94.0, 107.0, 101.0, 99.0, 100.0, 112.0, 115.0, 92.0, 105.0, 75.0, 84.0, 81.0, 58.0, 49.0, 80.0, 77.0, 105.0, 144.0, 119.0, 114.0, 146.0, 156.0, 169.0, 180.0, 165.0, 143.0, 131.0, 127.0, 121.0, 116.0, 88.0, 61.0, 39.0, 72.0, 76.0, 85.0, 107.0, 81.0, 69.0, 90.0, 76.0, 46.0, 35.0, 42.0, 51.0, 68.0, 71.0, 58.0, 63.0, 72.0, 71.0, 97.0, 95.0, 80.0, 53.0, 59.0, 45.0, 34.0, 30.0, 36.0, 45.0, 41.0, 42.0, 31.0, 37.0, 31.0, 49.0, 62.0, 81.0, 78.0, 112.0, 84.0, 89.0, 89.0, 64.0, 86.0, 83.0, 93.0, 75.0, 73.0, 79.0, 61.0, 71.0, 85.0, 91.0, 107.0, 91.0, 95.0, 101.0, 87.0, 75.0, 75.0, 104.0]"
phi=0.85,H,11,94.26,71.75,False,17,"[94.3, 96.0, 85.0, 104.0, 80.0, 75.0, 102.0, 107.0, 94.0, 115.0, 88.0, 82.0, 60.0, 41.0, 53.0, 55.0, 71.0, 76.0, 49.0, 90.0, 71.0, 79.0, 84.0, 62.0, 66.0, 74.0, 53.0, 93.0, 112.0, 76.0, 53.0, 293.0, 292.0, 293.0, 243.0, 218.0, 241.0, 223.0, 176.0, 182.0, 163.0, 125.0, 126.0, 94.0, 120.0, 173.0, 107.0, 65.0, 91.0, 105.0, 99.0, 122.0, 111.0, 73.0, 71.0, 91.0, 89.0, 84.0, 100.0, 85.0, 124.0, 132.0, 126.0, 155.0, 193.0, 190.0, 118.0, 128.0, 124.0, 120.0, 104.0, 96.0, 108.0, 131.0, 100.0, 89.0, 96.0, 118.0, 119.0, 103.0, 107.0, 88.0, 110.0, 69.0, 56.0, 57.0, 51.0, 76.0, 97.0, 93.0, 75.0, 66.0, 59.0, 87.0, 57.0, 66.0, 60.0, 70.0, 64.0, 63.0, 89.0, 68.0, 36.0, 57.0, 64.0, 61.0, 91.0, 84.0, 58.0, 69.0, 103.0, 142.0, 170.0, 161.0, 185.0, 209.0, 154.0, 162.0, 148.0, 101.0, 101.0, 121.0, 135.0, 124.0, 146.0, 123.0, 111.0, 125.0, 123.0, 104.0, 112.0, 110.0, 132.0, 117.0, 107.0, 102.0, 52.0, 61.0, 51.0, 43.0, 68.0, 37.0, 42.0, 48.0, 47.0, 80.0, 76.0, 85.0, 92.0, 102.0, 112.0, 82.0, 83.0, 53.0, 56.0, 95.0, 118.0, 109.0, 108.0, 117.0, 144.0, 164.0, 174.0, 197.0, 217.0, 202.0, 179.0, 215.0, 172.0, 155.0, 101.0, 115.0, 75.0, 56.0, 74.0, 98.0, 97.0, 152.0, 153.0, 167.0, 111.0, 113.0, 132.0, 154.0, 116.0, 112.0, 142.0, 121.0, 164.0, 229.0, 238.0, 233.0, 180.0, 149.0, 166.0, 148.0, 140.0, 134.0, 120.0, 119.0, 105.0, 99.0, 102.0, 104.0, 78.0, 67.0, 66.0, 63.0, 63.0, 95.0, 90.0, 84.0, 69.0, 88.0, 99.0, 101.0, 67.0, 65.0, 57.0, 65.0, 71.0, 80.0, 111.0, 137.0, 208.0, 220.0, 188.0, 236.0, 221.0, 181.0, 166.0]"
phi=0.85,H,12,94.26,73.3,False,22,"[94.3, 72.0, 75.0, 60.0, 45.0, 57.0, 53.0, 72.0, 69.0, 46.0, 31.0, 36.0, 43.0, 57.0, 39.0, 41.0, 55.0, 37.0, 39.0, 85.0, 79.0, 83.0, 85.0, 107.0, 125.0, 125.0, 99.0, 89.0, 111.0, 100.0, 79.0, 319.0, 264.0, 242.0, 250.0, 240.0, 252.0, 235.0, 242.0, 198.0, 251.0, 227.0, 242.0, 240.0, 271.0, 295.0, 299.0, 266.0, 226.0, 147.0, 121.0, 145.0, 148.0, 130.0, 99.0, 70.0, 59.0, 60.0, 69.0, 58.0, 70.0, 44.0, 52.0, 44.0, 61.0, 40.0, 77.0, 76.0, 90.0, 96.0, 108.0, 56.0, 67.0, 64.0, 96.0, 86.0, 61.0, 46.0, 76.0, 67.0, 80.0, 74.0, 74.0, 115.0, 114.0, 104.0, 73.0, 85.0, 79.0, 73.0, 65.0, 50.0, 54.0, 76.0, 89.0, 73.0, 57.0, 69.0, 65.0, 44.0, 86.0, 79.0, 74.0, 105.0, 104.0, 120.0, 112.0, 74.0, 84.0, 101.0, 102.0, 109.0, 93.0, 68.0, 40.0, 30.0, 48.0, 47.0, 39.0, 51.0, 91.0, 113.0, 88.0, 109.0, 67.0, 92.0, 113.0, 89.0, 86.0, 78.0, 101.0, 81.0, 69.0, 65.0, 102.0, 61.0, 45.0, 41.0, 69.0, 79.0, 84.0, 86.0, 102.0, 116.0, 133.0, 92.0, 97.0, 122.0, 132.0, 136.0, 128.0, 128.0, 137.0, 113.0, 136.0, 105.0, 94.0, 63.0, 76.0, 97.0, 90.0, 126.0, 144.0, 115.0, 101.0, 98.0, 85.0, 91.0, 75.0, 103.0, 77.0, 78.0, 74.0, 88.0, 93.0, 79.0, 86.0, 83.0, 83.0, 86.0, 76.0, 69.0, 74.0, 77.0, 83.0, 91.0, 123.0, 91.0, 97.0, 67.0, 51.0, 76.0, 64.0, 104.0, 96.0, 126.0, 97.0, 78.0, 87.0, 48.0, 36.0, 37.0, 64.0, 54.0, 78.0, 60.0, 100.0, 94.0, 120.0, 107.0, 89.0, 55.0, 55.0, 72.0, 83.0, 71.0, 75.0, 75.0, 60.0, 56.0, 55.0, 73.0, 101.0, 111.0, 113.0, 122.0, 80.0, 88.0, 98.0, 81.0, 108.0]"
phi=0.85,H,13,94.26,89.35,False,18,"[94.3, 120.0, 110.0, 78.0, 95.0, 66.0, 80.0, 57.0, 57.0, 78.0, 84.0, 122.0, 101.0, 91.0, 85.0, 117.0, 99.0, 97.0, 100.0, 91.0, 63.0, 65.0, 58.0, 75.0, 69.0, 73.0, 98.0, 104.0, 101.0, 94.0, 108.0, 348.0, 327.0, 334.0, 310.0, 279.0, 270.0, 334.0, 260.0, 256.0, 213.0, 218.0, 220.0, 237.0, 189.0, 170.0, 143.0, 150.0, 109.0, 115.0, 126.0, 152.0, 97.0, 83.0, 83.0, 94.0, 87.0, 120.0, 80.0, 103.0, 121.0, 178.0, 217.0, 221.0, 235.0, 256.0, 293.0, 272.0, 214.0, 215.0, 205.0, 232.0, 185.0, 142.0, 140.0, 153.0, 200.0, 163.0, 141.0, 178.0, 181.0, 186.0, 181.0, 146.0, 154.0, 151.0, 102.0, 76.0, 78.0, 89.0, 84.0, 74.0, 85.0, 103.0, 120.0, 86.0, 88.0, 67.0, 66.0, 67.0, 66.0, 62.0, 80.0, 81.0, 73.0, 72.0, 70.0, 93.0, 130.0, 84.0, 98.0, 121.0, 142.0, 130.0, 125.0, 126.0, 113.0, 129.0, 152.0, 144.0, 155.0, 170.0, 112.0, 126.0, 102.0, 66.0, 57.0, 90.0, 110.0, 99.0, 105.0, 134.0, 152.0, 178.0, 167.0, 176.0, 159.0, 170.0, 147.0, 142.0, 142.0, 130.0, 150.0, 147.0, 122.0, 89.0, 117.0, 116.0, 112.0, 146.0, 159.0, 147.0, 148.0, 170.0, 159.0, 119.0, 133.0, 146.0, 132.0, 121.0, 132.0, 107.0, 93.0, 76.0, 78.0, 55.0, 45.0, 59.0, 37.0, 34.0, 30.0, 52.0, 70.0, 64.0, 49.0, 70.0, 64.0, 82.0, 77.0, 131.0, 131.0, 127.0, 128.0, 88.0, 84.0, 103.0, 73.0, 76.0, 84.0, 48.0, 75.0, 99.0, 72.0, 84.0, 38.0, 42.0, 68.0, 77.0, 76.0, 92.0, 59.0, 42.0, 25.0, 38.0, 55.0, 63.0, 86.0, 59.0, 58.0, 75.0, 40.0, 78.0, 69.0, 65.0, 70.0, 36.0, 52.0, 74.0, 106.0, 125.0, 128.0, 140.0, 113.0, 107.0, 114.0, 148.0, 159.0, 135.0, 122.0, 115.0, 115.0]"
phi=0.85,H,14,94.26,79.45,False,11,"[94.3, 67.0, 78.0, 61.0, 66.0, 95.0, 103.0, 123.0, 83.0, 76.0, 83.0, 63.0, 63.0, 55.0, 84.0, 97.0, 94.0, 109.0, 89.0, 96.0, 91.0, 85.0, 85.0, 86.0, 86.0, 70.0, 68.0, 83.0, 55.0, 47.0, 45.0, 285.0, 262.0, 293.0, 291.0, 206.0, 146.0, 160.0, 117.0, 99.0, 102.0, 127.0, 125.0, 119.0, 100.0, 68.0, 94.0, 61.0, 71.0, 63.0, 91.0, 95.0, 83.0, 61.0, 49.0, 31.0, 46.0, 45.0, 59.0, 58.0, 56.0, 90.0, 98.0, 86.0, 81.0, 108.0, 117.0, 93.0, 72.0, 75.0, 50.0, 71.0, 69.0, 83.0, 77.0, 74.0, 72.0, 50.0, 57.0, 92.0, 109.0, 67.0, 60.0, 84.0, 92.0, 85.0, 52.0, 73.0, 71.0, 55.0, 23.0, 29.0, 47.0, 66.0, 116.0, 111.0, 104.0, 101.0, 82.0, 81.0, 110.0, 115.0, 124.0, 149.0, 135.0, 136.0, 139.0, 136.0, 159.0, 105.0, 101.0, 100.0, 81.0, 78.0, 64.0, 40.0, 58.0, 40.0, 65.0, 72.0, 98.0, 113.0, 124.0, 104.0, 129.0, 126.0, 129.0, 117.0, 135.0, 135.0, 157.0, 159.0, 166.0, 147.0, 185.0, 193.0, 236.0, 182.0, 166.0, 165.0, 197.0, 197.0, 209.0, 184.0, 165.0, 141.0, 151.0, 127.0, 101.0, 87.0, 90.0, 100.0, 99.0, 106.0, 97.0, 96.0, 92.0, 83.0, 128.0, 145.0, 130.0, 138.0, 107.0, 106.0, 114.0, 115.0, 100.0, 65.0, 46.0, 46.0, 65.0, 46.0, 52.0, 44.0, 50.0, 50.0, 44.0, 50.0, 67.0, 71.0, 88.0, 81.0, 80.0, 134.0, 118.0, 136.0, 124.0, 86.0, 100.0, 102.0, 53.0, 34.0, 16.0, 22.0, 29.0, 50.0, 57.0, 44.0, 64.0, 57.0, 42.0, 60.0, 91.0, 92.0, 66.0, 52.0, 65.0, 76.0, 75.0, 75.0, 79.0, 110.0, 101.0, 122.0, 141.0, 136.0, 150.0, 151.0, 131.0, 123.0, 95.0, 55.0, 66.0, 72.0, 94.0, 76.0, 79.0, 114.0, 77.0, 74.0, 88.0]"
phi=0.85,H,15,94.26,80.65,False,50,"[94.3, 73.0, 81.0, 92.0, 97.0, 72.0, 77.0, 63.0, 65.0, 55.0, 51.0, 40.0, 42.0, 77.0, 79.0, 79.0, 72.0, 77.0, 59.0, 62.0, 81.0, 109.0, 95.0, 86.0, 101.0, 92.0, 107.0, 95.0, 110.0, 99.0, 55.0, 295.0, 252.0, 307.0, 323.0, 329.0, 364.0, 318.0, 303.0, 312.0, 309.0, 277.0, 309.0, 308.0, 291.0, 284.0, 286.0, 281.0, 270.0, 256.0, 205.0, 195.0, 226.0, 195.0, 212.0, 215.0, 199.0, 186.0, 187.0, 197.0, 220.0, 245.0, 208.0, 247.0, 253.0, 255.0, 265.0, 302.0, 306.0, 263.0, 218.0, 189.0, 135.0, 142.0, 149.0, 174.0, 132.0, 136.0, 137.0, 107.0, 115.0, 107.0, 89.0, 101.0, 98.0, 120.0, 94.0, 107.0, 128.0, 109.0, 135.0, 155.0, 131.0, 158.0, 131.0, 105.0, 129.0, 137.0, 108.0, 94.0, 73.0, 65.0, 60.0, 49.0, 92.0, 144.0, 125.0, 123.0, 145.0, 168.0, 124.0, 141.0, 130.0, 93.0, 99.0, 80.0, 109.0, 103.0, 86.0, 104.0, 92.0, 117.0, 126.0, 162.0, 197.0, 141.0, 118.0, 125.0, 100.0, 99.0, 82.0, 65.0, 58.0, 60.0, 61.0, 63.0, 65.0, 53.0, 61.0, 100.0, 151.0, 145.0, 169.0, 140.0, 124.0, 62.0, 68.0, 61.0, 47.0, 68.0, 78.0, 76.0, 89.0, 85.0, 76.0, 127.0, 150.0, 106.0, 103.0, 77.0, 90.0, 55.0, 35.0, 48.0, 74.0, 85.0, 76.0, 59.0, 59.0, 73.0, 87.0, 82.0, 53.0, 29.0, 39.0, 51.0, 59.0, 80.0, 61.0, 52.0, 44.0, 94.0, 80.0, 92.0, 130.0, 138.0, 173.0, 170.0, 133.0, 138.0, 157.0, 139.0, 167.0, 153.0, 130.0, 168.0, 181.0, 192.0, 207.0, 220.0, 234.0, 218.0, 199.0, 127.0, 128.0, 110.0, 125.0, 106.0, 82.0, 54.0, 73.0, 105.0, 115.0, 118.0, 129.0, 113.0, 132.0, 100.0, 77.0, 104.0, 118.0, 101.0, 114.0, 114.0, 74.0, 74.0, 110.0, 105.0, 79.0, 80.0, 72.0]"
phi=0.85,H,16,94.26,64.4,False,26,"[94.3, 68.0, 76.0, 118.0, 97.0, 133.0, 108.0, 108.0, 102.0, 102.0, 96.0, 107.0, 104.0, 67.0, 66.0, 81.0, 42.0, 11.0, 33.0, 47.0, 79.0, 62.0, 57.0, 76.0, 58.0, 58.0, 53.0, 59.0, 66.0, 66.0, 62.0, 302.0, 293.0, 242.0, 235.0, 270.0, 303.0, 269.0, 245.0, 184.0, 186.0, 203.0, 217.0, 194.0, 172.0, 165.0, 191.0, 209.0, 196.0, 201.0, 140.0, 126.0, 113.0, 92.0, 90.0, 120.0, 100.0, 98.0, 88.0, 78.0, 74.0, 65.0, 46.0, 65.0, 71.0, 71.0, 66.0, 101.0, 132.0, 120.0, 122.0, 167.0, 138.0, 135.0, 105.0, 76.0, 84.0, 64.0, 75.0, 73.0, 102.0, 76.0, 62.0, 96.0, 66.0, 58.0, 63.0, 86.0, 82.0, 70.0, 70.0, 71.0, 58.0, 55.0, 67.0, 76.0, 83.0, 68.0, 85.0, 119.0, 78.0, 61.0, 63.0, 76.0, 73.0, 88.0, 58.0, 81.0, 61.0, 58.0, 60.0, 85.0, 96.0, 100.0, 69.0, 72.0, 54.0, 76.0, 84.0, 52.0, 59.0, 55.0, 77.0, 103.0, 90.0, 86.0, 45.0, 37.0, 38.0, 73.0, 84.0, 55.0, 49.0, 48.0, 70.0, 50.0, 38.0, 35.0, 78.0, 70.0, 50.0, 43.0, 50.0, 54.0, 47.0, 35.0, 52.0, 61.0, 69.0, 61.0, 64.0, 40.0, 24.0, 51.0, 47.0, 78.0, 94.0, 124.0, 134.0, 141.0, 136.0, 162.0, 198.0, 179.0, 173.0, 136.0, 131.0, 119.0, 123.0, 138.0, 136.0, 135.0, 162.0, 140.0, 137.0, 124.0, 134.0, 146.0, 138.0, 101.0, 77.0, 52.0, 57.0, 62.0, 99.0, 79.0, 133.0, 101.0, 115.0, 93.0, 92.0, 106.0, 162.0, 117.0, 113.0, 115.0, 89.0, 117.0, 83.0, 93.0, 109.0, 94.0, 85.0, 120.0, 111.0, 117.0, 111.0, 98.0, 115.0, 86.0, 80.0, 48.0, 60.0, 72.0, 100.0, 94.0, 90.0, 96.0, 83.0, 94.0, 110.0, 92.0, 109.0, 153.0, 157.0, 141.0, 120.0, 92.0, 125.0, 117.0, 109.0]"
phi=0.85,H,17,94.26,103.65,False,20,"[94.3, 115.0, 150.0, 136.0, 151.0, 157.0, 153.0, 111.0, 127.0, 124.0, 115.0, 91.0, 98.0, 121.0, 121.0, 103.0, 121.0, 136.0, 119.0, 80.0, 107.0, 132.0, 124.0, 123.0, 90.0, 88.0, 70.0, 64.0, 76.0, 94.0, 106.0, 346.0, 375.0, 354.0, 263.0, 218.0, 265.0, 239.0, 235.0, 230.0, 259.0, 256.0, 256.0, 214.0, 208.0, 215.0, 193.0, 177.0, 189.0, 177.0, 156.0, 139.0, 120.0, 129.0, 111.0, 102.0, 108.0, 77.0, 73.0, 97.0, 117.0, 141.0, 127.0, 148.0, 166.0, 158.0, 134.0, 77.0, 82.0, 110.0, 118.0, 108.0, 141.0, 182.0, 182.0, 186.0, 170.0, 174.0, 142.0, 127.0, 104.0, 121.0, 95.0, 108.0, 115.0, 130.0, 109.0, 113.0, 117.0, 130.0, 108.0, 114.0, 87.0, 76.0, 96.0, 91.0, 112.0, 126.0, 119.0, 115.0, 177.0, 192.0, 170.0, 138.0, 147.0, 168.0, 150.0, 103.0, 74.0, 62.0, 61.0, 81.0, 81.0, 48.0, 26.0, 43.0, 59.0, 102.0, 167.0, 141.0, 102.0, 112.0, 82.0, 71.0, 61.0, 55.0, 80.0, 86.0, 87.0, 92.0, 98.0, 87.0, 53.0, 48.0, 64.0, 80.0, 116.0, 127.0, 153.0, 137.0, 149.0, 140.0, 125.0, 73.0, 85.0, 78.0, 85.0, 79.0, 80.0, 64.0, 80.0, 46.0, 46.0, 75.0, 60.0, 65.0, 76.0, 72.0, 107.0, 115.0, 118.0, 118.0, 109.0, 127.0, 152.0, 158.0, 120.0, 113.0, 127.0, 97.0, 101.0, 109.0, 113.0, 111.0, 145.0, 113.0, 182.0, 144.0, 158.0, 169.0, 162.0, 165.0, 161.0, 139.0, 168.0, 165.0, 153.0, 131.0, 108.0, 99.0, 63.0, 66.0, 81.0, 102.0, 143.0, 162.0, 179.0, 155.0, 122.0, 128.0, 167.0, 138.0, 155.0, 155.0, 129.0, 113.0, 92.0, 78.0, 71.0, 64.0, 55.0, 66.0, 61.0, 69.0, 60.0, 75.0, 64.0, 80.0, 115.0, 123.0, 120.0, 102.0, 94.0, 77.0, 61.0, 61.0, 68.0, 91.0, 88.0, 97.0, 97.0]"
phi=0.85,H,18,94.26,101.35,False,8,"[94.3, 120.0, 112.0, 71.0, 79.0, 86.0, 86.0, 68.0, 92.0, 84.0, 106.0, 121.0, 101.0, 126.0, 90.0, 105.0, 74.0, 71.0, 86.0, 94.0, 121.0, 113.0, 82.0, 109.0, 122.0, 137.0, 111.0, 82.0, 86.0, 90.0, 96.0, 336.0, 326.0, 258.0, 240.0, 245.0, 200.0, 154.0, 130.0, 109.0, 118.0, 140.0, 106.0, 127.0, 102.0, 149.0, 115.0, 102.0, 129.0, 146.0, 134.0, 131.0, 118.0, 104.0, 112.0, 112.0, 93.0, 103.0, 92.0, 120.0, 109.0, 90.0, 103.0, 94.0, 87.0, 82.0, 72.0, 81.0, 73.0, 96.0, 81.0, 79.0, 88.0, 76.0, 108.0, 121.0, 120.0, 108.0, 132.0, 137.0, 117.0, 150.0, 95.0, 92.0, 112.0, 125.0, 124.0, 83.0, 99.0, 103.0, 58.0, 103.0, 100.0, 112.0, 121.0, 115.0, 114.0, 72.0, 50.0, 70.0, 85.0, 50.0, 25.0, 22.0, 17.0, 39.0, 60.0, 71.0, 113.0, 95.0, 93.0, 42.0, 60.0, 44.0, 36.0, 29.0, 46.0, 51.0, 89.0, 89.0, 102.0, 98.0, 118.0, 161.0, 178.0, 183.0, 199.0, 190.0, 177.0, 167.0, 142.0, 131.0, 114.0, 98.0, 139.0, 145.0, 131.0, 134.0, 136.0, 126.0, 111.0, 124.0, 94.0, 67.0, 93.0, 97.0, 101.0, 96.0, 79.0, 58.0, 68.0, 50.0, 49.0, 71.0, 74.0, 58.0, 72.0, 56.0, 50.0, 56.0, 48.0, 53.0, 65.0, 50.0, 70.0, 108.0, 131.0, 121.0, 135.0, 155.0, 133.0, 132.0, 140.0, 108.0, 97.0, 80.0, 74.0, 61.0, 62.0, 74.0, 54.0, 91.0, 94.0, 85.0, 51.0, 38.0, 50.0, 37.0, 44.0, 68.0, 82.0, 119.0, 97.0, 71.0, 39.0, 42.0, 61.0, 85.0, 77.0, 69.0, 62.0, 71.0, 67.0, 108.0, 85.0, 81.0, 94.0, 115.0, 84.0, 63.0, 74.0, 46.0, 73.0, 55.0, 92.0, 81.0, 90.0, 95.0, 129.0, 156.0, 138.0, 135.0, 165.0, 146.0, 139.0, 130.0, 177.0, 137.0, 156.0, 154.0, 141.0]"
phi=0.85,H,19,94.26,78.2,False,17,"[94.3, 60.0, 51.0, 71.0, 86.0, 60.0, 82.0, 116.0, 134.0, 126.0, 122.0, 123.0, 105.0, 89.0, 79.0, 69.0, 110.0, 99.0, 99.0, 102.0, 47.0, 60.0, 69.0, 43.0, 48.0, 59.0, 66.0, 59.0, 57.0, 59.0, 68.0, 308.0, 348.0, 330.0, 323.0, 309.0, 307.0, 283.0, 265.0, 232.0, 204.0, 182.0, 193.0, 192.0, 161.0, 141.0, 131.0, 122.0, 132.0, 135.0, 81.0, 58.0, 63.0, 78.0, 58.0, 93.0, 74.0, 90.0, 81.0, 51.0, 67.0, 57.0, 66.0, 56.0, 64.0, 89.0, 71.0, 45.0, 93.0, 122.0, 137.0, 90.0, 102.0, 84.0, 100.0, 137.0, 133.0, 114.0, 61.0, 74.0, 71.0, 62.0, 72.0, 68.0, 54.0, 67.0, 67.0, 92.0, 39.0, 30.0, 37.0, 40.0, 28.0, 44.0, 86.0, 117.0, 122.0, 150.0, 124.0, 160.0, 168.0, 155.0, 102.0, 82.0, 76.0, 83.0, 82.0, 90.0, 104.0, 129.0, 152.0, 202.0, 195.0, 207.0, 177.0, 194.0, 207.0, 187.0, 186.0, 225.0, 271.0, 260.0, 248.0, 225.0, 198.0, 174.0, 161.0, 136.0, 127.0, 126.0, 101.0, 84.0, 85.0, 93.0, 94.0, 72.0, 82.0, 67.0, 71.0, 79.0, 96.0, 129.0, 155.0, 156.0, 131.0, 110.0, 107.0, 115.0, 134.0, 132.0, 126.0, 102.0, 90.0, 133.0, 110.0, 117.0, 141.0, 165.0, 202.0, 181.0, 214.0, 187.0, 188.0, 206.0, 224.0, 218.0, 187.0, 164.0, 173.0, 141.0, 119.0, 128.0, 77.0, 75.0, 73.0, 65.0, 79.0, 65.0, 94.0, 89.0, 87.0, 51.0, 57.0, 73.0, 68.0, 66.0, 68.0, 85.0, 79.0, 126.0, 103.0, 90.0, 97.0, 103.0, 110.0, 84.0, 85.0, 84.0, 95.0, 86.0, 67.0, 73.0, 91.0, 71.0, 63.0, 62.0, 69.0, 86.0, 84.0, 60.0, 64.0, 74.0, 102.0, 102.0, 114.0, 127.0, 99.0, 129.0, 84.0, 84.0, 84.0, 81.0, 94.0, 129.0, 127.0, 114.0, 145.0, 145.0, 89.0, 76.0, 89.0]"
phi=0.85,O-M15,0,114.28,175.4,False,7,"[114.3, 83.0, 73.0, 65.0, 118.0, 130.0, 150.0, 174.0, 177.0, 170.0, 176.0, 175.0, 141.0, 122.0, 145.0, 155.0, 169.0, 187.0, 201.0, 201.0, 207.0, 210.0, 227.0, 176.0, 184.0, 141.0, 146.0, 162.0, 201.0, 182.0, 154.0, 394.0, 398.0, 350.0, 317.0, 308.0, 234.0, 229.0, 197.0, 204.0, 213.0, 192.0, 168.0, 188.0, 166.0, 167.0, 184.0, 201.0, 168.0, 168.0, 179.0, 211.0, 242.0, 228.0, 201.0, 152.0, 165.0, 172.0, 201.0, 171.0, 170.0, 159.0, 126.0, 171.0, 166.0, 204.0, 178.0, 133.0, 141.0, 158.0, 174.0, 128.0, 154.0, 103.0, 109.0, 124.0, 129.0, 128.0, 156.0, 125.0, 131.0, 143.0, 93.0, 104.0, 115.0, 112.0, 116.0, 164.0, 124.0, 89.0, 102.0, 99.0, 133.0, 126.0, 176.0, 204.0, 201.0, 194.0, 177.0, 175.0, 176.0, 168.0, 136.0, 108.0, 130.0, 122.0, 139.0, 132.0, 148.0, 195.0, 215.0, 222.0, 224.0, 193.0, 190.0, 188.0, 167.0, 177.0, 164.0, 160.0, 175.0, 178.0, 152.0, 141.0, 167.0, 168.0, 164.0, 125.0, 141.0, 171.0, 214.0, 186.0, 200.0, 231.0, 237.0, 221.0, 178.0, 185.0, 178.0, 179.0, 169.0, 200.0, 190.0, 197.0, 143.0, 130.0, 121.0, 125.0, 95.0, 59.0, 120.0, 119.0, 134.0, 168.0, 205.0, 173.0, 219.0, 218.0, 223.0, 196.0, 183.0, 143.0, 76.0, 72.0, 49.0, 52.0, 35.0, 50.0, 73.0, 83.0, 98.0, 119.0, 98.0, 116.0, 118.0, 143.0, 138.0, 79.0, 137.0, 100.0, 96.0, 120.0, 123.0, 101.0, 117.0, 125.0, 147.0, 110.0, 108.0, 116.0, 109.0, 120.0, 164.0, 148.0, 139.0, 150.0, 117.0, 104.0, 124.0, 163.0, 142.0, 152.0, 169.0, 113.0, 108.0, 97.0, 111.0, 93.0, 97.0, 100.0, 144.0, 130.0, 122.0, 165.0, 129.0, 126.0, 172.0, 182.0, 175.0, 194.0, 205.0, 236.0, 197.0, 176.0, 207.0, 217.0, 248.0, 251.0, 229.0, 256.0, 269.0]"
phi=0.85,O-M15,1,114.28,114.5,False,48,"[114.3, 92.0, 95.0, 114.0, 121.0, 144.0, 142.0, 128.0, 133.0, 119.0, 83.0, 79.0, 81.0, 78.0, 107.0, 110.0, 130.0, 173.0, 141.0, 127.0, 118.0, 145.0, 96.0, 121.0, 146.0, 142.0, 122.0, 116.0, 82.0, 93.0, 117.0, 357.0, 346.0, 364.0, 341.0, 326.0, 280.0, 310.0, 300.0, 281.0, 297.0, 321.0, 339.0, 312.0, 328.0, 324.0, 319.0, 346.0, 316.0, 292.0, 297.0, 297.0, 294.0, 286.0, 238.0, 252.0, 248.0, 214.0, 212.0, 234.0, 269.0, 298.0, 315.0, 328.0, 309.0, 324.0, 330.0, 312.0, 297.0, 296.0, 310.0, 287.0, 276.0, 291.0, 303.0, 287.0, 251.0, 240.0, 220.0, 151.0, 123.0, 132.0, 127.0, 100.0, 111.0, 157.0, 145.0, 139.0, 150.0, 169.0, 154.0, 136.0, 109.0, 146.0, 158.0, 127.0, 131.0, 105.0, 93.0, 91.0, 96.0, 134.0, 137.0, 139.0, 145.0, 162.0, 156.0, 118.0, 128.0, 160.0, 174.0, 143.0, 143.0, 145.0, 140.0, 126.0, 109.0, 124.0, 140.0, 163.0, 154.0, 142.0, 130.0, 105.0, 92.0, 82.0, 82.0, 106.0, 136.0, 116.0, 117.0, 115.0, 111.0, 122.0, 138.0, 162.0, 184.0, 209.0, 226.0, 247.0, 288.0, 294.0, 293.0, 250.0, 242.0, 241.0, 206.0, 167.0, 151.0, 174.0, 174.0, 160.0, 154.0, 136.0, 119.0, 98.0, 84.0, 90.0, 89.0, 85.0, 103.0, 82.0, 115.0, 116.0, 99.0, 123.0, 138.0, 160.0, 178.0, 180.0, 172.0, 164.0, 172.0, 198.0, 191.0, 202.0, 198.0, 170.0, 167.0, 105.0, 155.0, 141.0, 149.0, 116.0, 87.0, 152.0, 138.0, 153.0, 174.0, 203.0, 177.0, 146.0, 109.0, 77.0, 101.0, 106.0, 97.0, 139.0, 136.0, 109.0, 108.0, 99.0, 101.0, 86.0, 56.0, 61.0, 51.0, 80.0, 57.0, 85.0, 152.0, 143.0, 107.0, 85.0, 117.0, 100.0, 64.0, 70.0, 67.0, 62.0, 74.0, 120.0, 130.0, 151.0, 194.0, 204.0, 195.0, 184.0, 173.0, 143.0, 132.0]"
phi=0.85,O-M15,2,114.28,120.9,False,33,"[114.3, 144.0, 158.0, 152.0, 142.0, 136.0, 152.0, 105.0, 108.0, 117.0, 91.0, 74.0, 102.0, 100.0, 74.0, 80.0, 107.0, 114.0, 156.0, 102.0, 120.0, 133.0, 148.0, 143.0, 170.0, 180.0, 169.0, 143.0, 99.0, 113.0, 87.0, 327.0, 322.0, 318.0, 328.0, 290.0, 269.0, 263.0, 294.0, 304.0, 246.0, 280.0, 262.0, 212.0, 210.0, 172.0, 216.0, 232.0, 261.0, 244.0, 171.0, 186.0, 179.0, 204.0, 198.0, 226.0, 235.0, 205.0, 223.0, 180.0, 200.0, 231.0, 216.0, 202.0, 192.0, 139.0, 108.0, 100.0, 126.0, 101.0, 88.0, 64.0, 94.0, 126.0, 132.0, 131.0, 148.0, 124.0, 109.0, 115.0, 116.0, 119.0, 127.0, 78.0, 96.0, 94.0, 87.0, 132.0, 109.0, 133.0, 134.0, 160.0, 139.0, 152.0, 137.0, 112.0, 129.0, 127.0, 96.0, 114.0, 96.0, 95.0, 108.0, 111.0, 82.0, 66.0, 76.0, 103.0, 91.0, 87.0, 119.0, 121.0, 117.0, 71.0, 75.0, 53.0, 54.0, 34.0, 61.0, 49.0, 56.0, 77.0, 82.0, 107.0, 104.0, 71.0, 44.0, 65.0, 69.0, 89.0, 95.0, 127.0, 111.0, 88.0, 123.0, 84.0, 95.0, 94.0, 125.0, 131.0, 107.0, 111.0, 104.0, 128.0, 112.0, 89.0, 114.0, 145.0, 125.0, 79.0, 74.0, 59.0, 44.0, 52.0, 52.0, 32.0, 54.0, 58.0, 64.0, 63.0, 61.0, 91.0, 97.0, 103.0, 117.0, 96.0, 112.0, 136.0, 148.0, 159.0, 132.0, 119.0, 89.0, 67.0, 67.0, 66.0, 57.0, 55.0, 58.0, 76.0, 79.0, 100.0, 100.0, 86.0, 106.0, 129.0, 159.0, 152.0, 135.0, 124.0, 125.0, 124.0, 99.0, 84.0, 131.0, 167.0, 178.0, 128.0, 128.0, 132.0, 129.0, 116.0, 135.0, 123.0, 117.0, 96.0, 89.0, 123.0, 90.0, 126.0, 142.0, 98.0, 127.0, 130.0, 142.0, 148.0, 140.0, 108.0, 66.0, 71.0, 70.0, 71.0, 69.0, 57.0, 39.0, 39.0, 50.0, 56.0, 76.0, 63.0, 59.0]"
phi=0.85,O-M15,3,114.28,219.05,False,8,"[114.3, 124.0, 115.0, 91.0, 82.0, 79.0, 91.0, 118.0, 118.0, 156.0, 180.0, 171.0, 195.0, 241.0, 229.0, 250.0, 230.0, 248.0, 214.0, 216.0, 252.0, 254.0, 273.0, 285.0, 238.0, 186.0, 220.0, 205.0, 170.0, 124.0, 146.0, 386.0, 324.0, 268.0, 258.0, 261.0, 315.0, 287.0, 271.0, 277.0, 257.0, 242.0, 227.0, 191.0, 197.0, 194.0, 178.0, 172.0, 159.0, 170.0, 131.0, 108.0, 112.0, 108.0, 185.0, 187.0, 150.0, 157.0, 90.0, 100.0, 104.0, 122.0, 125.0, 119.0, 111.0, 85.0, 75.0, 96.0, 116.0, 130.0, 93.0, 81.0, 130.0, 110.0, 107.0, 135.0, 156.0, 162.0, 165.0, 166.0, 181.0, 105.0, 118.0, 119.0, 118.0, 109.0, 115.0, 136.0, 182.0, 146.0, 167.0, 140.0, 175.0, 200.0, 200.0, 225.0, 183.0, 223.0, 217.0, 204.0, 175.0, 150.0, 167.0, 150.0, 80.0, 83.0, 63.0, 36.0, 46.0, 64.0, 88.0, 40.0, 31.0, 14.0, 44.0, 47.0, 26.0, 40.0, 41.0, 39.0, 50.0, 49.0, 54.0, 76.0, 57.0, 50.0, 81.0, 124.0, 122.0, 126.0, 100.0, 88.0, 63.0, 79.0, 57.0, 46.0, 66.0, 68.0, 68.0, 58.0, 63.0, 85.0, 82.0, 73.0, 95.0, 102.0, 150.0, 154.0, 210.0, 229.0, 279.0, 283.0, 272.0, 207.0, 184.0, 175.0, 194.0, 162.0, 138.0, 116.0, 95.0, 87.0, 89.0, 84.0, 92.0, 88.0, 52.0, 132.0, 105.0, 74.0, 65.0, 78.0, 116.0, 134.0, 170.0, 195.0, 117.0, 99.0, 107.0, 98.0, 69.0, 67.0, 108.0, 98.0, 90.0, 53.0, 70.0, 83.0, 86.0, 80.0, 90.0, 72.0, 81.0, 114.0, 111.0, 97.0, 84.0, 84.0, 92.0, 109.0, 133.0, 117.0, 86.0, 102.0, 156.0, 146.0, 165.0, 142.0, 167.0, 155.0, 180.0, 192.0, 194.0, 194.0, 147.0, 106.0, 124.0, 116.0, 141.0, 166.0, 154.0, 158.0, 154.0, 174.0, 167.0, 153.0, 160.0, 126.0, 121.0, 126.0, 114.0]"
phi=0.85,O-M15,4,114.28,79.1,False,25,"[114.3, 96.0, 125.0, 118.0, 87.0, 77.0, 78.0, 84.0, 40.0, 58.0, 62.0, 54.0, 74.0, 58.0, 57.0, 75.0, 52.0, 87.0, 69.0, 83.0, 74.0, 95.0, 123.0, 113.0, 122.0, 105.0, 101.0, 92.0, 52.0, 34.0, 37.0, 277.0, 298.0, 239.0, 198.0, 226.0, 197.0, 193.0, 196.0, 175.0, 178.0, 172.0, 192.0, 180.0, 158.0, 155.0, 166.0, 158.0, 128.0, 114.0, 91.0, 104.0, 113.0, 125.0, 117.0, 115.0, 92.0, 115.0, 100.0, 85.0, 111.0, 88.0, 69.0, 76.0, 63.0, 58.0, 53.0, 56.0, 69.0, 108.0, 78.0, 95.0, 80.0, 112.0, 88.0, 84.0, 100.0, 108.0, 87.0, 93.0, 85.0, 74.0, 83.0, 95.0, 110.0, 106.0, 133.0, 123.0, 151.0, 154.0, 152.0, 131.0, 148.0, 160.0, 166.0, 152.0, 139.0, 130.0, 130.0, 130.0, 137.0, 133.0, 130.0, 122.0, 128.0, 117.0, 110.0, 95.0, 70.0, 82.0, 131.0, 172.0, 181.0, 138.0, 121.0, 104.0, 94.0, 85.0, 114.0, 76.0, 87.0, 112.0, 129.0, 158.0, 102.0, 74.0, 79.0, 60.0, 50.0, 53.0, 95.0, 88.0, 124.0, 133.0, 123.0, 128.0, 113.0, 127.0, 126.0, 133.0, 113.0, 125.0, 135.0, 143.0, 168.0, 160.0, 128.0, 138.0, 135.0, 137.0, 144.0, 111.0, 82.0, 95.0, 79.0, 49.0, 70.0, 53.0, 54.0, 70.0, 60.0, 63.0, 84.0, 95.0, 69.0, 55.0, 46.0, 89.0, 50.0, 34.0, 71.0, 71.0, 60.0, 62.0, 69.0, 69.0, 65.0, 55.0, 67.0, 102.0, 106.0, 129.0, 173.0, 173.0, 207.0, 196.0, 227.0, 275.0, 255.0, 238.0, 242.0, 219.0, 216.0, 208.0, 172.0, 186.0, 210.0, 165.0, 203.0, 201.0, 199.0, 194.0, 192.0, 233.0, 256.0, 265.0, 237.0, 214.0, 192.0, 191.0, 180.0, 194.0, 136.0, 109.0, 121.0, 73.0, 67.0, 84.0, 82.0, 95.0, 106.0, 80.0, 83.0, 114.0, 73.0, 100.0, 89.0, 111.0, 107.0, 84.0, 76.0]"
phi=0.85,O-M15,5,114.28,92.35,False,32,"[114.3, 80.0, 84.0, 59.0, 58.0, 72.0, 69.0, 74.0, 78.0, 61.0, 48.0, 69.0, 79.0, 102.0, 120.0, 119.0, 97.0, 89.0, 101.0, 122.0, 116.0, 89.0, 82.0, 111.0, 86.0, 76.0, 78.0, 71.0, 78.0, 114.0, 128.0, 368.0, 373.0, 279.0, 273.0, 268.0, 295.0, 263.0, 302.0, 326.0, 260.0, 252.0, 220.0, 228.0, 217.0, 184.0, 179.0, 138.0, 183.0, 165.0, 153.0, 153.0, 130.0, 181.0, 205.0, 225.0, 170.0, 194.0, 208.0, 180.0, 124.0, 139.0, 149.0, 129.0, 138.0, 109.0, 83.0, 83.0, 78.0, 107.0, 102.0, 111.0, 104.0, 76.0, 69.0, 74.0, 100.0, 130.0, 165.0, 195.0, 174.0, 175.0, 145.0, 206.0, 257.0, 274.0, 291.0, 330.0, 327.0, 331.0, 376.0, 359.0, 354.0, 327.0, 294.0, 289.0, 316.0, 306.0, 342.0, 344.0, 370.0, 389.0, 395.0, 428.0, 402.0, 318.0, 272.0, 253.0, 243.0, 212.0, 184.0, 150.0, 137.0, 165.0, 166.0, 154.0, 184.0, 174.0, 184.0, 228.0, 206.0, 208.0, 203.0, 146.0, 187.0, 168.0, 154.0, 157.0, 133.0, 99.0, 121.0, 127.0, 75.0, 75.0, 77.0, 61.0, 51.0, 87.0, 101.0, 82.0, 69.0, 64.0, 94.0, 88.0, 61.0, 46.0, 62.0, 71.0, 51.0, 63.0, 82.0, 77.0, 74.0, 94.0, 117.0, 123.0, 93.0, 119.0, 94.0, 99.0, 139.0, 111.0, 96.0, 71.0, 77.0, 77.0, 71.0, 67.0, 81.0, 103.0, 92.0, 104.0, 90.0, 96.0, 122.0, 119.0, 153.0, 178.0, 215.0, 205.0, 228.0, 248.0, 264.0, 255.0, 243.0, 219.0, 207.0, 216.0, 219.0, 172.0, 183.0, 176.0, 173.0, 210.0, 211.0, 183.0, 156.0, 171.0, 174.0, 127.0, 101.0, 86.0, 55.0, 62.0, 51.0, 33.0, 31.0, 56.0, 64.0, 64.0, 82.0, 52.0, 80.0, 104.0, 87.0, 72.0, 93.0, 125.0, 142.0, 157.0, 159.0, 129.0, 128.0, 112.0, 126.0, 144.0, 139.0, 128.0, 145.0, 153.0, 184.0]"
phi=0.85,O-M15,6,114.28,89.2,False,34,"[114.3, 117.0, 130.0, 107.0, 83.0, 118.0, 95.0, 86.0, 103.0, 98.0, 80.0, 104.0, 91.0, 100.0, 90.0, 90.0, 104.0, 83.0, 118.0, 115.0, 120.0, 112.0, 108.0, 110.0, 98.0, 78.0, 56.0, 47.0, 50.0, 30.0, 31.0, 271.0, 244.0, 210.0, 209.0, 192.0, 193.0, 202.0, 198.0, 187.0, 200.0, 172.0, 151.0, 151.0, 159.0, 184.0, 181.0, 169.0, 157.0, 137.0, 133.0, 137.0, 142.0, 126.0, 130.0, 148.0, 169.0, 182.0, 192.0, 203.0, 180.0, 185.0, 155.0, 163.0, 140.0, 150.0, 132.0, 107.0, 66.0, 50.0, 71.0, 84.0, 82.0, 85.0, 91.0, 70.0, 68.0, 69.0, 80.0, 48.0, 51.0, 66.0, 58.0, 80.0, 85.0, 96.0, 80.0, 69.0, 82.0, 101.0, 94.0, 108.0, 99.0, 67.0, 76.0, 106.0, 84.0, 56.0, 54.0, 29.0, 38.0, 78.0, 139.0, 114.0, 112.0, 88.0, 86.0, 84.0, 81.0, 91.0, 65.0, 66.0, 49.0, 55.0, 69.0, 56.0, 29.0, 54.0, 56.0, 83.0, 58.0, 46.0, 79.0, 79.0, 118.0, 115.0, 103.0, 94.0, 102.0, 91.0, 85.0, 118.0, 139.0, 158.0, 173.0, 204.0, 228.0, 248.0, 269.0, 239.0, 244.0, 211.0, 200.0, 208.0, 205.0, 186.0, 144.0, 138.0, 147.0, 158.0, 170.0, 177.0, 198.0, 149.0, 126.0, 146.0, 159.0, 156.0, 152.0, 148.0, 140.0, 109.0, 110.0, 104.0, 153.0, 148.0, 141.0, 177.0, 153.0, 107.0, 109.0, 152.0, 160.0, 153.0, 135.0, 184.0, 204.0, 184.0, 187.0, 177.0, 165.0, 220.0, 182.0, 160.0, 165.0, 159.0, 132.0, 166.0, 159.0, 152.0, 141.0, 122.0, 149.0, 140.0, 144.0, 163.0, 166.0, 107.0, 96.0, 113.0, 129.0, 100.0, 110.0, 146.0, 125.0, 113.0, 112.0, 84.0, 73.0, 91.0, 84.0, 84.0, 105.0, 101.0, 146.0, 140.0, 150.0, 139.0, 155.0, 136.0, 116.0, 122.0, 149.0, 157.0, 142.0, 146.0, 135.0, 125.0, 97.0, 103.0, 46.0]"
phi=0.85,O-M15,7,114.28,128.8,False,24,"[114.3, 125.0, 151.0, 126.0, 71.0, 78.0, 86.0, 80.0, 103.0, 121.0, 91.0, 97.0, 93.0, 127.0, 180.0, 157.0, 180.0, 129.0, 141.0, 150.0, 154.0, 156.0, 136.0, 132.0, 132.0, 101.0, 104.0, 106.0, 120.0, 90.0, 98.0, 338.0, 326.0, 306.0, 272.0, 280.0, 304.0, 320.0, 268.0, 282.0, 276.0, 259.0, 236.0, 219.0, 200.0, 211.0, 225.0, 218.0, 217.0, 277.0, 244.0, 259.0, 242.0, 226.0, 197.0, 149.0, 140.0, 138.0, 134.0, 110.0, 81.0, 73.0, 79.0, 95.0, 86.0, 92.0, 90.0, 119.0, 106.0, 81.0, 96.0, 91.0, 99.0, 82.0, 105.0, 107.0, 129.0, 87.0, 95.0, 123.0, 113.0, 150.0, 137.0, 91.0, 95.0, 65.0, 62.0, 62.0, 66.0, 61.0, 71.0, 58.0, 64.0, 52.0, 43.0, 60.0, 95.0, 116.0, 105.0, 84.0, 97.0, 79.0, 89.0, 85.0, 76.0, 80.0, 89.0, 129.0, 139.0, 171.0, 146.0, 165.0, 156.0, 133.0, 150.0, 138.0, 126.0, 118.0, 101.0, 97.0, 111.0, 69.0, 46.0, 76.0, 113.0, 114.0, 116.0, 138.0, 115.0, 126.0, 102.0, 117.0, 153.0, 159.0, 149.0, 124.0, 126.0, 149.0, 119.0, 118.0, 119.0, 123.0, 126.0, 73.0, 68.0, 65.0, 66.0, 36.0, 31.0, 49.0, 62.0, 102.0, 108.0, 103.0, 86.0, 94.0, 132.0, 113.0, 107.0, 85.0, 74.0, 64.0, 37.0, 58.0, 45.0, 56.0, 79.0, 47.0, 73.0, 81.0, 77.0, 61.0, 67.0, 66.0, 69.0, 71.0, 67.0, 70.0, 80.0, 69.0, 64.0, 74.0, 95.0, 103.0, 105.0, 110.0, 100.0, 102.0, 91.0, 98.0, 108.0, 133.0, 143.0, 160.0, 164.0, 183.0, 174.0, 153.0, 155.0, 138.0, 144.0, 103.0, 91.0, 70.0, 113.0, 101.0, 89.0, 110.0, 92.0, 65.0, 43.0, 50.0, 64.0, 54.0, 60.0, 76.0, 93.0, 98.0, 113.0, 80.0, 103.0, 80.0, 89.0, 110.0, 89.0, 65.0, 83.0, 112.0, 112.0, 128.0, 159.0]"
phi=0.85,O-M15,8,114.28,133.3,False,17,"[114.3, 114.0, 92.0, 114.0, 152.0, 172.0, 149.0, 156.0, 119.0, 119.0, 73.0, 63.0, 63.0, 75.0, 49.0, 45.0, 56.0, 86.0, 105.0, 99.0, 137.0, 164.0, 143.0, 179.0, 194.0, 199.0, 216.0, 226.0, 225.0, 269.0, 223.0, 463.0, 445.0, 442.0, 417.0, 411.0, 406.0, 379.0, 315.0, 303.0, 332.0, 282.0, 291.0, 210.0, 246.0, 235.0, 231.0, 176.0, 185.0, 166.0, 166.0, 152.0, 106.0, 111.0, 102.0, 88.0, 85.0, 98.0, 118.0, 98.0, 96.0, 76.0, 95.0, 75.0, 110.0, 87.0, 54.0, 80.0, 83.0, 66.0, 85.0, 84.0, 60.0, 88.0, 75.0, 83.0, 97.0, 128.0, 137.0, 137.0, 164.0, 190.0, 138.0, 152.0, 144.0, 123.0, 98.0, 134.0, 151.0, 182.0, 165.0, 207.0, 179.0, 201.0, 181.0, 152.0, 128.0, 125.0, 124.0, 122.0, 132.0, 137.0, 172.0, 225.0, 251.0, 246.0, 279.0, 278.0, 213.0, 201.0, 221.0, 253.0, 226.0, 235.0, 245.0, 210.0, 239.0, 279.0, 223.0, 250.0, 232.0, 221.0, 183.0, 143.0, 166.0, 170.0, 145.0, 95.0, 110.0, 122.0, 156.0, 136.0, 152.0, 150.0, 152.0, 151.0, 132.0, 133.0, 131.0, 122.0, 88.0, 84.0, 76.0, 62.0, 65.0, 110.0, 105.0, 126.0, 138.0, 147.0, 147.0, 160.0, 155.0, 132.0, 115.0, 73.0, 58.0, 65.0, 87.0, 73.0, 66.0, 59.0, 79.0, 111.0, 71.0, 58.0, 76.0, 92.0, 91.0, 80.0, 106.0, 92.0, 84.0, 38.0, 49.0, 86.0, 96.0, 98.0, 86.0, 72.0, 56.0, 57.0, 60.0, 49.0, 51.0, 34.0, 60.0, 70.0, 49.0, 54.0, 89.0, 90.0, 104.0, 85.0, 103.0, 78.0, 74.0, 63.0, 62.0, 63.0, 44.0, 34.0, 55.0, 55.0, 86.0, 80.0, 92.0, 89.0, 49.0, 71.0, 98.0, 75.0, 63.0, 67.0, 55.0, 55.0, 83.0, 41.0, 100.0, 111.0, 82.0, 87.0, 115.0, 120.0, 106.0, 105.0, 112.0, 136.0, 102.0, 83.0, 61.0]"
phi=0.85,O-M15,9,114.28,110.55,False,38,"[114.3, 77.0, 75.0, 77.0, 81.0, 39.0, 57.0, 68.0, 79.0, 88.0, 96.0, 118.0, 119.0, 117.0, 135.0, 117.0, 125.0, 151.0, 116.0, 109.0, 89.0, 107.0, 133.0, 113.0, 80.0, 106.0, 96.0, 80.0, 102.0, 102.0, 81.0, 321.0, 312.0, 300.0, 303.0, 288.0, 231.0, 235.0, 227.0, 228.0, 238.0, 241.0, 228.0, 240.0, 210.0, 194.0, 167.0, 164.0, 177.0, 155.0, 165.0, 166.0, 188.0, 187.0, 204.0, 201.0, 165.0, 144.0, 152.0, 128.0, 128.0, 141.0, 171.0, 193.0, 194.0, 192.0, 163.0, 177.0, 154.0, 149.0, 154.0, 140.0, 124.0, 96.0, 76.0, 43.0, 40.0, 60.0, 66.0, 68.0, 99.0, 47.0, 52.0, 59.0, 51.0, 40.0, 39.0, 37.0, 77.0, 101.0, 93.0, 99.0, 82.0, 66.0, 70.0, 64.0, 77.0, 85.0, 126.0, 109.0, 46.0, 42.0, 64.0, 72.0, 74.0, 76.0, 87.0, 58.0, 92.0, 85.0, 93.0, 64.0, 89.0, 75.0, 72.0, 89.0, 79.0, 74.0, 75.0, 53.0, 68.0, 45.0, 57.0, 81.0, 120.0, 114.0, 125.0, 124.0, 119.0, 85.0, 134.0, 125.0, 110.0, 106.0, 120.0, 107.0, 107.0, 98.0, 76.0, 59.0, 64.0, 69.0, 71.0, 76.0, 84.0, 99.0, 44.0, 49.0, 111.0, 88.0, 122.0, 100.0, 98.0, 56.0, 71.0, 75.0, 60.0, 63.0, 91.0, 85.0, 52.0, 81.0, 43.0, 62.0, 72.0, 105.0, 100.0, 142.0, 126.0, 120.0, 103.0, 146.0, 147.0, 120.0, 121.0, 119.0, 98.0, 98.0, 63.0, 79.0, 109.0, 95.0, 110.0, 124.0, 144.0, 127.0, 141.0, 137.0, 157.0, 105.0, 129.0, 141.0, 118.0, 120.0, 161.0, 156.0, 162.0, 132.0, 121.0, 114.0, 102.0, 90.0, 99.0, 87.0, 90.0, 69.0, 69.0, 33.0, 65.0, 68.0, 75.0, 75.0, 80.0, 82.0, 86.0, 54.0, 58.0, 77.0, 91.0, 89.0, 84.0, 104.0, 145.0, 98.0, 107.0, 72.0, 61.0, 63.0, 65.0, 89.0, 113.0]"
phi=0.85,O-M15,10,114.28,147.35,False,19,"[114.3, 143.0, 156.0, 126.0, 98.0, 58.0, 92.0, 100.0, 127.0, 122.0, 96.0, 141.0, 175.0, 189.0, 190.0, 180.0, 185.0, 168.0, 140.0, 132.0, 157.0, 145.0, 148.0, 141.0, 156.0, 152.0, 118.0, 114.0, 127.0, 93.0, 95.0, 335.0, 326.0, 261.0, 245.0, 235.0, 252.0, 234.0, 221.0, 242.0, 234.0, 207.0, 190.0, 187.0, 198.0, 187.0, 190.0, 243.0, 224.0, 190.0, 195.0, 196.0, 185.0, 139.0, 120.0, 93.0, 82.0, 104.0, 122.0, 126.0, 104.0, 145.0, 113.0, 101.0, 141.0, 134.0, 140.0, 168.0, 199.0, 174.0, 153.0, 125.0, 115.0, 103.0, 98.0, 101.0, 124.0, 134.0, 128.0, 125.0, 124.0, 110.0, 95.0, 99.0, 104.0, 124.0, 177.0, 183.0, 164.0, 128.0, 201.0, 189.0, 174.0, 149.0, 155.0, 143.0, 165.0, 162.0, 146.0, 106.0, 80.0, 97.0, 68.0, 65.0, 72.0, 84.0, 81.0, 102.0, 117.0, 111.0, 121.0, 132.0, 120.0, 117.0, 136.0, 163.0, 166.0, 165.0, 234.0, 221.0, 246.0, 192.0, 158.0, 108.0, 84.0, 80.0, 65.0, 80.0, 95.0, 67.0, 88.0, 63.0, 77.0, 65.0, 45.0, 54.0, 77.0, 98.0, 112.0, 131.0, 117.0, 115.0, 114.0, 124.0, 132.0, 104.0, 125.0, 106.0, 117.0, 127.0, 106.0, 81.0, 101.0, 99.0, 128.0, 155.0, 135.0, 149.0, 171.0, 181.0, 186.0, 181.0, 186.0, 157.0, 135.0, 138.0, 153.0, 153.0, 129.0, 91.0, 58.0, 93.0, 97.0, 110.0, 112.0, 84.0, 75.0, 108.0, 78.0, 53.0, 46.0, 55.0, 57.0, 78.0, 78.0, 73.0, 84.0, 85.0, 88.0, 112.0, 112.0, 103.0, 68.0, 71.0, 56.0, 37.0, 30.0, 37.0, 47.0, 46.0, 53.0, 41.0, 53.0, 44.0, 58.0, 59.0, 97.0, 92.0, 132.0, 105.0, 121.0, 100.0, 86.0, 87.0, 88.0, 112.0, 86.0, 95.0, 96.0, 72.0, 81.0, 85.0, 88.0, 99.0, 95.0, 111.0, 125.0, 118.0, 124.0, 117.0, 143.0]"
phi=0.85,O-M15,11,114.28,105.6,False,52,"[114.3, 141.0, 120.0, 140.0, 138.0, 121.0, 128.0, 123.0, 99.0, 129.0, 95.0, 95.0, 85.0, 65.0, 81.0, 77.0, 103.0, 102.0, 75.0, 124.0, 113.0, 138.0, 129.0, 127.0, 117.0, 114.0, 87.0, 136.0, 143.0, 106.0, 76.0, 316.0, 328.0, 322.0, 269.0, 246.0, 277.0, 282.0, 251.0, 267.0, 235.0, 199.0, 200.0, 188.0, 219.0, 267.0, 184.0, 134.0, 150.0, 156.0, 139.0, 145.0, 165.0, 144.0, 154.0, 197.0, 177.0, 156.0, 146.0, 121.0, 144.0, 158.0, 165.0, 185.0, 234.0, 256.0, 176.0, 216.0, 222.0, 217.0, 173.0, 168.0, 182.0, 178.0, 177.0, 145.0, 161.0, 178.0, 172.0, 172.0, 185.0, 154.0, 185.0, 139.0, 126.0, 110.0, 95.0, 105.0, 125.0, 126.0, 133.0, 112.0, 73.0, 102.0, 78.0, 82.0, 65.0, 73.0, 82.0, 85.0, 102.0, 79.0, 42.0, 64.0, 73.0, 69.0, 103.0, 101.0, 75.0, 85.0, 107.0, 143.0, 152.0, 152.0, 187.0, 236.0, 208.0, 201.0, 175.0, 139.0, 158.0, 161.0, 166.0, 156.0, 157.0, 130.0, 129.0, 137.0, 136.0, 99.0, 115.0, 111.0, 129.0, 123.0, 121.0, 117.0, 69.0, 82.0, 69.0, 66.0, 84.0, 45.0, 49.0, 59.0, 61.0, 84.0, 82.0, 90.0, 91.0, 105.0, 104.0, 94.0, 94.0, 59.0, 61.0, 98.0, 128.0, 115.0, 122.0, 144.0, 177.0, 181.0, 194.0, 222.0, 249.0, 220.0, 204.0, 228.0, 181.0, 170.0, 133.0, 139.0, 107.0, 93.0, 125.0, 144.0, 153.0, 191.0, 185.0, 211.0, 162.0, 146.0, 166.0, 172.0, 138.0, 135.0, 163.0, 146.0, 193.0, 233.0, 264.0, 260.0, 211.0, 173.0, 179.0, 141.0, 141.0, 136.0, 120.0, 129.0, 115.0, 108.0, 127.0, 137.0, 106.0, 116.0, 137.0, 122.0, 106.0, 146.0, 145.0, 154.0, 142.0, 161.0, 143.0, 136.0, 84.0, 84.0, 68.0, 77.0, 84.0, 96.0, 116.0, 139.0, 218.0, 232.0, 213.0, 249.0, 240.0, 207.0, 189.0]"
phi=0.85,O-M15,12,114.28,93.1,False,23,"[114.3, 97.0, 91.0, 75.0, 53.0, 66.0, 59.0, 82.0, 80.0, 67.0, 39.0, 44.0, 48.0, 61.0, 45.0, 46.0, 70.0, 47.0, 42.0, 84.0, 92.0, 110.0, 116.0, 149.0, 144.0, 149.0, 142.0, 147.0, 154.0, 133.0, 117.0, 357.0, 295.0, 238.0, 248.0, 211.0, 232.0, 222.0, 225.0, 177.0, 238.0, 225.0, 249.0, 243.0, 287.0, 305.0, 305.0, 275.0, 258.0, 176.0, 147.0, 166.0, 190.0, 154.0, 136.0, 99.0, 97.0, 87.0, 108.0, 74.0, 94.0, 54.0, 62.0, 48.0, 66.0, 45.0, 94.0, 95.0, 122.0, 108.0, 107.0, 65.0, 74.0, 80.0, 117.0, 120.0, 94.0, 72.0, 98.0, 77.0, 103.0, 105.0, 95.0, 113.0, 110.0, 108.0, 80.0, 86.0, 89.0, 73.0, 59.0, 45.0, 55.0, 78.0, 102.0, 95.0, 82.0, 115.0, 111.0, 78.0, 108.0, 123.0, 131.0, 145.0, 137.0, 179.0, 170.0, 133.0, 153.0, 201.0, 204.0, 203.0, 171.0, 136.0, 84.0, 69.0, 77.0, 66.0, 64.0, 67.0, 106.0, 118.0, 96.0, 117.0, 80.0, 112.0, 126.0, 110.0, 121.0, 124.0, 150.0, 148.0, 131.0, 113.0, 135.0, 89.0, 68.0, 49.0, 68.0, 82.0, 92.0, 99.0, 118.0, 123.0, 132.0, 88.0, 99.0, 136.0, 148.0, 165.0, 157.0, 155.0, 172.0, 143.0, 166.0, 128.0, 148.0, 110.0, 118.0, 125.0, 98.0, 130.0, 141.0, 114.0, 100.0, 89.0, 84.0, 89.0, 82.0, 109.0, 91.0, 98.0, 102.0, 108.0, 121.0, 109.0, 126.0, 132.0, 124.0, 124.0, 117.0, 116.0, 108.0, 87.0, 97.0, 106.0, 135.0, 105.0, 117.0, 79.0, 58.0, 82.0, 67.0, 117.0, 133.0, 166.0, 134.0, 128.0, 151.0, 109.0, 74.0, 85.0, 118.0, 110.0, 105.0, 80.0, 116.0, 112.0, 127.0, 114.0, 91.0, 61.0, 67.0, 86.0, 100.0, 87.0, 83.0, 86.0, 62.0, 55.0, 54.0, 72.0, 102.0, 114.0, 119.0, 135.0, 109.0, 101.0, 97.0, 86.0, 110.0]"
phi=0.85,O-M15,13,114.28,109.8,False,56,"[114.3, 139.0, 138.0, 111.0, 127.0, 95.0, 102.0, 69.0, 76.0, 91.0, 95.0, 125.0, 129.0, 118.0, 116.0, 142.0, 111.0, 113.0, 123.0, 107.0, 67.0, 79.0, 69.0, 82.0, 73.0, 94.0, 126.0, 141.0, 145.0, 141.0, 158.0, 398.0, 365.0, 377.0, 359.0, 342.0, 327.0, 382.0, 286.0, 286.0, 250.0, 247.0, 256.0, 291.0, 224.0, 210.0, 180.0, 200.0, 180.0, 178.0, 177.0, 217.0, 162.0, 141.0, 160.0, 146.0, 126.0, 145.0, 108.0, 130.0, 158.0, 222.0, 260.0, 259.0, 285.0, 306.0, 323.0, 320.0, 264.0, 241.0, 226.0, 241.0, 204.0, 168.0, 173.0, 198.0, 238.0, 214.0, 189.0, 212.0, 228.0, 236.0, 237.0, 224.0, 224.0, 227.0, 185.0, 116.0, 123.0, 122.0, 108.0, 96.0, 107.0, 106.0, 123.0, 97.0, 95.0, 69.0, 78.0, 89.0, 80.0, 58.0, 84.0, 85.0, 72.0, 71.0, 79.0, 110.0, 158.0, 110.0, 107.0, 131.0, 159.0, 160.0, 149.0, 132.0, 127.0, 144.0, 159.0, 150.0, 169.0, 190.0, 145.0, 171.0, 163.0, 121.0, 116.0, 133.0, 155.0, 130.0, 134.0, 178.0, 192.0, 217.0, 183.0, 201.0, 176.0, 170.0, 148.0, 147.0, 145.0, 148.0, 165.0, 159.0, 116.0, 81.0, 97.0, 88.0, 89.0, 102.0, 104.0, 101.0, 103.0, 151.0, 145.0, 118.0, 135.0, 162.0, 139.0, 123.0, 129.0, 109.0, 96.0, 91.0, 96.0, 54.0, 52.0, 61.0, 39.0, 35.0, 32.0, 53.0, 77.0, 72.0, 61.0, 86.0, 81.0, 106.0, 113.0, 139.0, 145.0, 144.0, 148.0, 113.0, 108.0, 123.0, 99.0, 124.0, 130.0, 94.0, 99.0, 110.0, 79.0, 100.0, 53.0, 55.0, 73.0, 88.0, 82.0, 101.0, 76.0, 56.0, 36.0, 47.0, 63.0, 77.0, 107.0, 94.0, 78.0, 104.0, 59.0, 84.0, 75.0, 64.0, 71.0, 44.0, 67.0, 80.0, 136.0, 174.0, 177.0, 203.0, 173.0, 173.0, 153.0, 200.0, 212.0, 195.0, 181.0, 173.0, 175.0]"
phi=0.85,O-M15,14,114.28,145.85,False,9,"[114.3, 82.0, 92.0, 78.0, 105.0, 132.0, 147.0, 160.0, 122.0, 138.0, 151.0, 148.0, 160.0, 153.0, 198.0, 211.0, 204.0, 185.0, 166.0, 178.0, 158.0, 143.0, 151.0, 122.0, 124.0, 93.0, 99.0, 116.0, 87.0, 70.0, 70.0, 310.0, 266.0, 313.0, 313.0, 259.0, 211.0, 228.0, 195.0, 172.0, 176.0, 179.0, 178.0, 175.0, 152.0, 122.0, 150.0, 124.0, 109.0, 113.0, 142.0, 145.0, 134.0, 120.0, 96.0, 69.0, 84.0, 69.0, 102.0, 71.0, 70.0, 106.0, 99.0, 85.0, 80.0, 103.0, 116.0, 101.0, 94.0, 94.0, 69.0, 84.0, 72.0, 94.0, 100.0, 91.0, 105.0, 73.0, 91.0, 112.0, 141.0, 120.0, 118.0, 116.0, 113.0, 127.0, 91.0, 101.0, 85.0, 56.0, 27.0, 39.0, 52.0, 70.0, 108.0, 128.0, 117.0, 133.0, 121.0, 119.0, 140.0, 172.0, 159.0, 184.0, 172.0, 180.0, 182.0, 190.0, 204.0, 149.0, 134.0, 150.0, 110.0, 115.0, 94.0, 73.0, 90.0, 68.0, 98.0, 114.0, 154.0, 172.0, 176.0, 140.0, 163.0, 153.0, 152.0, 135.0, 158.0, 153.0, 180.0, 178.0, 182.0, 166.0, 205.0, 239.0, 295.0, 242.0, 248.0, 252.0, 278.0, 246.0, 266.0, 259.0, 252.0, 223.0, 214.0, 214.0, 197.0, 178.0, 174.0, 166.0, 147.0, 124.0, 116.0, 113.0, 124.0, 120.0, 159.0, 190.0, 159.0, 154.0, 115.0, 118.0, 134.0, 158.0, 133.0, 89.0, 70.0, 63.0, 72.0, 60.0, 61.0, 53.0, 64.0, 65.0, 64.0, 66.0, 71.0, 70.0, 97.0, 90.0, 88.0, 160.0, 136.0, 165.0, 137.0, 110.0, 115.0, 118.0, 63.0, 57.0, 32.0, 44.0, 45.0, 53.0, 56.0, 38.0, 51.0, 53.0, 34.0, 63.0, 110.0, 121.0, 84.0, 77.0, 73.0, 82.0, 77.0, 86.0, 85.0, 125.0, 121.0, 137.0, 173.0, 136.0, 163.0, 171.0, 142.0, 148.0, 108.0, 74.0, 91.0, 97.0, 131.0, 106.0, 108.0, 141.0, 102.0, 113.0, 119.0]"
phi=0.85,O-M15,15,114.28,93.5,False,68,"[114.3, 87.0, 107.0, 133.0, 129.0, 99.0, 82.0, 72.0, 71.0, 71.0, 75.0, 57.0, 56.0, 87.0, 99.0, 98.0, 90.0, 89.0, 69.0, 70.0, 87.0, 115.0, 93.0, 96.0, 119.0, 115.0, 130.0, 109.0, 118.0, 98.0, 55.0, 295.0, 270.0, 346.0, 343.0, 358.0, 380.0, 312.0, 285.0, 282.0, 298.0, 281.0, 311.0, 317.0, 295.0, 265.0, 279.0, 288.0, 289.0, 280.0, 222.0, 216.0, 241.0, 218.0, 226.0, 216.0, 206.0, 203.0, 210.0, 229.0, 253.0, 295.0, 282.0, 352.0, 393.0, 399.0, 421.0, 422.0, 412.0, 360.0, 325.0, 290.0, 253.0, 251.0, 261.0, 262.0, 209.0, 199.0, 182.0, 137.0, 156.0, 150.0, 140.0, 173.0, 184.0, 177.0, 170.0, 188.0, 184.0, 165.0, 178.0, 206.0, 175.0, 201.0, 160.0, 137.0, 171.0, 164.0, 141.0, 146.0, 121.0, 114.0, 95.0, 73.0, 125.0, 163.0, 156.0, 171.0, 193.0, 207.0, 168.0, 178.0, 171.0, 150.0, 147.0, 137.0, 144.0, 153.0, 141.0, 180.0, 150.0, 173.0, 189.0, 212.0, 248.0, 207.0, 172.0, 203.0, 179.0, 165.0, 144.0, 115.0, 92.0, 68.0, 75.0, 92.0, 91.0, 81.0, 91.0, 137.0, 186.0, 185.0, 216.0, 174.0, 149.0, 79.0, 93.0, 92.0, 68.0, 94.0, 104.0, 105.0, 125.0, 145.0, 129.0, 134.0, 151.0, 123.0, 109.0, 77.0, 88.0, 49.0, 35.0, 53.0, 78.0, 85.0, 82.0, 61.0, 71.0, 89.0, 103.0, 77.0, 59.0, 27.0, 43.0, 50.0, 49.0, 65.0, 42.0, 48.0, 39.0, 94.0, 74.0, 93.0, 126.0, 143.0, 184.0, 199.0, 173.0, 201.0, 242.0, 235.0, 271.0, 247.0, 244.0, 281.0, 262.0, 264.0, 287.0, 287.0, 300.0, 291.0, 244.0, 180.0, 197.0, 165.0, 193.0, 175.0, 142.0, 113.0, 120.0, 179.0, 197.0, 174.0, 184.0, 158.0, 188.0, 165.0, 119.0, 132.0, 137.0, 106.0, 106.0, 105.0, 87.0, 78.0, 117.0, 111.0, 83.0, 72.0, 67.0]"
phi=0.85,O-M15,16,114.28,104.5,False,42,"[114.3, 86.0, 97.0, 157.0, 137.0, 172.0, 143.0, 150.0, 162.0, 173.0, 192.0, 193.0, 185.0, 173.0, 146.0, 163.0, 104.0, 65.0, 55.0, 64.0, 100.0, 86.0, 82.0, 98.0, 67.0, 59.0, 56.0, 55.0, 76.0, 71.0, 72.0, 312.0, 323.0, 296.0, 297.0, 330.0, 355.0, 326.0, 302.0, 260.0, 304.0, 317.0, 335.0, 339.0, 338.0, 345.0, 356.0, 317.0, 327.0, 323.0, 289.0, 269.0, 271.0, 240.0, 211.0, 202.0, 186.0, 169.0, 185.0, 177.0, 190.0, 147.0, 119.0, 143.0, 141.0, 129.0, 114.0, 118.0, 152.0, 136.0, 139.0, 177.0, 164.0, 180.0, 131.0, 108.0, 113.0, 81.0, 98.0, 100.0, 126.0, 96.0, 88.0, 109.0, 85.0, 66.0, 72.0, 93.0, 85.0, 70.0, 74.0, 76.0, 60.0, 67.0, 68.0, 82.0, 86.0, 70.0, 87.0, 118.0, 81.0, 62.0, 71.0, 76.0, 80.0, 105.0, 85.0, 104.0, 88.0, 85.0, 94.0, 105.0, 109.0, 114.0, 84.0, 84.0, 74.0, 96.0, 90.0, 58.0, 58.0, 52.0, 77.0, 109.0, 99.0, 105.0, 65.0, 50.0, 50.0, 83.0, 101.0, 69.0, 66.0, 49.0, 70.0, 49.0, 41.0, 36.0, 76.0, 57.0, 39.0, 40.0, 59.0, 67.0, 69.0, 54.0, 70.0, 85.0, 102.0, 102.0, 95.0, 81.0, 60.0, 109.0, 103.0, 131.0, 165.0, 178.0, 171.0, 164.0, 161.0, 191.0, 215.0, 195.0, 194.0, 172.0, 185.0, 170.0, 169.0, 193.0, 189.0, 198.0, 231.0, 259.0, 249.0, 233.0, 233.0, 246.0, 240.0, 221.0, 181.0, 164.0, 178.0, 147.0, 183.0, 140.0, 189.0, 164.0, 170.0, 155.0, 133.0, 158.0, 218.0, 161.0, 151.0, 153.0, 125.0, 142.0, 112.0, 137.0, 155.0, 154.0, 150.0, 183.0, 176.0, 163.0, 148.0, 133.0, 149.0, 138.0, 137.0, 95.0, 81.0, 91.0, 116.0, 112.0, 89.0, 98.0, 89.0, 100.0, 122.0, 107.0, 122.0, 187.0, 165.0, 146.0, 138.0, 108.0, 135.0, 145.0, 135.0]"
phi=0.85,O-M15,17,114.28,140.3,False,16,"[114.3, 141.0, 171.0, 144.0, 163.0, 176.0, 178.0, 129.0, 155.0, 152.0, 153.0, 115.0, 125.0, 149.0, 167.0, 152.0, 169.0, 187.0, 195.0, 146.0, 164.0, 167.0, 151.0, 144.0, 116.0, 116.0, 94.0, 82.0, 99.0, 115.0, 118.0, 358.0, 359.0, 332.0, 226.0, 187.0, 214.0, 217.0, 217.0, 206.0, 230.0, 222.0, 250.0, 222.0, 218.0, 221.0, 194.0, 177.0, 197.0, 181.0, 147.0, 128.0, 108.0, 113.0, 105.0, 98.0, 103.0, 76.0, 74.0, 114.0, 154.0, 187.0, 168.0, 198.0, 196.0, 185.0, 184.0, 144.0, 153.0, 182.0, 192.0, 162.0, 185.0, 231.0, 238.0, 248.0, 225.0, 213.0, 200.0, 195.0, 223.0, 231.0, 172.0, 165.0, 181.0, 206.0, 186.0, 175.0, 172.0, 184.0, 183.0, 198.0, 143.0, 123.0, 131.0, 116.0, 140.0, 163.0, 166.0, 146.0, 199.0, 234.0, 249.0, 222.0, 224.0, 217.0, 223.0, 191.0, 148.0, 143.0, 142.0, 123.0, 135.0, 112.0, 83.0, 107.0, 105.0, 132.0, 194.0, 181.0, 135.0, 129.0, 108.0, 96.0, 74.0, 72.0, 97.0, 108.0, 113.0, 97.0, 108.0, 92.0, 63.0, 63.0, 68.0, 95.0, 117.0, 117.0, 141.0, 134.0, 148.0, 133.0, 104.0, 63.0, 80.0, 80.0, 81.0, 75.0, 81.0, 69.0, 97.0, 68.0, 55.0, 80.0, 68.0, 71.0, 80.0, 75.0, 100.0, 113.0, 115.0, 127.0, 127.0, 149.0, 176.0, 174.0, 140.0, 138.0, 144.0, 122.0, 141.0, 151.0, 168.0, 155.0, 189.0, 149.0, 207.0, 161.0, 174.0, 190.0, 177.0, 180.0, 171.0, 147.0, 179.0, 189.0, 169.0, 157.0, 131.0, 138.0, 98.0, 84.0, 94.0, 109.0, 142.0, 154.0, 179.0, 137.0, 93.0, 116.0, 156.0, 136.0, 154.0, 154.0, 122.0, 116.0, 96.0, 92.0, 69.0, 59.0, 52.0, 72.0, 67.0, 65.0, 63.0, 88.0, 78.0, 94.0, 144.0, 157.0, 145.0, 131.0, 121.0, 129.0, 120.0, 116.0, 139.0, 151.0, 141.0, 164.0, 163.0]"
phi=0.85,O-M15,18,114.28,146.75,False,17,"[114.3, 136.0, 150.0, 129.0, 144.0, 170.0, 160.0, 152.0, 171.0, 150.0, 144.0, 154.0, 150.0, 148.0, 103.0, 126.0, 110.0, 111.0, 136.0, 130.0, 152.0, 160.0, 140.0, 162.0, 175.0, 184.0, 172.0, 165.0, 146.0, 167.0, 156.0, 396.0, 392.0, 336.0, 313.0, 303.0, 274.0, 223.0, 187.0, 162.0, 165.0, 205.0, 201.0, 225.0, 196.0, 226.0, 198.0, 154.0, 175.0, 191.0, 184.0, 167.0, 143.0, 132.0, 130.0, 121.0, 117.0, 119.0, 111.0, 140.0, 140.0, 124.0, 154.0, 152.0, 128.0, 137.0, 123.0, 124.0, 111.0, 153.0, 146.0, 130.0, 131.0, 116.0, 134.0, 172.0, 168.0, 152.0, 179.0, 190.0, 160.0, 198.0, 157.0, 183.0, 181.0, 183.0, 187.0, 154.0, 163.0, 167.0, 114.0, 148.0, 127.0, 123.0, 135.0, 132.0, 123.0, 78.0, 55.0, 75.0, 98.0, 70.0, 32.0, 29.0, 17.0, 42.0, 60.0, 73.0, 120.0, 114.0, 117.0, 73.0, 100.0, 55.0, 57.0, 48.0, 66.0, 77.0, 98.0, 101.0, 101.0, 93.0, 113.0, 169.0, 190.0, 193.0, 206.0, 200.0, 193.0, 211.0, 160.0, 127.0, 113.0, 97.0, 149.0, 162.0, 131.0, 142.0, 137.0, 135.0, 115.0, 137.0, 119.0, 83.0, 103.0, 115.0, 131.0, 131.0, 97.0, 83.0, 91.0, 73.0, 71.0, 85.0, 106.0, 89.0, 104.0, 76.0, 70.0, 71.0, 68.0, 63.0, 69.0, 56.0, 83.0, 139.0, 181.0, 193.0, 187.0, 187.0, 181.0, 154.0, 176.0, 152.0, 130.0, 116.0, 107.0, 91.0, 82.0, 65.0, 53.0, 89.0, 101.0, 90.0, 59.0, 45.0, 70.0, 49.0, 50.0, 74.0, 96.0, 133.0, 100.0, 88.0, 52.0, 51.0, 69.0, 94.0, 90.0, 80.0, 71.0, 77.0, 61.0, 102.0, 77.0, 77.0, 89.0, 108.0, 76.0, 52.0, 75.0, 49.0, 80.0, 69.0, 108.0, 100.0, 113.0, 127.0, 155.0, 167.0, 149.0, 143.0, 187.0, 177.0, 143.0, 150.0, 203.0, 170.0, 173.0, 167.0, 153.0]"
phi=0.85,O-M15,19,114.28,80.05,False,16,"[114.3, 74.0, 66.0, 89.0, 107.0, 78.0, 95.0, 122.0, 134.0, 139.0, 133.0, 131.0, 115.0, 95.0, 81.0, 61.0, 87.0, 85.0, 98.0, 101.0, 45.0, 60.0, 68.0, 40.0, 49.0, 60.0, 70.0, 68.0, 73.0, 81.0, 73.0, 313.0, 356.0, 346.0, 327.0, 307.0, 296.0, 279.0, 274.0, 231.0, 215.0, 188.0, 208.0, 220.0, 179.0, 151.0, 143.0, 127.0, 128.0, 124.0, 69.0, 60.0, 59.0, 76.0, 60.0, 93.0, 80.0, 106.0, 87.0, 59.0, 81.0, 79.0, 101.0, 94.0, 98.0, 124.0, 117.0, 76.0, 110.0, 139.0, 160.0, 122.0, 148.0, 128.0, 132.0, 175.0, 160.0, 159.0, 115.0, 118.0, 116.0, 111.0, 117.0, 103.0, 78.0, 86.0, 74.0, 96.0, 40.0, 33.0, 40.0, 39.0, 27.0, 41.0, 79.0, 104.0, 112.0, 129.0, 104.0, 138.0, 136.0, 131.0, 94.0, 70.0, 70.0, 85.0, 93.0, 95.0, 109.0, 144.0, 153.0, 211.0, 199.0, 212.0, 204.0, 226.0, 240.0, 228.0, 250.0, 299.0, 347.0, 322.0, 299.0, 273.0, 237.0, 191.0, 181.0, 175.0, 168.0, 178.0, 159.0, 175.0, 187.0, 172.0, 153.0, 105.0, 130.0, 119.0, 125.0, 129.0, 151.0, 166.0, 162.0, 174.0, 164.0, 152.0, 132.0, 144.0, 154.0, 168.0, 167.0, 157.0, 135.0, 172.0, 138.0, 139.0, 159.0, 182.0, 210.0, 196.0, 229.0, 206.0, 206.0, 206.0, 226.0, 220.0, 197.0, 185.0, 191.0, 163.0, 162.0, 189.0, 153.0, 133.0, 139.0, 136.0, 144.0, 120.0, 137.0, 127.0, 117.0, 63.0, 74.0, 91.0, 81.0, 70.0, 70.0, 81.0, 79.0, 137.0, 116.0, 96.0, 108.0, 114.0, 131.0, 109.0, 99.0, 100.0, 119.0, 120.0, 99.0, 101.0, 138.0, 108.0, 116.0, 105.0, 121.0, 121.0, 105.0, 88.0, 95.0, 108.0, 133.0, 141.0, 153.0, 145.0, 107.0, 144.0, 95.0, 103.0, 100.0, 95.0, 100.0, 123.0, 115.0, 112.0, 143.0, 141.0, 94.0, 86.0, 88.0]"
phi=0.85,C0-M15,0,134.2,235.55,False,6,"[134.2, 100.0, 82.0, 81.0, 127.0, 127.0, 141.0, 166.0, 183.0, 173.0, 212.0, 218.0, 216.0, 219.0, 246.0, 273.0, 253.0, 238.0, 262.0, 253.0, 270.0, 298.0, 289.0, 235.0, 253.0, 211.0, 180.0, 187.0, 206.0, 192.0, 157.0, 397.0, 395.0, 378.0, 347.0, 343.0, 296.0, 241.0, 225.0, 258.0, 302.0, 265.0, 226.0, 250.0, 221.0, 208.0, 237.0, 249.0, 209.0, 211.0, 220.0, 233.0, 230.0, 216.0, 182.0, 145.0, 167.0, 178.0, 212.0, 185.0, 180.0, 160.0, 135.0, 173.0, 168.0, 199.0, 203.0, 171.0, 192.0, 209.0, 216.0, 200.0, 233.0, 210.0, 198.0, 204.0, 201.0, 187.0, 202.0, 168.0, 173.0, 174.0, 105.0, 113.0, 121.0, 118.0, 108.0, 163.0, 129.0, 89.0, 110.0, 96.0, 130.0, 134.0, 178.0, 198.0, 200.0, 198.0, 183.0, 193.0, 200.0, 175.0, 137.0, 101.0, 125.0, 138.0, 165.0, 150.0, 166.0, 213.0, 235.0, 242.0, 245.0, 227.0, 238.0, 239.0, 192.0, 209.0, 212.0, 232.0, 246.0, 252.0, 232.0, 214.0, 250.0, 247.0, 223.0, 197.0, 209.0, 226.0, 242.0, 185.0, 188.0, 208.0, 193.0, 182.0, 133.0, 128.0, 105.0, 114.0, 104.0, 152.0, 125.0, 148.0, 111.0, 123.0, 126.0, 126.0, 88.0, 60.0, 126.0, 132.0, 131.0, 163.0, 179.0, 164.0, 192.0, 206.0, 203.0, 169.0, 143.0, 124.0, 82.0, 71.0, 46.0, 43.0, 29.0, 45.0, 70.0, 92.0, 102.0, 119.0, 116.0, 150.0, 151.0, 156.0, 152.0, 84.0, 137.0, 96.0, 101.0, 125.0, 134.0, 100.0, 117.0, 124.0, 156.0, 124.0, 121.0, 125.0, 117.0, 140.0, 189.0, 170.0, 154.0, 148.0, 142.0, 112.0, 130.0, 180.0, 142.0, 163.0, 168.0, 110.0, 108.0, 98.0, 109.0, 90.0, 110.0, 110.0, 153.0, 145.0, 145.0, 171.0, 136.0, 149.0, 188.0, 171.0, 162.0, 178.0, 195.0, 225.0, 188.0, 167.0, 193.0, 188.0, 216.0, 229.0, 204.0, 219.0, 235.0]"
phi=0.85,C0-M15,1,134.2,156.05,False,47,"[134.2, 111.0, 121.0, 132.0, 130.0, 162.0, 155.0, 138.0, 135.0, 134.0, 106.0, 104.0, 111.0, 88.0, 113.0, 127.0, 126.0, 186.0, 159.0, 157.0, 167.0, 201.0, 172.0, 184.0, 218.0, 203.0, 206.0, 205.0, 159.0, 129.0, 129.0, 369.0, 349.0, 354.0, 345.0, 326.0, 284.0, 312.0, 300.0, 290.0, 313.0, 307.0, 295.0, 277.0, 298.0, 275.0, 275.0, 280.0, 259.0, 244.0, 264.0, 277.0, 271.0, 258.0, 219.0, 234.0, 226.0, 200.0, 209.0, 240.0, 275.0, 286.0, 326.0, 327.0, 307.0, 296.0, 298.0, 297.0, 268.0, 273.0, 267.0, 230.0, 241.0, 259.0, 279.0, 283.0, 256.0, 244.0, 218.0, 158.0, 139.0, 150.0, 141.0, 120.0, 135.0, 167.0, 156.0, 148.0, 163.0, 189.0, 172.0, 157.0, 136.0, 162.0, 171.0, 143.0, 144.0, 123.0, 95.0, 103.0, 107.0, 150.0, 142.0, 137.0, 141.0, 155.0, 159.0, 130.0, 155.0, 180.0, 203.0, 169.0, 169.0, 174.0, 150.0, 145.0, 142.0, 156.0, 190.0, 193.0, 190.0, 188.0, 187.0, 147.0, 113.0, 104.0, 108.0, 148.0, 159.0, 143.0, 171.0, 157.0, 152.0, 135.0, 157.0, 201.0, 247.0, 271.0, 289.0, 305.0, 351.0, 346.0, 322.0, 282.0, 272.0, 258.0, 215.0, 179.0, 151.0, 175.0, 185.0, 182.0, 176.0, 166.0, 146.0, 121.0, 102.0, 91.0, 97.0, 95.0, 112.0, 84.0, 107.0, 105.0, 111.0, 139.0, 153.0, 181.0, 193.0, 185.0, 182.0, 180.0, 184.0, 221.0, 187.0, 206.0, 190.0, 157.0, 153.0, 95.0, 134.0, 108.0, 102.0, 80.0, 66.0, 126.0, 105.0, 134.0, 153.0, 171.0, 151.0, 117.0, 95.0, 81.0, 94.0, 99.0, 94.0, 149.0, 136.0, 105.0, 100.0, 110.0, 122.0, 104.0, 76.0, 79.0, 75.0, 79.0, 56.0, 83.0, 132.0, 119.0, 83.0, 74.0, 89.0, 81.0, 63.0, 64.0, 68.0, 65.0, 78.0, 121.0, 143.0, 144.0, 190.0, 202.0, 175.0, 172.0, 177.0, 151.0, 141.0]"
phi=0.85,C0-M15,2,134.2,108.45,False,47,"[134.2, 164.0, 150.0, 138.0, 125.0, 144.0, 156.0, 119.0, 115.0, 149.0, 126.0, 85.0, 114.0, 100.0, 85.0, 74.0, 94.0, 88.0, 120.0, 86.0, 99.0, 104.0, 110.0, 110.0, 128.0, 149.0, 148.0, 131.0, 108.0, 110.0, 88.0, 328.0, 315.0, 329.0, 332.0, 284.0, 262.0, 246.0, 258.0, 251.0, 208.0, 233.0, 240.0, 180.0, 189.0, 164.0, 198.0, 228.0, 265.0, 261.0, 214.0, 220.0, 191.0, 214.0, 222.0, 238.0, 247.0, 219.0, 229.0, 196.0, 218.0, 217.0, 228.0, 228.0, 220.0, 158.0, 130.0, 149.0, 167.0, 148.0, 140.0, 104.0, 122.0, 143.0, 152.0, 171.0, 177.0, 147.0, 123.0, 113.0, 128.0, 125.0, 138.0, 81.0, 96.0, 97.0, 107.0, 155.0, 131.0, 154.0, 153.0, 178.0, 176.0, 180.0, 165.0, 157.0, 138.0, 110.0, 79.0, 89.0, 71.0, 69.0, 86.0, 102.0, 89.0, 91.0, 103.0, 121.0, 110.0, 112.0, 143.0, 135.0, 125.0, 82.0, 90.0, 57.0, 56.0, 36.0, 60.0, 52.0, 59.0, 85.0, 76.0, 105.0, 118.0, 90.0, 59.0, 69.0, 76.0, 99.0, 107.0, 133.0, 114.0, 89.0, 126.0, 88.0, 94.0, 95.0, 119.0, 136.0, 108.0, 107.0, 101.0, 133.0, 121.0, 89.0, 123.0, 152.0, 160.0, 118.0, 123.0, 93.0, 68.0, 69.0, 64.0, 49.0, 39.0, 42.0, 46.0, 61.0, 58.0, 86.0, 101.0, 106.0, 124.0, 100.0, 123.0, 146.0, 151.0, 150.0, 133.0, 128.0, 82.0, 79.0, 74.0, 68.0, 60.0, 56.0, 57.0, 77.0, 77.0, 95.0, 109.0, 92.0, 109.0, 127.0, 160.0, 131.0, 115.0, 104.0, 112.0, 106.0, 98.0, 79.0, 128.0, 159.0, 178.0, 143.0, 159.0, 155.0, 143.0, 130.0, 144.0, 145.0, 158.0, 140.0, 120.0, 147.0, 102.0, 153.0, 151.0, 116.0, 135.0, 146.0, 156.0, 149.0, 151.0, 102.0, 62.0, 79.0, 89.0, 94.0, 82.0, 79.0, 56.0, 54.0, 50.0, 50.0, 58.0, 48.0, 50.0]"
phi=0.85,C0-M15,3,134.2,278.2,False,19,"[134.2, 144.0, 143.0, 145.0, 116.0, 107.0, 111.0, 153.0, 166.0, 157.0, 204.0, 192.0, 228.0, 262.0, 252.0, 276.0, 280.0, 304.0, 288.0, 292.0, 310.0, 317.0, 357.0, 362.0, 311.0, 270.0, 280.0, 271.0, 272.0, 236.0, 260.0, 500.0, 430.0, 395.0, 402.0, 397.0, 416.0, 424.0, 361.0, 395.0, 405.0, 399.0, 392.0, 403.0, 388.0, 386.0, 390.0, 388.0, 419.0, 386.0, 312.0, 305.0, 257.0, 216.0, 244.0, 243.0, 219.0, 219.0, 130.0, 124.0, 142.0, 156.0, 163.0, 141.0, 110.0, 79.0, 83.0, 116.0, 143.0, 139.0, 111.0, 101.0, 150.0, 127.0, 147.0, 202.0, 220.0, 238.0, 245.0, 231.0, 242.0, 185.0, 183.0, 211.0, 210.0, 200.0, 194.0, 199.0, 268.0, 269.0, 318.0, 267.0, 267.0, 265.0, 246.0, 261.0, 269.0, 286.0, 298.0, 276.0, 267.0, 241.0, 257.0, 227.0, 169.0, 142.0, 104.0, 66.0, 63.0, 87.0, 117.0, 98.0, 88.0, 35.0, 59.0, 61.0, 43.0, 60.0, 66.0, 54.0, 49.0, 47.0, 60.0, 88.0, 70.0, 63.0, 94.0, 132.0, 125.0, 128.0, 105.0, 97.0, 69.0, 95.0, 84.0, 78.0, 97.0, 117.0, 121.0, 121.0, 105.0, 110.0, 102.0, 86.0, 93.0, 100.0, 131.0, 122.0, 156.0, 181.0, 205.0, 227.0, 245.0, 187.0, 152.0, 143.0, 151.0, 141.0, 123.0, 119.0, 96.0, 94.0, 91.0, 90.0, 101.0, 88.0, 56.0, 121.0, 98.0, 79.0, 77.0, 79.0, 122.0, 117.0, 137.0, 157.0, 90.0, 68.0, 80.0, 92.0, 69.0, 81.0, 147.0, 125.0, 125.0, 80.0, 103.0, 79.0, 81.0, 85.0, 87.0, 64.0, 84.0, 115.0, 125.0, 123.0, 130.0, 134.0, 146.0, 146.0, 171.0, 137.0, 115.0, 107.0, 169.0, 167.0, 175.0, 146.0, 181.0, 165.0, 188.0, 206.0, 215.0, 232.0, 176.0, 134.0, 140.0, 145.0, 152.0, 177.0, 165.0, 149.0, 143.0, 181.0, 189.0, 170.0, 194.0, 169.0, 147.0, 154.0, 166.0]"
phi=0.85,C0-M15,4,134.2,84.35,False,18,"[134.2, 143.0, 202.0, 206.0, 162.0, 140.0, 161.0, 181.0, 142.0, 124.0, 100.0, 72.0, 78.0, 63.0, 60.0, 84.0, 51.0, 71.0, 55.0, 67.0, 70.0, 89.0, 117.0, 111.0, 125.0, 106.0, 106.0, 114.0, 78.0, 70.0, 73.0, 313.0, 313.0, 234.0, 213.0, 231.0, 204.0, 206.0, 201.0, 179.0, 194.0, 185.0, 192.0, 181.0, 163.0, 175.0, 178.0, 146.0, 112.0, 103.0, 78.0, 101.0, 119.0, 123.0, 113.0, 105.0, 87.0, 108.0, 87.0, 72.0, 86.0, 85.0, 64.0, 56.0, 62.0, 55.0, 55.0, 59.0, 69.0, 100.0, 81.0, 100.0, 93.0, 115.0, 111.0, 110.0, 128.0, 156.0, 134.0, 123.0, 105.0, 98.0, 122.0, 128.0, 145.0, 115.0, 128.0, 121.0, 142.0, 147.0, 147.0, 128.0, 133.0, 136.0, 132.0, 137.0, 138.0, 119.0, 121.0, 129.0, 153.0, 149.0, 129.0, 107.0, 129.0, 133.0, 117.0, 93.0, 65.0, 71.0, 120.0, 161.0, 165.0, 119.0, 125.0, 104.0, 89.0, 84.0, 109.0, 78.0, 98.0, 129.0, 150.0, 179.0, 131.0, 119.0, 108.0, 85.0, 83.0, 74.0, 110.0, 104.0, 145.0, 159.0, 166.0, 163.0, 132.0, 152.0, 154.0, 177.0, 145.0, 152.0, 189.0, 150.0, 180.0, 163.0, 146.0, 152.0, 151.0, 156.0, 173.0, 133.0, 134.0, 145.0, 86.0, 50.0, 66.0, 50.0, 56.0, 78.0, 75.0, 81.0, 99.0, 112.0, 85.0, 62.0, 53.0, 91.0, 56.0, 42.0, 76.0, 66.0, 67.0, 66.0, 66.0, 74.0, 76.0, 67.0, 81.0, 130.0, 138.0, 165.0, 214.0, 221.0, 255.0, 246.0, 260.0, 299.0, 268.0, 252.0, 255.0, 226.0, 214.0, 229.0, 182.0, 199.0, 234.0, 177.0, 202.0, 193.0, 192.0, 195.0, 209.0, 254.0, 280.0, 300.0, 274.0, 265.0, 241.0, 247.0, 231.0, 220.0, 181.0, 159.0, 164.0, 128.0, 126.0, 160.0, 152.0, 124.0, 128.0, 100.0, 116.0, 137.0, 88.0, 103.0, 102.0, 129.0, 124.0, 94.0, 82.0]"
phi=0.85,C0-M15,5,134.2,122.1,False,33,"[134.2, 100.0, 102.0, 62.0, 63.0, 83.0, 83.0, 88.0, 94.0, 68.0, 56.0, 74.0, 101.0, 135.0, 156.0, 149.0, 140.0, 131.0, 150.0, 162.0, 161.0, 136.0, 146.0, 152.0, 112.0, 91.0, 94.0, 80.0, 89.0, 127.0, 138.0, 378.0, 397.0, 304.0, 298.0, 284.0, 315.0, 276.0, 328.0, 375.0, 325.0, 332.0, 322.0, 348.0, 358.0, 338.0, 328.0, 301.0, 291.0, 281.0, 276.0, 254.0, 179.0, 221.0, 244.0, 263.0, 239.0, 236.0, 224.0, 201.0, 151.0, 176.0, 200.0, 181.0, 191.0, 144.0, 121.0, 130.0, 102.0, 126.0, 124.0, 125.0, 114.0, 81.0, 79.0, 85.0, 111.0, 149.0, 179.0, 200.0, 171.0, 171.0, 137.0, 203.0, 250.0, 258.0, 265.0, 299.0, 317.0, 310.0, 336.0, 332.0, 327.0, 333.0, 299.0, 294.0, 334.0, 320.0, 351.0, 361.0, 373.0, 390.0, 390.0, 405.0, 374.0, 311.0, 271.0, 280.0, 253.0, 238.0, 226.0, 214.0, 205.0, 217.0, 235.0, 227.0, 250.0, 234.0, 230.0, 269.0, 277.0, 259.0, 263.0, 194.0, 224.0, 186.0, 188.0, 185.0, 162.0, 134.0, 161.0, 180.0, 156.0, 159.0, 143.0, 98.0, 75.0, 110.0, 126.0, 121.0, 131.0, 119.0, 148.0, 122.0, 101.0, 82.0, 85.0, 89.0, 64.0, 63.0, 94.0, 100.0, 106.0, 133.0, 131.0, 141.0, 109.0, 129.0, 111.0, 96.0, 130.0, 108.0, 109.0, 93.0, 80.0, 92.0, 90.0, 87.0, 108.0, 130.0, 98.0, 107.0, 103.0, 110.0, 119.0, 106.0, 134.0, 168.0, 209.0, 209.0, 229.0, 258.0, 249.0, 227.0, 209.0, 206.0, 202.0, 226.0, 258.0, 227.0, 230.0, 240.0, 222.0, 229.0, 236.0, 225.0, 192.0, 205.0, 215.0, 185.0, 180.0, 179.0, 141.0, 133.0, 112.0, 93.0, 79.0, 112.0, 125.0, 100.0, 95.0, 69.0, 93.0, 122.0, 106.0, 88.0, 117.0, 140.0, 161.0, 177.0, 181.0, 142.0, 144.0, 129.0, 152.0, 165.0, 149.0, 137.0, 133.0, 164.0, 201.0]"
phi=0.85,C0-M15,6,134.2,109.2,False,39,"[134.2, 136.0, 163.0, 135.0, 117.0, 151.0, 127.0, 119.0, 137.0, 125.0, 109.0, 126.0, 119.0, 141.0, 147.0, 141.0, 129.0, 97.0, 133.0, 129.0, 146.0, 121.0, 120.0, 122.0, 104.0, 91.0, 66.0, 59.0, 52.0, 32.0, 45.0, 285.0, 268.0, 228.0, 215.0, 200.0, 199.0, 215.0, 199.0, 201.0, 230.0, 216.0, 194.0, 190.0, 185.0, 221.0, 210.0, 211.0, 195.0, 163.0, 148.0, 160.0, 174.0, 176.0, 152.0, 176.0, 203.0, 218.0, 234.0, 261.0, 245.0, 230.0, 208.0, 243.0, 218.0, 217.0, 220.0, 202.0, 175.0, 151.0, 121.0, 146.0, 147.0, 120.0, 130.0, 110.0, 77.0, 95.0, 111.0, 76.0, 93.0, 94.0, 82.0, 85.0, 98.0, 97.0, 80.0, 78.0, 83.0, 100.0, 91.0, 112.0, 107.0, 83.0, 93.0, 122.0, 110.0, 99.0, 93.0, 82.0, 68.0, 106.0, 182.0, 174.0, 165.0, 142.0, 115.0, 74.0, 74.0, 72.0, 58.0, 52.0, 38.0, 50.0, 70.0, 55.0, 32.0, 52.0, 59.0, 87.0, 62.0, 49.0, 92.0, 85.0, 116.0, 122.0, 118.0, 114.0, 134.0, 135.0, 137.0, 150.0, 162.0, 177.0, 201.0, 228.0, 252.0, 264.0, 300.0, 257.0, 268.0, 223.0, 226.0, 241.0, 223.0, 199.0, 155.0, 148.0, 140.0, 161.0, 183.0, 194.0, 193.0, 160.0, 142.0, 174.0, 192.0, 177.0, 186.0, 163.0, 170.0, 127.0, 116.0, 119.0, 164.0, 141.0, 127.0, 144.0, 116.0, 95.0, 100.0, 143.0, 158.0, 150.0, 149.0, 200.0, 214.0, 189.0, 194.0, 182.0, 179.0, 234.0, 208.0, 206.0, 214.0, 183.0, 156.0, 192.0, 190.0, 190.0, 180.0, 178.0, 222.0, 218.0, 231.0, 230.0, 238.0, 203.0, 207.0, 238.0, 204.0, 187.0, 182.0, 202.0, 181.0, 162.0, 165.0, 129.0, 104.0, 96.0, 90.0, 101.0, 129.0, 115.0, 161.0, 155.0, 152.0, 140.0, 152.0, 146.0, 142.0, 130.0, 149.0, 156.0, 139.0, 145.0, 131.0, 129.0, 105.0, 126.0, 59.0]"
phi=0.85,C0-M15,7,134.2,159.55,False,52,"[134.2, 146.0, 182.0, 153.0, 102.0, 113.0, 105.0, 96.0, 107.0, 119.0, 109.0, 107.0, 100.0, 132.0, 165.0, 153.0, 179.0, 155.0, 190.0, 196.0, 200.0, 225.0, 201.0, 201.0, 162.0, 138.0, 141.0, 141.0, 158.0, 138.0, 135.0, 375.0, 356.0, 321.0, 280.0, 323.0, 340.0, 366.0, 332.0, 320.0, 318.0, 314.0, 270.0, 264.0, 230.0, 255.0, 276.0, 262.0, 295.0, 345.0, 328.0, 338.0, 345.0, 349.0, 309.0, 252.0, 281.0, 280.0, 273.0, 255.0, 228.0, 235.0, 206.0, 204.0, 222.0, 226.0, 200.0, 225.0, 208.0, 188.0, 198.0, 184.0, 192.0, 195.0, 223.0, 202.0, 212.0, 196.0, 185.0, 202.0, 193.0, 241.0, 246.0, 212.0, 202.0, 153.0, 154.0, 126.0, 121.0, 106.0, 99.0, 92.0, 76.0, 63.0, 44.0, 62.0, 100.0, 120.0, 111.0, 83.0, 106.0, 88.0, 106.0, 94.0, 93.0, 84.0, 97.0, 118.0, 127.0, 163.0, 148.0, 178.0, 192.0, 178.0, 211.0, 173.0, 148.0, 141.0, 120.0, 107.0, 136.0, 94.0, 71.0, 77.0, 112.0, 121.0, 139.0, 147.0, 130.0, 136.0, 105.0, 119.0, 154.0, 160.0, 153.0, 121.0, 122.0, 145.0, 102.0, 104.0, 115.0, 118.0, 125.0, 78.0, 74.0, 88.0, 86.0, 51.0, 54.0, 65.0, 62.0, 108.0, 123.0, 116.0, 92.0, 96.0, 137.0, 146.0, 141.0, 128.0, 126.0, 93.0, 66.0, 73.0, 59.0, 81.0, 92.0, 63.0, 88.0, 105.0, 109.0, 74.0, 82.0, 80.0, 84.0, 78.0, 73.0, 85.0, 113.0, 98.0, 101.0, 114.0, 132.0, 116.0, 126.0, 137.0, 119.0, 107.0, 96.0, 97.0, 120.0, 137.0, 150.0, 169.0, 167.0, 188.0, 187.0, 161.0, 155.0, 136.0, 132.0, 95.0, 80.0, 62.0, 101.0, 85.0, 73.0, 96.0, 77.0, 65.0, 47.0, 47.0, 66.0, 54.0, 65.0, 93.0, 117.0, 119.0, 123.0, 99.0, 121.0, 108.0, 120.0, 130.0, 110.0, 70.0, 83.0, 110.0, 109.0, 107.0, 149.0]"
phi=0.85,C0-M15,8,134.2,148.4,False,24,"[134.2, 131.0, 133.0, 168.0, 202.0, 204.0, 183.0, 173.0, 132.0, 153.0, 84.0, 81.0, 80.0, 82.0, 61.0, 54.0, 71.0, 94.0, 118.0, 112.0, 136.0, 171.0, 164.0, 194.0, 239.0, 244.0, 243.0, 229.0, 236.0, 275.0, 247.0, 487.0, 478.0, 468.0, 470.0, 466.0, 474.0, 463.0, 409.0, 411.0, 427.0, 382.0, 363.0, 310.0, 362.0, 377.0, 329.0, 302.0, 336.0, 322.0, 325.0, 269.0, 216.0, 214.0, 182.0, 172.0, 169.0, 163.0, 177.0, 157.0, 172.0, 138.0, 165.0, 128.0, 162.0, 137.0, 106.0, 147.0, 110.0, 94.0, 106.0, 110.0, 96.0, 112.0, 86.0, 93.0, 119.0, 159.0, 183.0, 177.0, 184.0, 216.0, 190.0, 201.0, 198.0, 198.0, 163.0, 205.0, 212.0, 229.0, 220.0, 247.0, 254.0, 264.0, 224.0, 176.0, 155.0, 114.0, 108.0, 97.0, 102.0, 103.0, 127.0, 179.0, 201.0, 196.0, 204.0, 224.0, 169.0, 159.0, 192.0, 219.0, 183.0, 194.0, 194.0, 154.0, 163.0, 210.0, 170.0, 172.0, 163.0, 169.0, 128.0, 100.0, 122.0, 138.0, 128.0, 65.0, 90.0, 117.0, 151.0, 141.0, 144.0, 140.0, 136.0, 165.0, 169.0, 165.0, 150.0, 131.0, 114.0, 113.0, 93.0, 67.0, 76.0, 133.0, 117.0, 132.0, 146.0, 165.0, 166.0, 179.0, 157.0, 151.0, 126.0, 94.0, 59.0, 69.0, 92.0, 78.0, 65.0, 58.0, 84.0, 122.0, 101.0, 93.0, 109.0, 162.0, 172.0, 162.0, 188.0, 179.0, 139.0, 78.0, 62.0, 96.0, 108.0, 107.0, 87.0, 88.0, 58.0, 68.0, 77.0, 68.0, 91.0, 68.0, 86.0, 91.0, 77.0, 76.0, 117.0, 114.0, 124.0, 108.0, 110.0, 79.0, 78.0, 76.0, 69.0, 76.0, 53.0, 34.0, 52.0, 54.0, 89.0, 86.0, 97.0, 95.0, 61.0, 100.0, 119.0, 120.0, 99.0, 94.0, 86.0, 79.0, 99.0, 64.0, 129.0, 129.0, 109.0, 103.0, 120.0, 122.0, 103.0, 117.0, 125.0, 142.0, 115.0, 91.0, 65.0]"
phi=0.85,C0-M15,9,134.2,120.55,False,40,"[134.2, 110.0, 105.0, 113.0, 100.0, 69.0, 80.0, 88.0, 91.0, 101.0, 86.0, 104.0, 100.0, 95.0, 123.0, 117.0, 126.0, 159.0, 125.0, 125.0, 108.0, 129.0, 145.0, 143.0, 104.0, 133.0, 116.0, 106.0, 136.0, 131.0, 98.0, 338.0, 327.0, 316.0, 326.0, 283.0, 252.0, 251.0, 269.0, 273.0, 302.0, 300.0, 277.0, 289.0, 270.0, 267.0, 248.0, 243.0, 253.0, 254.0, 264.0, 251.0, 285.0, 280.0, 287.0, 286.0, 262.0, 207.0, 194.0, 173.0, 163.0, 189.0, 193.0, 210.0, 214.0, 203.0, 171.0, 184.0, 180.0, 185.0, 196.0, 181.0, 181.0, 142.0, 111.0, 80.0, 60.0, 75.0, 90.0, 94.0, 143.0, 104.0, 90.0, 83.0, 79.0, 67.0, 58.0, 46.0, 67.0, 82.0, 71.0, 88.0, 74.0, 51.0, 46.0, 55.0, 61.0, 67.0, 89.0, 89.0, 41.0, 36.0, 56.0, 63.0, 69.0, 72.0, 92.0, 63.0, 92.0, 87.0, 104.0, 80.0, 91.0, 79.0, 78.0, 96.0, 78.0, 78.0, 76.0, 52.0, 66.0, 55.0, 66.0, 84.0, 133.0, 122.0, 136.0, 119.0, 105.0, 65.0, 88.0, 100.0, 100.0, 109.0, 131.0, 127.0, 112.0, 107.0, 83.0, 74.0, 84.0, 71.0, 68.0, 81.0, 92.0, 106.0, 51.0, 56.0, 110.0, 89.0, 141.0, 110.0, 114.0, 71.0, 87.0, 83.0, 73.0, 79.0, 99.0, 101.0, 63.0, 91.0, 54.0, 73.0, 81.0, 106.0, 104.0, 132.0, 99.0, 99.0, 82.0, 107.0, 114.0, 92.0, 112.0, 110.0, 99.0, 106.0, 83.0, 88.0, 104.0, 109.0, 114.0, 106.0, 131.0, 110.0, 126.0, 134.0, 136.0, 96.0, 104.0, 131.0, 100.0, 113.0, 147.0, 148.0, 161.0, 151.0, 149.0, 163.0, 160.0, 146.0, 136.0, 114.0, 121.0, 98.0, 105.0, 79.0, 106.0, 126.0, 156.0, 139.0, 149.0, 117.0, 116.0, 82.0, 89.0, 107.0, 125.0, 116.0, 106.0, 119.0, 171.0, 133.0, 123.0, 92.0, 80.0, 65.0, 68.0, 103.0, 124.0]"
phi=0.85,C0-M15,10,134.2,167.1,False,20,"[134.2, 141.0, 165.0, 128.0, 109.0, 79.0, 100.0, 112.0, 130.0, 128.0, 106.0, 153.0, 183.0, 200.0, 203.0, 186.0, 173.0, 177.0, 154.0, 159.0, 179.0, 166.0, 163.0, 153.0, 173.0, 181.0, 154.0, 161.0, 184.0, 134.0, 135.0, 375.0, 360.0, 320.0, 301.0, 293.0, 329.0, 295.0, 300.0, 312.0, 297.0, 271.0, 276.0, 284.0, 262.0, 252.0, 271.0, 309.0, 294.0, 259.0, 255.0, 230.0, 222.0, 169.0, 148.0, 127.0, 121.0, 123.0, 136.0, 140.0, 105.0, 160.0, 123.0, 116.0, 167.0, 162.0, 172.0, 187.0, 205.0, 171.0, 183.0, 153.0, 149.0, 152.0, 122.0, 134.0, 152.0, 160.0, 155.0, 152.0, 143.0, 152.0, 131.0, 130.0, 160.0, 189.0, 214.0, 233.0, 209.0, 195.0, 238.0, 229.0, 219.0, 186.0, 178.0, 175.0, 185.0, 177.0, 164.0, 113.0, 93.0, 109.0, 82.0, 69.0, 79.0, 85.0, 86.0, 98.0, 99.0, 99.0, 118.0, 147.0, 128.0, 123.0, 147.0, 179.0, 203.0, 212.0, 267.0, 258.0, 280.0, 246.0, 226.0, 209.0, 198.0, 198.0, 161.0, 171.0, 198.0, 158.0, 187.0, 164.0, 183.0, 171.0, 141.0, 130.0, 154.0, 166.0, 183.0, 208.0, 211.0, 207.0, 180.0, 156.0, 167.0, 107.0, 132.0, 130.0, 139.0, 164.0, 151.0, 128.0, 135.0, 129.0, 170.0, 194.0, 175.0, 172.0, 193.0, 201.0, 188.0, 186.0, 195.0, 175.0, 151.0, 154.0, 162.0, 141.0, 125.0, 98.0, 77.0, 108.0, 108.0, 128.0, 119.0, 112.0, 95.0, 117.0, 98.0, 66.0, 67.0, 79.0, 64.0, 74.0, 67.0, 63.0, 68.0, 78.0, 79.0, 106.0, 109.0, 103.0, 78.0, 66.0, 51.0, 37.0, 33.0, 37.0, 54.0, 53.0, 69.0, 56.0, 62.0, 68.0, 76.0, 69.0, 99.0, 87.0, 132.0, 103.0, 113.0, 95.0, 82.0, 90.0, 85.0, 102.0, 82.0, 91.0, 102.0, 79.0, 88.0, 94.0, 94.0, 111.0, 106.0, 108.0, 123.0, 117.0, 122.0, 110.0, 125.0]"
phi=0.85,C0-M15,11,134.2,101.7,False,62,"[134.2, 149.0, 116.0, 116.0, 99.0, 95.0, 98.0, 102.0, 105.0, 123.0, 94.0, 95.0, 85.0, 74.0, 89.0, 72.0, 100.0, 102.0, 70.0, 116.0, 110.0, 130.0, 115.0, 117.0, 99.0, 107.0, 79.0, 140.0, 140.0, 100.0, 67.0, 307.0, 334.0, 337.0, 276.0, 251.0, 279.0, 290.0, 237.0, 249.0, 233.0, 197.0, 194.0, 171.0, 197.0, 245.0, 182.0, 141.0, 156.0, 153.0, 143.0, 161.0, 187.0, 164.0, 195.0, 216.0, 188.0, 173.0, 184.0, 165.0, 193.0, 177.0, 197.0, 193.0, 211.0, 218.0, 142.0, 182.0, 191.0, 173.0, 151.0, 154.0, 180.0, 194.0, 199.0, 174.0, 200.0, 213.0, 234.0, 245.0, 276.0, 261.0, 302.0, 259.0, 263.0, 249.0, 208.0, 215.0, 201.0, 200.0, 211.0, 158.0, 121.0, 142.0, 149.0, 134.0, 101.0, 105.0, 113.0, 116.0, 137.0, 114.0, 96.0, 101.0, 86.0, 92.0, 121.0, 124.0, 94.0, 100.0, 134.0, 176.0, 228.0, 254.0, 295.0, 306.0, 250.0, 262.0, 270.0, 270.0, 287.0, 263.0, 267.0, 243.0, 249.0, 217.0, 210.0, 204.0, 219.0, 169.0, 172.0, 137.0, 166.0, 147.0, 155.0, 167.0, 118.0, 112.0, 94.0, 88.0, 113.0, 75.0, 68.0, 74.0, 72.0, 116.0, 111.0, 116.0, 113.0, 126.0, 139.0, 126.0, 133.0, 104.0, 103.0, 140.0, 168.0, 162.0, 174.0, 155.0, 182.0, 185.0, 182.0, 229.0, 261.0, 244.0, 233.0, 244.0, 195.0, 198.0, 150.0, 152.0, 124.0, 127.0, 152.0, 144.0, 159.0, 208.0, 220.0, 269.0, 191.0, 185.0, 217.0, 221.0, 176.0, 159.0, 182.0, 170.0, 207.0, 261.0, 276.0, 279.0, 227.0, 200.0, 229.0, 201.0, 201.0, 197.0, 195.0, 191.0, 186.0, 181.0, 196.0, 205.0, 165.0, 174.0, 197.0, 194.0, 175.0, 212.0, 208.0, 218.0, 166.0, 183.0, 166.0, 164.0, 126.0, 117.0, 84.0, 94.0, 108.0, 100.0, 135.0, 157.0, 251.0, 248.0, 236.0, 269.0, 248.0, 200.0, 178.0]"
phi=0.85,C0-M15,12,134.2,100.9,False,59,"[134.2, 124.0, 105.0, 97.0, 64.0, 71.0, 69.0, 80.0, 74.0, 64.0, 38.0, 49.0, 53.0, 78.0, 60.0, 64.0, 76.0, 58.0, 48.0, 89.0, 88.0, 105.0, 106.0, 156.0, 152.0, 164.0, 168.0, 162.0, 162.0, 142.0, 117.0, 357.0, 296.0, 239.0, 272.0, 256.0, 267.0, 274.0, 290.0, 252.0, 330.0, 334.0, 364.0, 359.0, 412.0, 411.0, 458.0, 407.0, 404.0, 306.0, 279.0, 306.0, 313.0, 268.0, 267.0, 229.0, 221.0, 225.0, 221.0, 161.0, 147.0, 112.0, 135.0, 121.0, 148.0, 105.0, 131.0, 127.0, 154.0, 137.0, 146.0, 98.0, 104.0, 125.0, 175.0, 164.0, 144.0, 117.0, 155.0, 126.0, 149.0, 139.0, 156.0, 167.0, 182.0, 192.0, 186.0, 197.0, 167.0, 156.0, 150.0, 108.0, 109.0, 99.0, 112.0, 112.0, 99.0, 124.0, 123.0, 92.0, 119.0, 136.0, 144.0, 157.0, 144.0, 187.0, 197.0, 160.0, 180.0, 206.0, 204.0, 209.0, 185.0, 145.0, 104.0, 78.0, 99.0, 94.0, 100.0, 110.0, 153.0, 140.0, 130.0, 151.0, 121.0, 139.0, 147.0, 138.0, 153.0, 164.0, 182.0, 186.0, 160.0, 160.0, 145.0, 115.0, 103.0, 90.0, 96.0, 100.0, 114.0, 118.0, 138.0, 142.0, 158.0, 113.0, 136.0, 147.0, 166.0, 172.0, 174.0, 167.0, 209.0, 152.0, 160.0, 131.0, 146.0, 115.0, 136.0, 143.0, 118.0, 150.0, 173.0, 152.0, 135.0, 125.0, 130.0, 121.0, 111.0, 161.0, 133.0, 135.0, 138.0, 159.0, 153.0, 148.0, 172.0, 170.0, 168.0, 172.0, 162.0, 174.0, 182.0, 167.0, 135.0, 152.0, 180.0, 149.0, 163.0, 138.0, 123.0, 134.0, 109.0, 138.0, 161.0, 195.0, 155.0, 151.0, 143.0, 109.0, 87.0, 96.0, 125.0, 118.0, 114.0, 105.0, 144.0, 151.0, 153.0, 154.0, 146.0, 138.0, 125.0, 134.0, 141.0, 118.0, 92.0, 95.0, 85.0, 74.0, 82.0, 93.0, 124.0, 133.0, 135.0, 144.0, 124.0, 111.0, 114.0, 93.0, 117.0]"
phi=0.85,C0-M15,13,134.2,122.75,False,70,"[134.2, 155.0, 147.0, 126.0, 126.0, 91.0, 102.0, 82.0, 94.0, 104.0, 118.0, 164.0, 145.0, 127.0, 140.0, 147.0, 120.0, 120.0, 131.0, 129.0, 85.0, 95.0, 98.0, 94.0, 77.0, 93.0, 129.0, 139.0, 152.0, 152.0, 156.0, 396.0, 374.0, 378.0, 363.0, 315.0, 318.0, 376.0, 304.0, 317.0, 279.0, 285.0, 306.0, 346.0, 286.0, 249.0, 227.0, 236.0, 241.0, 249.0, 285.0, 319.0, 281.0, 239.0, 244.0, 243.0, 236.0, 225.0, 194.0, 190.0, 192.0, 233.0, 258.0, 263.0, 289.0, 314.0, 356.0, 340.0, 306.0, 290.0, 287.0, 319.0, 283.0, 246.0, 239.0, 287.0, 279.0, 278.0, 255.0, 289.0, 295.0, 297.0, 308.0, 296.0, 301.0, 335.0, 289.0, 241.0, 231.0, 240.0, 209.0, 161.0, 165.0, 179.0, 217.0, 182.0, 190.0, 168.0, 144.0, 165.0, 165.0, 146.0, 159.0, 143.0, 145.0, 126.0, 136.0, 154.0, 192.0, 139.0, 136.0, 169.0, 194.0, 184.0, 166.0, 154.0, 135.0, 175.0, 176.0, 164.0, 181.0, 206.0, 155.0, 192.0, 198.0, 145.0, 157.0, 158.0, 176.0, 180.0, 181.0, 211.0, 217.0, 222.0, 192.0, 207.0, 194.0, 203.0, 175.0, 166.0, 175.0, 196.0, 217.0, 218.0, 196.0, 183.0, 185.0, 178.0, 182.0, 218.0, 221.0, 195.0, 180.0, 226.0, 233.0, 207.0, 210.0, 231.0, 213.0, 216.0, 240.0, 235.0, 237.0, 207.0, 183.0, 137.0, 102.0, 93.0, 68.0, 53.0, 47.0, 65.0, 91.0, 87.0, 66.0, 83.0, 74.0, 92.0, 99.0, 126.0, 133.0, 141.0, 148.0, 107.0, 111.0, 111.0, 95.0, 113.0, 124.0, 80.0, 84.0, 111.0, 80.0, 92.0, 51.0, 59.0, 86.0, 109.0, 93.0, 111.0, 89.0, 65.0, 47.0, 50.0, 74.0, 86.0, 108.0, 104.0, 86.0, 113.0, 67.0, 99.0, 88.0, 87.0, 91.0, 65.0, 75.0, 107.0, 133.0, 153.0, 157.0, 171.0, 151.0, 137.0, 150.0, 209.0, 225.0, 198.0, 192.0, 189.0, 192.0]"
phi=0.85,C0-M15,14,134.2,148.85,False,13,"[134.2, 97.0, 112.0, 102.0, 145.0, 162.0, 185.0, 199.0, 173.0, 176.0, 197.0, 193.0, 189.0, 181.0, 189.0, 204.0, 202.0, 179.0, 165.0, 180.0, 158.0, 136.0, 133.0, 122.0, 124.0, 90.0, 87.0, 111.0, 79.0, 58.0, 66.0, 306.0, 295.0, 338.0, 330.0, 296.0, 264.0, 283.0, 287.0, 225.0, 228.0, 238.0, 224.0, 220.0, 202.0, 172.0, 195.0, 152.0, 134.0, 134.0, 163.0, 165.0, 144.0, 139.0, 122.0, 131.0, 127.0, 106.0, 141.0, 136.0, 119.0, 153.0, 157.0, 151.0, 148.0, 190.0, 195.0, 196.0, 135.0, 143.0, 101.0, 95.0, 95.0, 116.0, 117.0, 99.0, 124.0, 95.0, 107.0, 128.0, 151.0, 136.0, 111.0, 128.0, 143.0, 158.0, 157.0, 159.0, 143.0, 120.0, 102.0, 81.0, 81.0, 101.0, 136.0, 139.0, 135.0, 164.0, 163.0, 117.0, 119.0, 140.0, 143.0, 172.0, 164.0, 180.0, 185.0, 202.0, 216.0, 176.0, 157.0, 171.0, 152.0, 176.0, 164.0, 134.0, 152.0, 148.0, 147.0, 171.0, 201.0, 225.0, 218.0, 191.0, 223.0, 225.0, 209.0, 189.0, 203.0, 209.0, 240.0, 244.0, 234.0, 191.0, 227.0, 230.0, 285.0, 231.0, 208.0, 220.0, 230.0, 235.0, 263.0, 261.0, 243.0, 214.0, 209.0, 216.0, 215.0, 219.0, 210.0, 222.0, 225.0, 203.0, 157.0, 171.0, 179.0, 150.0, 191.0, 224.0, 199.0, 220.0, 198.0, 199.0, 203.0, 204.0, 176.0, 123.0, 113.0, 119.0, 119.0, 92.0, 95.0, 78.0, 76.0, 71.0, 59.0, 57.0, 80.0, 88.0, 105.0, 95.0, 93.0, 149.0, 143.0, 187.0, 174.0, 128.0, 118.0, 125.0, 82.0, 79.0, 53.0, 47.0, 53.0, 62.0, 73.0, 68.0, 97.0, 90.0, 75.0, 91.0, 139.0, 155.0, 115.0, 94.0, 88.0, 94.0, 85.0, 86.0, 88.0, 122.0, 108.0, 116.0, 151.0, 113.0, 134.0, 148.0, 149.0, 162.0, 130.0, 88.0, 90.0, 86.0, 113.0, 86.0, 109.0, 135.0, 130.0, 131.0, 140.0]"
phi=0.85,C0-M15,15,134.2,111.35,False,100,"[134.2, 111.0, 138.0, 168.0, 170.0, 146.0, 132.0, 86.0, 92.0, 97.0, 105.0, 81.0, 66.0, 112.0, 117.0, 119.0, 125.0, 131.0, 126.0, 106.0, 94.0, 113.0, 95.0, 94.0, 116.0, 117.0, 137.0, 119.0, 136.0, 118.0, 88.0, 328.0, 295.0, 338.0, 332.0, 340.0, 377.0, 315.0, 298.0, 296.0, 315.0, 295.0, 338.0, 334.0, 307.0, 281.0, 303.0, 299.0, 268.0, 260.0, 220.0, 215.0, 247.0, 223.0, 247.0, 222.0, 212.0, 205.0, 222.0, 226.0, 248.0, 274.0, 256.0, 327.0, 355.0, 364.0, 369.0, 385.0, 393.0, 361.0, 320.0, 291.0, 269.0, 282.0, 285.0, 290.0, 246.0, 232.0, 233.0, 194.0, 200.0, 186.0, 166.0, 188.0, 216.0, 216.0, 203.0, 227.0, 229.0, 222.0, 237.0, 231.0, 191.0, 220.0, 179.0, 161.0, 186.0, 199.0, 192.0, 204.0, 182.0, 189.0, 180.0, 161.0, 158.0, 198.0, 185.0, 197.0, 212.0, 248.0, 210.0, 212.0, 188.0, 151.0, 156.0, 145.0, 171.0, 175.0, 171.0, 200.0, 181.0, 174.0, 178.0, 206.0, 261.0, 234.0, 198.0, 224.0, 211.0, 200.0, 193.0, 172.0, 130.0, 95.0, 93.0, 98.0, 98.0, 87.0, 103.0, 149.0, 195.0, 200.0, 225.0, 206.0, 191.0, 121.0, 111.0, 98.0, 85.0, 104.0, 100.0, 100.0, 116.0, 135.0, 114.0, 126.0, 145.0, 119.0, 113.0, 81.0, 99.0, 50.0, 36.0, 54.0, 76.0, 87.0, 79.0, 66.0, 85.0, 105.0, 121.0, 105.0, 71.0, 32.0, 39.0, 52.0, 60.0, 72.0, 50.0, 51.0, 41.0, 104.0, 80.0, 104.0, 139.0, 147.0, 190.0, 188.0, 169.0, 185.0, 227.0, 203.0, 254.0, 238.0, 207.0, 235.0, 242.0, 255.0, 277.0, 301.0, 321.0, 314.0, 279.0, 233.0, 232.0, 183.0, 187.0, 176.0, 154.0, 160.0, 187.0, 224.0, 232.0, 226.0, 260.0, 218.0, 212.0, 206.0, 145.0, 147.0, 156.0, 145.0, 151.0, 148.0, 126.0, 103.0, 129.0, 134.0, 114.0, 102.0, 81.0]"
phi=0.85,C0-M15,16,134.2,125.9,False,30,"[134.2, 121.0, 108.0, 152.0, 129.0, 157.0, 126.0, 134.0, 146.0, 167.0, 186.0, 201.0, 219.0, 212.0, 181.0, 187.0, 129.0, 94.0, 71.0, 79.0, 118.0, 101.0, 112.0, 129.0, 99.0, 74.0, 69.0, 74.0, 99.0, 84.0, 83.0, 323.0, 338.0, 309.0, 305.0, 347.0, 372.0, 354.0, 347.0, 314.0, 339.0, 345.0, 380.0, 378.0, 379.0, 379.0, 397.0, 356.0, 373.0, 398.0, 333.0, 316.0, 309.0, 256.0, 218.0, 205.0, 183.0, 175.0, 184.0, 171.0, 186.0, 146.0, 120.0, 149.0, 147.0, 143.0, 130.0, 131.0, 175.0, 166.0, 165.0, 195.0, 179.0, 190.0, 144.0, 126.0, 148.0, 116.0, 130.0, 140.0, 169.0, 140.0, 121.0, 170.0, 129.0, 103.0, 94.0, 110.0, 109.0, 114.0, 115.0, 109.0, 97.0, 83.0, 84.0, 100.0, 99.0, 79.0, 96.0, 133.0, 101.0, 87.0, 77.0, 82.0, 82.0, 110.0, 90.0, 108.0, 97.0, 103.0, 107.0, 123.0, 139.0, 141.0, 116.0, 118.0, 125.0, 154.0, 155.0, 148.0, 137.0, 141.0, 152.0, 169.0, 160.0, 156.0, 110.0, 99.0, 111.0, 164.0, 184.0, 131.0, 144.0, 124.0, 159.0, 137.0, 106.0, 64.0, 113.0, 104.0, 97.0, 80.0, 81.0, 75.0, 80.0, 70.0, 79.0, 100.0, 110.0, 110.0, 107.0, 98.0, 71.0, 112.0, 104.0, 122.0, 137.0, 151.0, 139.0, 151.0, 145.0, 193.0, 206.0, 183.0, 179.0, 163.0, 165.0, 142.0, 144.0, 150.0, 143.0, 155.0, 174.0, 171.0, 179.0, 176.0, 179.0, 182.0, 189.0, 176.0, 157.0, 150.0, 165.0, 137.0, 159.0, 127.0, 165.0, 140.0, 138.0, 116.0, 112.0, 127.0, 187.0, 156.0, 149.0, 151.0, 103.0, 132.0, 101.0, 124.0, 148.0, 151.0, 155.0, 193.0, 211.0, 199.0, 178.0, 176.0, 168.0, 159.0, 160.0, 129.0, 131.0, 137.0, 125.0, 140.0, 124.0, 142.0, 127.0, 135.0, 160.0, 133.0, 143.0, 177.0, 173.0, 158.0, 138.0, 119.0, 159.0, 159.0, 148.0]"
phi=0.85,C0-M15,17,134.2,222.6,False,17,"[134.2, 174.0, 207.0, 180.0, 223.0, 224.0, 226.0, 178.0, 216.0, 198.0, 213.0, 189.0, 173.0, 214.0, 238.0, 243.0, 250.0, 263.0, 270.0, 211.0, 241.0, 231.0, 223.0, 237.0, 218.0, 201.0, 188.0, 200.0, 229.0, 220.0, 224.0, 464.0, 467.0, 485.0, 388.0, 319.0, 376.0, 364.0, 366.0, 341.0, 354.0, 365.0, 374.0, 355.0, 379.0, 382.0, 331.0, 323.0, 291.0, 260.0, 245.0, 215.0, 182.0, 153.0, 147.0, 131.0, 143.0, 110.0, 106.0, 123.0, 180.0, 228.0, 183.0, 205.0, 201.0, 196.0, 194.0, 174.0, 189.0, 196.0, 202.0, 158.0, 187.0, 232.0, 265.0, 286.0, 282.0, 254.0, 248.0, 240.0, 271.0, 279.0, 216.0, 230.0, 240.0, 271.0, 258.0, 261.0, 262.0, 284.0, 265.0, 258.0, 210.0, 198.0, 179.0, 149.0, 175.0, 203.0, 212.0, 178.0, 245.0, 256.0, 278.0, 251.0, 242.0, 249.0, 241.0, 213.0, 173.0, 174.0, 165.0, 139.0, 163.0, 124.0, 90.0, 110.0, 114.0, 131.0, 189.0, 179.0, 146.0, 151.0, 130.0, 119.0, 98.0, 92.0, 118.0, 134.0, 150.0, 125.0, 144.0, 97.0, 73.0, 71.0, 69.0, 83.0, 110.0, 125.0, 162.0, 147.0, 172.0, 188.0, 178.0, 105.0, 132.0, 139.0, 114.0, 110.0, 96.0, 81.0, 109.0, 81.0, 56.0, 92.0, 86.0, 87.0, 94.0, 81.0, 114.0, 126.0, 146.0, 143.0, 138.0, 149.0, 173.0, 175.0, 144.0, 144.0, 154.0, 134.0, 162.0, 167.0, 196.0, 191.0, 233.0, 200.0, 227.0, 184.0, 173.0, 174.0, 170.0, 178.0, 174.0, 156.0, 205.0, 228.0, 205.0, 176.0, 152.0, 153.0, 115.0, 107.0, 111.0, 120.0, 148.0, 159.0, 194.0, 168.0, 133.0, 123.0, 172.0, 149.0, 177.0, 174.0, 175.0, 190.0, 180.0, 175.0, 153.0, 141.0, 120.0, 105.0, 98.0, 101.0, 74.0, 96.0, 87.0, 110.0, 156.0, 175.0, 147.0, 137.0, 124.0, 143.0, 131.0, 141.0, 170.0, 189.0, 166.0, 182.0, 176.0]"
phi=0.85,C0-M15,18,134.2,184.35,False,22,"[134.2, 158.0, 172.0, 152.0, 170.0, 201.0, 197.0, 151.0, 172.0, 147.0, 153.0, 176.0, 167.0, 162.0, 140.0, 160.0, 144.0, 129.0, 157.0, 162.0, 197.0, 207.0, 169.0, 217.0, 217.0, 231.0, 237.0, 230.0, 202.0, 230.0, 221.0, 461.0, 471.0, 419.0, 436.0, 418.0, 379.0, 308.0, 301.0, 310.0, 327.0, 344.0, 354.0, 339.0, 300.0, 329.0, 312.0, 251.0, 266.0, 301.0, 284.0, 275.0, 259.0, 209.0, 214.0, 195.0, 187.0, 191.0, 203.0, 211.0, 195.0, 186.0, 188.0, 164.0, 153.0, 170.0, 161.0, 169.0, 147.0, 198.0, 204.0, 200.0, 232.0, 216.0, 237.0, 243.0, 248.0, 236.0, 242.0, 236.0, 228.0, 257.0, 222.0, 243.0, 234.0, 226.0, 212.0, 172.0, 193.0, 171.0, 123.0, 150.0, 144.0, 148.0, 162.0, 159.0, 167.0, 106.0, 79.0, 108.0, 126.0, 83.0, 48.0, 41.0, 35.0, 49.0, 73.0, 94.0, 131.0, 107.0, 115.0, 72.0, 109.0, 66.0, 65.0, 59.0, 67.0, 74.0, 108.0, 123.0, 118.0, 116.0, 153.0, 191.0, 201.0, 199.0, 208.0, 209.0, 191.0, 207.0, 172.0, 145.0, 123.0, 101.0, 146.0, 154.0, 130.0, 143.0, 145.0, 146.0, 128.0, 163.0, 156.0, 112.0, 141.0, 147.0, 157.0, 163.0, 122.0, 101.0, 111.0, 95.0, 81.0, 107.0, 127.0, 107.0, 132.0, 119.0, 125.0, 132.0, 126.0, 107.0, 109.0, 94.0, 108.0, 153.0, 181.0, 208.0, 195.0, 204.0, 186.0, 167.0, 187.0, 168.0, 154.0, 127.0, 106.0, 88.0, 74.0, 59.0, 47.0, 86.0, 95.0, 90.0, 51.0, 40.0, 61.0, 42.0, 52.0, 80.0, 95.0, 140.0, 112.0, 100.0, 54.0, 49.0, 62.0, 97.0, 89.0, 85.0, 78.0, 82.0, 60.0, 105.0, 86.0, 82.0, 99.0, 130.0, 119.0, 102.0, 109.0, 72.0, 100.0, 89.0, 126.0, 125.0, 105.0, 126.0, 161.0, 182.0, 165.0, 169.0, 194.0, 186.0, 154.0, 155.0, 201.0, 167.0, 171.0, 191.0, 184.0]"
phi=0.85,C0-M15,19,134.2,91.45,False,50,"[134.2, 87.0, 79.0, 109.0, 100.0, 80.0, 108.0, 130.0, 148.0, 132.0, 122.0, 122.0, 103.0, 100.0, 88.0, 74.0, 103.0, 108.0, 108.0, 128.0, 69.0, 82.0, 89.0, 65.0, 67.0, 80.0, 77.0, 83.0, 84.0, 77.0, 66.0, 306.0, 336.0, 338.0, 356.0, 339.0, 348.0, 314.0, 304.0, 267.0, 285.0, 267.0, 296.0, 316.0, 256.0, 274.0, 266.0, 273.0, 259.0, 227.0, 187.0, 139.0, 142.0, 135.0, 105.0, 130.0, 128.0, 148.0, 134.0, 118.0, 114.0, 105.0, 127.0, 148.0, 161.0, 203.0, 222.0, 191.0, 217.0, 278.0, 283.0, 223.0, 242.0, 182.0, 179.0, 214.0, 189.0, 174.0, 141.0, 130.0, 126.0, 116.0, 126.0, 122.0, 106.0, 101.0, 92.0, 105.0, 47.0, 39.0, 39.0, 41.0, 30.0, 52.0, 99.0, 122.0, 130.0, 153.0, 135.0, 163.0, 188.0, 160.0, 107.0, 79.0, 81.0, 82.0, 82.0, 96.0, 107.0, 133.0, 163.0, 214.0, 225.0, 219.0, 216.0, 218.0, 249.0, 232.0, 232.0, 277.0, 331.0, 343.0, 328.0, 297.0, 279.0, 249.0, 241.0, 227.0, 215.0, 199.0, 162.0, 167.0, 171.0, 166.0, 159.0, 110.0, 141.0, 130.0, 132.0, 130.0, 157.0, 190.0, 190.0, 195.0, 195.0, 198.0, 163.0, 200.0, 188.0, 199.0, 181.0, 172.0, 146.0, 188.0, 154.0, 183.0, 187.0, 214.0, 248.0, 222.0, 263.0, 251.0, 256.0, 267.0, 293.0, 293.0, 247.0, 263.0, 231.0, 200.0, 197.0, 215.0, 179.0, 164.0, 173.0, 162.0, 172.0, 141.0, 169.0, 159.0, 178.0, 127.0, 137.0, 118.0, 104.0, 82.0, 87.0, 98.0, 100.0, 155.0, 122.0, 108.0, 122.0, 130.0, 153.0, 146.0, 161.0, 153.0, 183.0, 178.0, 165.0, 181.0, 197.0, 149.0, 155.0, 140.0, 157.0, 152.0, 147.0, 114.0, 116.0, 118.0, 138.0, 151.0, 169.0, 170.0, 127.0, 179.0, 141.0, 135.0, 137.0, 132.0, 137.0, 154.0, 143.0, 162.0, 192.0, 213.0, 189.0, 155.0, 173.0]"
